Date,Open,High,Low,Close,Volume,Eurozone - GDP per capita,USA - GDP per capita,Eurozone - GDP Growth Rate,USA - GDP Growth Rate,China - GDP Growth Rate,Eurozone - Monthly CPI,France - Monthly CPI,USA - Monthly CPI,Brent Futures - 1 Month,Brent Futures - 2 Month,Brent Futures - 3 Month,Brent Futures - 6 Month,EUR/USD Rates,EUR/USD - 1 Month Vol,EUR/USD - 3 Month Vol,EUR/USD - 6 Month Vol,EUR/USD - 12 Month Vol,MarketValue,DividendYield,PriceToEarnings,EPS,PriceToCash,PriceToBook
2014-12-01,115.64020453559027,116.31547837890685,115.51359632487097,115.85122680664062,563831,39731.0,55817.563,0.004,0.020383,0.073,0.003,0.004,0.0132,71.63,71.97,72.47,73.94,1.247,8.387,8.4,8.25,8.325,76666.63,1.82,27.5,4.98,20.8,3.77
2014-12-02,116.27325998135345,116.94853375865226,115.72460728217217,116.5264892578125,628713,39731.0,55817.563,0.004,0.020383,0.073,0.003,0.004,0.0132,71.7,72.08,72.62,74.23,1.2383,8.838,8.688,8.575,8.625,77113.5,1.81,27.7,4.98,20.93,3.79
2014-12-03,116.23106421483227,117.15956735853597,116.18885718470442,116.3998794555664,519450,39731.0,55817.563,0.004,0.020383,0.073,0.003,0.004,0.0132,70.88,71.34,71.96,73.67,1.2311,8.955,8.913,8.85,8.85,77029.69,1.81,27.7,4.98,20.9,3.79
2014-12-04,116.2310678674338,117.20177807177025,114.28966033853857,114.45848846435547,1043572,39731.0,55817.563,0.004,0.020383,0.073,0.003,0.004,0.0132,69.18,69.63,70.28,72.1,1.2379,7.625,8.363,8.337,8.488,75744.94,1.84,27.2,4.98,20.55,3.72
2014-12-05,115.80900399245418,117.41278076171875,115.38695950787543,117.41278076171875,821623,39731.0,55817.563,0.004,0.020383,0.073,0.003,0.004,0.0132,68.66,69.06,69.76,71.64,1.22855,7.55,8.375,8.45,8.55,77700.0,1.8,27.9,4.98,21.09,3.82
2014-12-08,116.94853293007714,117.32837040218658,116.3998673550071,116.73751068115234,411071,39731.0,55817.563,0.004,0.020383,0.073,0.003,0.004,0.0132,66.5,66.96,67.67,69.69,1.2317,7.725,8.55,8.475,8.6,77253.13,1.81,27.8,4.98,20.96,3.8
2014-12-09,115.7668194855213,116.48430040077059,114.20526231671113,114.71170806884766,905292,39731.0,55817.563,0.004,0.020383,0.073,0.003,0.004,0.0132,66.84,67.22,67.88,69.82,1.2375,8.025,8.53,8.525,8.565,75912.5,1.84,27.3,4.98,20.6,3.73
2014-12-10,115.51359046266411,116.52649473634638,114.58508736525233,114.88052368164062,686640,39731.0,55817.563,0.004,0.020383,0.073,0.003,0.004,0.0132,64.1,64.4,65.04,66.95,1.2448,8.238,8.65,8.515,8.525,76024.25,1.84,27.3,4.98,20.63,3.74
2014-12-11,114.45847807386967,115.26036007959476,113.82541129885884,114.2896499633789,637379,39731.0,55817.563,0.004,0.020383,0.073,0.003,0.004,0.0132,64.33,64.59,65.23,67.18,1.2411,8.575,8.727,8.5,8.475,75633.25,1.85,27.2,4.98,20.52,3.72
2014-12-12,113.74098532049531,114.16302979292757,112.13722147716277,112.3482437133789,871690,39731.0,55817.563,0.004,0.020383,0.073,0.003,0.004,0.0132,62.04,62.38,63.09,65.21,1.2462,8.425,8.663,8.45,8.387,74348.5,1.88,26.7,4.98,20.18,3.65
2014-12-15,112.0950244109178,113.2767438867855,109.60496437834038,109.81598663330078,780081,39731.0,55817.563,0.004,0.020383,0.073,-0.002,0.001,0.0076,61.2,61.4,62.04,64.12,1.24375,8.425,8.65,8.4,8.3,72672.69,1.92,26.1,4.98,19.72,3.57
2014-12-16,110.61787716361587,111.588574459441,107.79017357699558,111.5041732788086,1420055,39731.0,55817.563,0.004,0.020383,0.073,-0.002,0.001,0.0076,60.49,60.77,61.35,63.3,1.25115,8.4,8.44,8.3,8.275,73789.88,1.89,26.5,4.98,20.02,3.63
2014-12-17,110.99771206745048,113.23454293819172,110.23803706072474,112.6858901977539,1193902,39731.0,55817.563,0.004,0.020383,0.073,-0.002,0.001,0.0076,60.52,61.12,61.74,63.62,1.2343,8.6,8.587,8.49,8.49,74571.94,1.87,26.8,4.98,20.24,3.67
2014-12-18,114.41627830622093,116.0200424194336,113.10793764555936,116.0200424194336,980446,39731.0,55817.563,0.004,0.020383,0.073,-0.002,0.001,0.0076,60.09,60.71,61.4,63.45,1.2286,8.85,9.305,9.165,9.05,76778.31,1.82,27.6,4.98,20.84,3.77
2014-12-19,116.23105743049629,117.24396169555581,114.12083484504873,116.18885040283203,1264902,39731.0,55817.563,0.004,0.020383,0.073,-0.002,0.001,0.0076,60.28,60.95,61.63,63.83,1.22285,8.25,8.9,8.85,8.738,76890.06,1.82,27.6,4.98,20.87,3.78
2014-12-22,116.06223570091053,117.70820664944101,116.0200286756096,116.77971649169922,534302,39731.0,55817.563,0.004,0.020383,0.073,-0.002,0.001,0.0076,60.14,60.91,61.7,64.02,1.22305,9.35,9.275,8.925,8.85,77281.06,1.81,27.8,4.98,20.97,3.8
2014-12-23,117.24397295661015,118.04586791992188,116.52650493651248,118.04586791992188,512034,39731.0,55817.563,0.004,0.020383,0.073,-0.002,0.001,0.0076,60.51,61.26,62.04,64.39,1.21725,9.5,9.575,9.138,9.0,78118.94,1.79,28.1,4.98,21.2,3.84
2014-12-24,117.877021870869,118.00364294677183,116.23105092233853,116.77971649169922,128252,39731.0,55817.563,0.004,0.020383,0.073,-0.002,0.001,0.0076,60.08,60.81,61.59,63.95,1.21945,9.35,9.4,9.075,8.925,77281.06,1.81,27.8,4.98,20.97,3.8
2014-12-29,116.48428600513671,118.299072265625,116.35767780269387,118.299072265625,439237,39731.0,55817.563,0.004,0.020383,0.073,-0.002,0.001,0.0076,59.17,59.94,60.8,63.28,1.2152,9.388,9.35,9.05,8.9,78286.5,1.78,28.1,4.98,21.24,3.85
2014-12-30,117.79262560830037,118.51009354920915,116.61089324951172,116.61089324951172,373973,39731.0,55817.563,0.004,0.020383,0.073,-0.002,0.001,0.0076,57.26,58.03,58.9,61.5,1.21575,9.725,9.413,9.038,8.962,77169.38,1.81,27.7,4.98,20.94,3.79
2014-12-31,116.9063377921201,117.6660128135876,116.9063377921201,117.58161163330078,124168,39731.0,55817.563,0.004,0.020383,0.073,-0.002,0.001,0.0076,56.21,57.05,57.95,60.64,1.20985,9.5,9.325,9.05,8.887,77811.75,1.79,28.0,4.98,21.12,3.82
2015-01-02,117.41279837554244,118.17247340983755,115.38697681779303,115.97783660888672,494248,39731.0,55817.563,0.004,0.020383,0.073,-0.002,0.001,0.0076,55.92,56.73,57.66,60.5,1.20025,9.5025,9.325,9.087,8.913,76750.44,1.82,27.6,4.98,17.41,3.26
2015-01-05,114.79612823707575,117.49721103140413,113.10794988064816,113.23455810546875,888302,39731.0,55817.563,0.004,0.020383,0.073,-0.002,0.001,0.0076,52.71,53.71,54.77,57.81,1.19335,9.725,9.3,9.137,9.0,74935.0,1.86,26.9,4.98,16.99,3.18
2015-01-06,113.48778743488863,114.5851059425223,113.06574284578173,113.23455810546875,760714,39731.0,55817.563,0.004,0.020383,0.073,-0.002,0.001,0.0076,51.48,52.5,53.58,56.82,1.1889,9.75,9.25,9.025,8.95,74935.0,1.86,26.9,4.98,16.99,3.18
2015-01-07,113.95201353813216,114.71168847647604,112.60146600354767,113.86759948730469,653133,39731.0,55817.563,0.004,0.020383,0.073,-0.002,0.001,0.0076,50.53,51.53,52.61,55.64,1.18395,10.1875,9.602,9.362,9.35,75353.94,1.85,27.1,4.98,17.09,3.2
2015-01-08,115.17592860581644,118.13023977574096,114.79609117420964,118.00363159179688,872938,39731.0,55817.563,0.004,0.020383,0.073,-0.002,0.001,0.0076,50.89,51.87,52.96,55.9,1.17925,10.025,9.637,9.387,9.4,78091.0,1.79,28.1,4.98,17.71,3.32
2015-01-09,117.58161677088117,118.42570588929412,115.72462328632821,116.31548309326172,732982,39731.0,55817.563,0.004,0.020383,0.073,-0.002,0.001,0.0076,49.05,50.23,51.45,54.8,1.18415,9.575,9.3,9.05,9.002,76973.88,1.81,27.7,4.98,17.46,3.27
2015-01-12,116.65310626437441,119.4808097854249,116.65310626437441,118.93214416503906,854154,39731.0,55817.563,0.004,0.020383,0.073,-0.002,0.001,0.0076,47.82,49.03,50.29,53.8,1.1834,9.638,9.238,9.063,8.95,78705.5,1.77,28.3,4.98,17.85,3.34
2015-01-13,118.51007129714063,121.63321039626949,118.25685494188059,120.40927124023438,727470,39731.0,55817.563,0.004,0.020383,0.073,-0.002,0.001,0.0076,45.94,47.19,48.51,52.12,1.17725,9.9375,9.325,9.15,9.075,79683.0,1.75,28.6,4.98,18.07,3.38
2015-01-14,118.59450718100567,120.87354495657151,118.46789898005389,119.52301025390625,820209,39731.0,55817.563,0.004,0.020383,0.073,-0.002,0.001,0.0076,46.22,47.33,48.62,52.18,1.17895,10.125,9.4,9.175,9.087,79096.5,1.77,28.4,4.98,17.94,3.36
2015-01-15,120.40929370623914,123.57462753531773,116.52649193710187,123.3214111328125,1360985,39731.0,55817.563,0.004,0.020383,0.073,-0.006,-0.004,-0.0009,48.22,49.17,50.42,53.87,1.16305,12.85,11.825,11.225,10.525,81610.19,1.71,29.3,4.98,18.51,3.46
2015-01-16,122.39289531398562,125.64264285871523,122.35068829137063,123.78563690185547,1278931,39731.0,55817.563,0.004,0.020383,0.073,-0.006,-0.004,-0.0009,49.19,50.48,51.75,54.98,1.15695,12.975,11.887,11.14,10.6,81917.38,1.7,29.4,4.98,18.58,3.48
2015-01-19,123.74344033735696,125.00957371237858,123.1947748136494,123.87004852294922,617314,39731.0,55817.563,0.004,0.020383,0.073,-0.006,-0.004,-0.0009,48.91,50.19,51.47,54.62,1.16055,12.25,11.1,10.45,9.9,81973.25,1.7,29.5,4.98,18.59,3.48
2015-01-20,124.20769640648689,125.51603698730469,122.89936870544562,125.51603698730469,792656,39731.0,55817.563,0.004,0.020383,0.073,-0.006,-0.004,-0.0009,48.75,49.94,51.15,54.25,1.15505,12.563,11.05,10.325,9.8375,83062.5,1.68,29.8,4.98,18.84,3.53
2015-01-21,125.64266749274161,126.44454956054688,123.61684592800582,126.44454956054688,1071786,39731.0,55817.563,0.004,0.020383,0.073,-0.006,-0.004,-0.0009,48.64,49.77,50.9,53.96,1.16105,12.825,11.0625,10.25,9.737,83676.94,1.67,30.1,4.98,18.98,3.55
2015-01-22,125.98028234396124,127.11980763767627,124.5031266045848,126.82437133789062,1212603,39731.0,55817.563,0.004,0.020383,0.073,-0.006,-0.004,-0.0009,48.45,49.64,50.83,53.97,1.13665,11.575,10.825,10.225,9.777,83928.31,1.66,30.2,4.98,19.03,3.56
2015-01-23,127.37302358206205,131.50906736557013,127.07760016309595,131.3824462890625,1162617,39731.0,55817.563,0.004,0.020383,0.073,-0.006,-0.004,-0.0009,48.96,50.15,51.35,54.52,1.1208,12.85,11.688,10.915,10.4,86944.69,1.61,31.2,4.98,19.72,3.69
2015-01-26,130.8337988394279,133.9147186279297,130.6227765832353,133.9147186279297,893390,39731.0,55817.563,0.004,0.020383,0.073,-0.006,-0.004,-0.0009,48.33,49.55,50.82,54.08,1.12385,13.0,11.688,11.013,10.475,88620.5,1.58,31.8,4.98,20.1,3.76
2015-01-27,133.53487043392252,134.5477746064621,131.04481058649492,131.9311065673828,957886,39731.0,55817.563,0.004,0.020383,0.073,-0.006,-0.004,-0.0009,48.69,49.84,51.04,54.3,1.13815,12.5,11.715,11.1,10.587,87307.81,1.6,31.4,4.98,19.8,3.71
2015-01-28,132.09989773695636,132.56414915479803,130.4117201300943,132.52194213867188,855806,39731.0,55817.563,0.004,0.020383,0.073,-0.006,-0.004,-0.0009,49.23,50.28,51.43,54.69,1.1288,12.013,11.477,10.925,10.525,87698.81,1.59,31.5,4.98,19.89,3.72
2015-01-29,131.5934826120545,135.2230682373047,131.5934826120545,135.2230682373047,886730,39731.0,55817.563,0.004,0.020383,0.073,-0.006,-0.004,-0.0009,48.55,49.59,50.75,54.07,1.132,11.713,11.475,11.0,10.6,89486.31,1.56,32.2,4.98,20.29,3.8
2015-01-30,134.7166013512101,134.9276235883644,132.56417195628129,134.25234985351562,1065091,39731.0,55817.563,0.004,0.020383,0.073,-0.006,-0.004,-0.0009,49.37,50.31,51.34,54.4,1.12885,11.7,11.538,11.125,10.6,88843.94,1.57,31.9,4.98,20.15,3.77
2015-02-02,134.21014168613203,135.51848212129147,132.39535561398432,133.11282348632812,860515,39731.0,55817.563,0.004,0.020383,0.073,-0.006,-0.004,-0.0009,53.74,54.71,55.73,58.6,1.1342,11.425,11.275,10.95,10.563,88089.81,1.59,31.7,4.98,19.98,3.74
2015-02-03,133.6192718646317,134.21013150284034,131.34023447167039,131.4668426513672,1014191,39731.0,55817.563,0.004,0.020383,0.073,-0.006,-0.004,-0.0009,56.32,57.38,58.47,61.54,1.1481,11.0,10.988,10.5,10.275,87000.56,1.61,31.3,4.98,19.73,3.69
2015-02-04,131.17142305241853,133.3238525390625,130.74937856012662,133.3238525390625,740077,39731.0,55817.563,0.004,0.020383,0.073,-0.006,-0.004,-0.0009,56.1,57.15,58.23,61.25,1.13465,11.15,11.102,10.777,10.488,88646.31,1.58,31.7,4.98,20.01,3.75
2015-02-05,132.22653307888916,133.7881028380575,132.18433893386486,133.36605834960938,620831,39731.0,55817.563,0.004,0.020383,0.073,-0.006,-0.004,-0.0009,57.12,58.05,59.02,61.85,1.1477,12.475,11.505,11.075,10.725,88674.38,1.58,31.7,4.98,20.02,3.75
2015-02-06,132.9862353534209,133.70370333397005,132.0999392553053,133.0284423828125,603523,39731.0,55817.563,0.004,0.020383,0.073,-0.006,-0.004,-0.0009,57.81,58.66,59.65,62.5,1.13155,12.1025,11.075,10.85,10.575,88449.88,1.59,31.6,4.98,19.97,3.74
2015-02-09,132.01553394126373,132.5641996001443,130.87602135087096,131.6356964111328,1126302,39731.0,55817.563,0.004,0.020383,0.073,-0.006,-0.004,-0.0009,58.37,59.41,60.52,63.52,1.13245,12.575,11.65,11.275,10.8,87523.81,1.6,31.3,4.98,19.76,3.7
2015-02-10,131.21361424898322,133.7458808972612,130.96038500820057,132.9862060546875,698965,39731.0,55817.563,0.004,0.020383,0.073,-0.006,-0.004,-0.0009,57.05,58.1,59.24,62.34,1.13205,12.475,11.625,11.15,10.85,88421.81,1.59,31.6,4.98,19.96,3.74
2015-02-11,132.18436988245222,134.1257646800357,132.14216284777027,133.70372009277344,636353,39731.0,55817.563,0.004,0.020383,0.073,-0.006,-0.004,-0.0009,55.1,56.38,57.56,60.81,1.13335,12.275,11.4,11.18,10.88,88898.88,1.58,31.8,4.98,20.07,3.76
2015-02-12,133.95692049829182,134.37896499442996,132.18434134237717,133.28164672851562,880975,39731.0,55817.563,0.004,0.020383,0.073,-0.006,-0.004,-0.0009,56.73,58.12,59.11,62.06,1.1403,11.675,11.025,10.85,10.6625,88618.25,1.71,18.6,8.51,20.0,3.74
2015-02-13,136.2781682819974,137.3332795459952,128.34373672864461,131.7200927734375,1788034,39731.0,55817.563,0.004,0.020383,0.073,-0.006,-0.004,-0.0009,61.34,62.15,62.99,65.35,1.13855,10.85,10.5,10.453,10.325,87579.94,1.73,18.3,8.51,19.77,3.7
2015-02-16,131.21362509299973,131.29803914016168,130.116306878771,130.4117431640625,812377,39731.0,55817.563,0.008,0.036509,0.071,-0.003,-0.003,-0.0003,61.75,62.46,63.2,65.42,1.13525,10.65,10.55,10.4,10.362,86710.06,1.75,18.2,8.51,19.57,3.66
2015-02-17,130.41172716537838,131.29802303274832,129.23000792873427,131.17140197753906,772836,39731.0,55817.563,0.008,0.036509,0.071,-0.003,-0.003,-0.0003,61.0,61.7,62.5,64.86,1.1412,10.9,10.35,10.275,10.2,87215.13,1.74,18.3,8.51,19.69,3.69
2015-02-18,130.83381602935577,131.50908991385,130.36956442877985,131.21365356445312,872706,39731.0,55817.563,0.008,0.036509,0.071,-0.003,-0.003,-0.0003,61.28,62.0,62.82,65.22,1.13975,10.725,10.202,10.175,10.175,87243.19,1.74,18.3,8.51,19.69,3.69
2015-02-19,130.6649620066146,132.64856315899584,130.32731872466564,132.6063690185547,860374,39731.0,55817.563,0.008,0.036509,0.071,-0.003,-0.003,-0.0003,59.25,59.98,60.84,63.19,1.13665,11.15,10.275,10.075,10.0625,88169.25,1.72,18.5,8.51,19.9,3.73
2015-02-20,132.31096152248628,133.36607285839128,131.5090794831539,133.0284423828125,1086755,39731.0,55817.563,0.008,0.036509,0.071,-0.003,-0.003,-0.0003,60.61,61.2,61.97,64.16,1.13805,11.2025,10.225,10.15,10.025,88449.88,1.71,18.5,8.51,19.97,3.74
2015-02-23,133.3660786786417,134.21016778420275,132.69080481823738,133.9991455078125,560015,39731.0,55817.563,0.008,0.036509,0.071,-0.003,-0.003,-0.0003,59.42,60.02,60.82,63.25,1.13325,10.3,9.913,9.9125,9.925,89095.25,1.7,18.7,8.51,20.11,3.76
2015-02-24,134.21016486292714,134.8854387086332,132.90182420182992,134.46339416503906,706853,39731.0,55817.563,0.008,0.036509,0.071,-0.003,-0.003,-0.0003,59.8,60.49,61.35,63.79,1.1341,9.6,9.525,9.625,9.775,89403.94,1.69,18.7,8.51,20.18,3.78
2015-02-25,134.21015884165263,134.88543265706284,133.83032134541463,134.58999633789062,557318,39731.0,55817.563,0.008,0.036509,0.071,-0.003,-0.003,-0.0003,59.26,60.04,60.95,63.46,1.13615,8.3875,8.455,8.713,8.99,89488.13,1.69,18.7,8.51,20.2,3.78
2015-02-26,134.71658894751076,136.23593861131107,133.7458790181116,136.06712341308594,645209,39731.0,55817.563,0.008,0.036509,0.071,-0.003,-0.003,-0.0003,60.98,61.64,62.5,64.87,1.1198,9.175,9.137,9.225,9.337,90470.31,1.67,19.0,8.51,20.42,3.82
2015-02-27,135.89833414462754,136.9534454345703,134.54778654159023,136.9534454345703,732689,39731.0,55817.563,0.008,0.036509,0.071,-0.003,-0.003,-0.0003,61.66,62.24,63.05,65.4,1.11955,9.3,9.25,9.375,9.4375,91059.56,1.66,19.1,8.51,20.55,3.85
2015-03-02,137.459910063584,137.50210421322004,135.68731786645048,136.82684326171875,615748,39731.0,55817.563,0.008,0.036509,0.071,-0.003,-0.003,-0.0003,60.94,61.58,62.51,65.03,1.11845,9.5,9.275,9.475,9.5,90975.38,1.67,19.1,8.51,20.54,3.84
2015-03-03,136.32037275581678,137.9663437208761,135.5184907861495,135.9827423095703,545506,39731.0,55817.563,0.008,0.036509,0.071,-0.003,-0.003,-0.0003,61.42,62.15,63.06,65.52,1.1176,9.462,9.4,9.525,9.563,90414.19,1.68,18.9,8.51,20.41,3.82
2015-03-04,136.40478820753472,137.83973693847656,135.05424064913296,137.83973693847656,684737,39731.0,55817.563,0.008,0.036509,0.071,-0.003,-0.003,-0.0003,59.67,60.42,61.33,63.85,1.1079,10.177,9.938,9.9375,9.825,91648.88,1.65,19.2,8.51,20.69,3.87
2015-03-05,138.1351566366365,139.19026786325236,137.96634141633314,139.06365966796875,775649,39731.0,55817.563,0.008,0.036509,0.071,-0.003,-0.003,-0.0003,60.87,61.42,62.2,64.53,1.10305,9.715,9.95,9.85,9.78,92462.69,1.64,19.4,8.51,20.87,3.91
2015-03-06,138.72603194121987,139.9921654379279,138.5994108636835,139.78114318847656,659532,39731.0,55817.563,0.008,0.036509,0.071,-0.003,-0.003,-0.0003,60.14,60.64,61.45,63.84,1.08445,9.963,10.113,10.1,10.05,92939.75,1.63,19.5,8.51,20.98,3.93
2015-03-09,138.9791971743691,139.65447069998032,137.79747816437785,139.52786254882812,618031,39731.0,55817.563,0.008,0.036509,0.071,-0.003,-0.003,-0.0003,59.27,59.78,60.62,63.04,1.0852,10.075,10.05,10.0375,9.975,92771.31,1.63,19.4,8.51,20.94,3.92
2015-03-10,139.02146667874257,139.78115456647052,138.34619284957674,139.1058807373047,625121,39731.0,55817.563,0.008,0.036509,0.071,-0.003,-0.003,-0.0003,56.48,56.95,57.86,60.4,1.0698,11.505,11.1,10.8,10.575,92490.75,1.64,19.4,8.51,20.88,3.91
2015-03-11,140.0343419602812,143.49511156764592,139.6545045350276,143.24188232421875,1006589,39731.0,55817.563,0.008,0.036509,0.071,-0.003,-0.003,-0.0003,57.01,57.29,58.16,60.71,1.0547,12.925,12.05,11.45,11.013,95240.75,1.59,20.0,8.51,21.5,4.02
2015-03-12,142.90427482018688,143.7483638470282,142.22900102275858,142.69325256347656,573673,39731.0,55817.563,0.008,0.036509,0.071,-0.003,-0.003,-0.0003,57.15,57.44,58.3,60.76,1.06355,12.363,11.6,11.088,10.6625,94875.94,1.6,19.9,8.51,21.42,4.01
2015-03-13,142.86206747663073,144.9722900390625,142.60883819318366,144.9722900390625,644393,39731.0,55817.563,0.008,0.036509,0.071,-0.003,-0.003,-0.0003,55.44,55.54,56.42,58.97,1.0495,13.175,11.9,11.4525,11.053,96391.25,1.57,20.2,8.51,21.76,4.07
2015-03-16,145.01449090597538,146.53385366233823,144.80346865869654,146.28062438964844,642940,39731.0,55817.563,0.008,0.036509,0.071,-0.001,0.0,-0.0007000000000000001,53.31,54.32,55.31,57.93,1.05685,12.875,11.6625,11.2,10.825,97261.19,1.56,20.4,8.51,21.95,4.11
2015-03-17,146.19620638011375,147.08250237064084,144.76125771342845,145.6053466796875,690887,39731.0,55817.563,0.008,0.036509,0.071,-0.001,0.0,-0.0007000000000000001,52.98,54.03,54.97,57.52,1.05975,12.825,11.5875,11.175,10.8,96812.19,1.57,20.3,8.51,21.85,4.09
2015-03-18,144.50804986072458,145.43655301310486,143.2841232542432,144.29702758789062,975649,39731.0,55817.563,0.008,0.036509,0.071,-0.001,0.0,-0.0007000000000000001,54.0,55.07,55.96,58.42,1.08665,12.04,11.2275,10.825,10.505,95942.31,1.58,20.1,8.51,21.66,4.05
2015-03-19,144.29700593956954,145.18330192846,142.60882801016882,143.70614624023438,710309,39731.0,55817.563,0.008,0.036509,0.071,-0.001,0.0,-0.0007000000000000001,54.4,55.45,56.34,58.67,1.066,12.5125,12.0,11.3,10.75,95549.44,1.59,20.0,8.51,21.57,4.04
2015-03-20,143.57955261224006,145.68977523805324,143.57955261224006,145.26773071289062,1051530,39731.0,55817.563,0.008,0.036509,0.071,-0.001,0.0,-0.0007000000000000001,55.22,56.31,57.18,59.49,1.0822,12.1,11.7,11.225,10.7,96587.69,1.57,20.2,8.51,21.8,4.08
2015-03-23,145.56316928553468,145.6475833512537,142.94650068536086,144.46585083007812,549612,39731.0,55817.563,0.008,0.036509,0.071,-0.001,0.0,-0.0007000000000000001,55.47,56.52,57.38,59.77,1.09465,13.0,11.9625,11.2875,10.8,96054.5,1.58,20.1,8.51,21.68,4.06
2015-03-24,144.46582711535524,146.11181096823339,144.17040369339003,144.67684936523438,707685,39731.0,55817.563,0.008,0.036509,0.071,-0.001,0.0,-0.0007000000000000001,55.27,56.37,57.23,59.63,1.09265,12.275,11.3875,10.855,10.45,96194.81,1.58,20.2,8.51,21.71,4.06
2015-03-25,144.1282037925791,144.4236401089255,142.1023952455018,142.6088409423828,562794,39731.0,55817.563,0.008,0.036509,0.071,-0.001,0.0,-0.0007000000000000001,55.81,56.85,57.65,59.89,1.09715,11.475,11.04,10.65,10.337,94819.81,1.6,19.9,8.51,21.4,4.01
2015-03-26,141.3849283252242,142.65106201171875,139.61233601222068,142.65106201171875,753317,39731.0,55817.563,0.008,0.036509,0.071,-0.001,0.0,-0.0007000000000000001,58.61,59.47,60.22,62.39,1.0884,11.95,11.55,11.0,10.55,94847.88,1.6,19.9,8.51,21.41,4.01
2015-03-27,143.36851174585215,145.47873409783836,142.90426025246018,145.30990600585938,822331,39731.0,55817.563,0.008,0.036509,0.071,-0.001,0.0,-0.0007000000000000001,57.77,58.66,59.42,61.6,1.08885,12.05,11.612,11.075,10.675,96615.75,1.57,20.2,8.51,21.81,4.08
2015-03-30,145.18331619685722,147.08251655408353,144.42364120587737,145.64756774902344,586466,39731.0,55817.563,0.008,0.036509,0.071,-0.001,0.0,-0.0007000000000000001,55.38,56.33,57.16,59.51,1.0834,12.862,11.962,11.4,10.875,96840.25,1.56,20.3,8.51,21.86,4.09
2015-03-31,145.1833421582294,146.7449123275406,144.4658611875126,144.6346893310547,825185,39731.0,55817.563,0.008,0.036509,0.071,-0.001,0.0,-0.0007000000000000001,55.23,56.29,57.16,59.6,1.0731,12.713,12.015,11.388,10.825,96166.81,1.58,20.1,8.51,21.71,4.06
2015-04-01,143.83278032884806,146.23843946327187,142.94649706016563,144.59246826171875,650002,39731.0,55817.563,0.008,0.036509,0.071,-0.001,0.0,-0.0007000000000000001,56.55,57.55,58.38,60.68,1.0764,12.325,11.737,11.2,10.675,96138.69,1.58,20.1,8.51,21.7,4.06
2015-04-02,145.0144797830611,146.19619912527193,144.6768364854474,145.77415466308594,358262,39731.0,55817.563,0.008,0.036509,0.071,-0.001,0.0,-0.0007000000000000001,55.14,56.22,57.07,59.43,1.08835,12.225,11.6,11.1,10.625,96924.44,1.56,20.3,8.51,21.88,4.1
2015-04-07,147.3779549246624,148.30644516214576,145.4787545409929,147.84219360351562,462511,39731.0,55817.563,0.008,0.036509,0.071,-0.001,0.0,-0.0007000000000000001,58.41,59.45,60.19,62.23,1.08155,11.3,10.9,10.575,10.325,98299.44,1.54,20.6,8.51,22.19,4.15
2015-04-08,146.74488106126813,147.58897008001622,145.64756276094033,146.9136962890625,602539,39731.0,55817.563,0.008,0.036509,0.071,-0.001,0.0,-0.0007000000000000001,57.05,58.17,58.95,60.94,1.07805,10.655,10.7,10.5,10.2,97682.13,1.55,20.5,8.51,22.05,4.13
2015-04-09,147.5467437035478,148.51744079589844,147.1246992495215,148.51744079589844,579083,39731.0,55817.563,0.008,0.036509,0.071,-0.001,0.0,-0.0007000000000000001,56.65,57.77,58.6,60.75,1.06595,11.1,11.1875,10.9,10.5625,98748.44,1.53,20.7,8.51,22.29,4.17
2015-04-10,148.64408240103435,151.0497283935547,148.3486460904799,151.0497283935547,579074,39731.0,55817.563,0.008,0.036509,0.071,-0.001,0.0,-0.0007000000000000001,57.53,58.65,59.43,61.46,1.0604,11.587,11.463,11.025,10.737,100432.1,1.51,21.0,8.51,22.67,4.24
2015-04-13,150.37446424962513,151.00753105878118,149.53037517075037,150.7965087890625,610608,39731.0,55817.563,0.008,0.036509,0.071,-0.001,0.0,-0.0007000000000000001,57.99,59.09,59.9,61.85,1.05675,12.175,11.6,11.175,10.7,100263.8,1.51,21.0,8.51,22.63,4.24
2015-04-14,150.5010770317982,150.66989226229924,148.77069193966523,149.91021728515625,621440,39731.0,55817.563,0.008,0.036509,0.071,-0.001,0.0,-0.0007000000000000001,58.33,59.56,60.41,62.36,1.06535,11.925,11.3375,11.05,10.675,99674.5,1.52,20.9,8.51,22.5,4.21
2015-04-15,150.5010600845384,151.1341267874629,149.6991781701224,150.33224487304688,547329,39731.0,55817.563,0.008,0.036509,0.071,0.002,0.001,-0.002,59.77,61.27,62.05,63.84,1.06865,11.675,11.338,11.025,10.625,99955.06,1.52,20.9,8.51,22.56,4.22
2015-04-16,149.82580907861671,151.09194267646416,148.3908602436783,150.88092041015625,681541,39731.0,55817.563,0.008,0.036509,0.071,0.002,0.001,-0.002,62.74,63.59,64.28,65.87,1.07615,12.075,11.7,11.0625,10.65,100319.9,1.51,21.0,8.51,22.64,4.24
2015-04-17,150.62769841358082,151.3029722744432,148.3486604029757,148.8129119873047,871584,39731.0,55817.563,0.008,0.036509,0.071,0.002,0.001,-0.002,64.11,64.85,65.5,66.89,1.0807,11.95,11.55,11.025,10.6,98944.88,1.53,20.7,8.51,22.33,4.18
2015-04-20,147.84218574501614,149.57257080078125,147.75778457142772,149.57257080078125,710302,39731.0,55817.563,0.008,0.036509,0.071,0.002,0.001,-0.002,63.69,64.46,65.13,66.61,1.07375,12.5,11.8,11.2,10.675,99450.0,1.52,20.8,8.51,22.45,4.2
2015-04-21,150.62766467588182,153.0333232414523,149.91019682423385,150.3744354248047,795543,39731.0,55817.563,0.008,0.036509,0.071,0.002,0.001,-0.002,62.88,63.67,64.38,66.1,1.07355,12.552,11.9,11.3,10.825,99983.13,1.52,20.9,8.51,22.57,4.22
2015-04-22,150.33226348018502,151.1341454938527,147.9266045594053,149.48817443847656,594842,39731.0,55817.563,0.008,0.036509,0.071,0.002,0.001,-0.002,62.91,63.66,64.32,66.03,1.07265,12.325,11.8,11.275,10.763,99393.88,1.52,20.8,8.51,22.44,4.2
2015-04-23,149.99462940821024,150.5432950471049,146.11182730418497,147.71559143066406,842944,39731.0,55817.563,0.008,0.036509,0.071,0.002,0.001,-0.002,64.96,65.62,66.21,67.71,1.08265,11.9,11.65,11.15,10.675,98215.25,1.54,20.6,8.51,22.17,4.15
2015-04-24,148.0531965283886,149.10830771482176,146.8714771514936,148.3486328125,509431,39731.0,55817.563,0.008,0.036509,0.071,0.002,0.001,-0.002,64.99,65.67,66.28,67.73,1.0874,11.925,11.65,11.075,10.65,98636.19,1.54,20.7,8.51,22.26,4.17
2015-04-27,148.1376292974879,151.55619254953916,146.32284297937244,151.30296325683594,709393,39731.0,55817.563,0.008,0.036509,0.071,0.002,0.001,-0.002,65.05,65.82,66.48,67.98,1.08885,11.925,11.405,10.963,10.575,100600.5,1.51,21.1,8.51,22.71,4.25
2015-04-28,150.6276840670971,150.88091335077397,145.56314991266552,146.87149047851562,752047,39731.0,55817.563,0.008,0.036509,0.071,0.002,0.001,-0.002,64.95,65.67,66.3,67.8,1.09815,11.15,10.863,10.475,10.075,97654.06,1.55,20.5,8.51,22.04,4.13
2015-04-29,146.91370719176626,148.47526426447016,142.8198699951172,142.8198699951172,820080,39731.0,55817.563,0.008,0.036509,0.071,0.002,0.001,-0.002,65.86,66.56,67.18,68.67,1.11315,11.163,10.85,10.3,9.9125,94960.13,1.6,19.9,8.51,21.44,4.01
2015-04-30,142.65104299129206,145.18331002664044,141.17388722067219,143.87496948242188,900945,39731.0,55817.563,0.008,0.036509,0.071,0.002,0.001,-0.002,66.31,66.99,67.55,68.96,1.12245,12.05,11.05,10.35,9.9,95661.69,1.58,20.0,8.51,21.59,4.04
2015-05-04,145.56315756800095,147.12472749965266,144.04379466581113,146.32284545898438,567817,39731.0,55817.563,0.008,0.036509,0.071,0.002,0.001,-0.002,66.31,66.31,66.99,68.54,1.1146,12.95,11.5875,10.875,10.275,97289.25,1.56,20.4,8.51,21.96,4.11
2015-05-05,145.76549648137077,148.03771810486282,142.67869249893008,142.93592834472656,1111922,39731.0,55817.563,0.008,0.036509,0.071,0.002,0.001,-0.002,67.94,68.67,69.25,70.66,1.1186,12.55,11.4625,10.763,10.25,93557.06,1.62,19.6,8.51,21.12,3.95
2015-05-06,142.42146519436076,144.56507536836645,141.77838214215907,143.83624267578125,830548,39731.0,55817.563,0.008,0.036509,0.071,0.002,0.001,-0.002,68.24,68.95,69.5,70.85,1.13535,12.8,11.5,10.675,10.1375,94146.38,1.61,19.7,8.51,21.25,3.98
2015-05-07,143.3217743386246,145.4225228249241,141.6926358018602,144.56507873535156,964900,39731.0,55817.563,0.008,0.036509,0.071,0.002,0.001,-0.002,66.38,67.06,67.59,68.94,1.12665,12.85,11.45,10.725,10.125,94623.38,1.6,19.8,8.51,21.36,4.0
2015-05-08,145.80838880158277,148.80944350106554,144.77945837847213,148.72369384765625,662614,39731.0,55817.563,0.008,0.036509,0.071,0.002,0.001,-0.002,65.27,66.02,66.56,67.97,1.12045,11.325,10.6625,10.35,9.95,97345.31,1.56,20.4,8.51,21.97,4.11
2015-05-11,146.9658783549716,147.65183608761453,145.37961499951257,145.89407348632812,628496,39731.0,55817.563,0.008,0.036509,0.071,0.002,0.001,-0.002,64.35,65.08,65.64,67.17,1.1155,11.325,10.85,10.4,10.05,95493.31,1.59,20.0,8.51,21.56,4.03
2015-05-12,144.9937555780482,144.9937555780482,142.29279968778798,144.26492309570312,582948,39731.0,55817.563,0.008,0.036509,0.071,0.002,0.001,-0.002,66.43,67.01,67.48,68.84,1.12135,11.325,10.737,10.315,9.99,94427.0,1.6,19.8,8.51,21.31,3.99
2015-05-13,144.35068625727095,145.93694962717984,142.0355772530674,142.550048828125,530918,39731.0,55817.563,0.008,0.036509,0.071,0.002,0.001,-0.002,67.43,67.9,68.37,69.66,1.13575,10.675,10.1,9.652,9.2875,93304.5,1.62,19.5,8.51,21.06,3.94
2015-05-14,142.0355759592116,146.02269792069865,141.39249303802552,145.89407348632812,513972,39731.0,55817.563,0.008,0.036509,0.071,0.002,0.001,-0.002,67.01,67.19,67.71,69.13,1.141,11.087,10.3125,9.763,9.3125,95493.31,1.59,20.0,8.51,21.56,4.03
2015-05-15,146.19420764929285,147.05165168242655,143.66475036826003,144.39356994628906,662580,39731.0,55817.563,0.005,0.025007,0.071,0.006,0.003,-0.0004,67.01,66.34,66.85,68.25,1.14525,11.025,10.077,9.775,9.375,94511.13,1.6,19.8,8.51,21.33,3.99
2015-05-18,144.0506074175147,145.59400939941406,142.4643306143151,145.59400939941406,519835,39731.0,55817.563,0.005,0.025007,0.071,0.006,0.003,-0.0004,66.34,66.85,67.3,68.54,1.13155,11.9,10.488,9.95,9.45,95296.88,1.59,20.0,8.51,21.51,4.03
2015-05-19,145.76549144604348,150.0527117826918,145.59400524928918,149.8812255859375,830429,39731.0,55817.563,0.005,0.025007,0.071,0.006,0.003,-0.0004,64.66,65.18,65.62,66.91,1.11495,13.0,11.165,10.565,10.065,98103.0,1.54,20.6,8.51,22.14,4.15
2015-05-20,149.19527500697544,150.05271911621094,148.1663446926046,150.05271911621094,527595,39731.0,55817.563,0.005,0.025007,0.071,0.006,0.003,-0.0004,64.7,65.17,65.58,66.77,1.1093,12.6525,11.3,10.75,10.25,98215.25,1.54,20.6,8.51,22.17,4.15
2015-05-21,149.32388166012265,150.00983954249517,148.380701019974,149.9669647216797,437881,39731.0,55817.563,0.005,0.025007,0.071,0.006,0.003,-0.0004,65.25,65.72,66.11,67.24,1.11125,11.975,10.925,10.525,10.175,98159.13,1.54,20.6,8.51,22.16,4.15
2015-05-22,150.0527117826918,150.0527117826918,148.72367086161918,149.8812255859375,451300,39731.0,55817.563,0.005,0.025007,0.071,0.006,0.003,-0.0004,65.57,66.16,66.61,67.68,1.10175,12.6,11.45,11.1275,10.6,98103.0,1.54,20.6,8.51,22.14,4.15
2015-05-25,149.62399610173847,149.88123194957066,148.55219097206984,149.36676025390625,193783,39731.0,55817.563,0.005,0.025007,0.071,0.006,0.003,-0.0004,65.57,66.16,66.61,67.68,1.09775,13.325,11.8,11.25,10.725,97766.31,1.55,20.5,8.51,22.07,4.13
2015-05-26,149.79547554326834,150.8672806245504,148.20921187310577,148.852294921875,802118,39731.0,55817.563,0.005,0.025007,0.071,0.006,0.003,-0.0004,63.76,64.37,64.84,66.03,1.08735,13.3275,11.9125,11.5,11.013,97166.44,1.56,20.4,8.51,21.99,4.12
2015-05-27,149.8383533090487,152.62504657516834,148.89515958555407,152.32493591308594,689281,39731.0,55817.563,0.005,0.025007,0.071,0.006,0.003,-0.0004,63.12,63.7,64.18,65.39,1.0905,12.5875,11.575,11.202,10.775,99433.25,1.52,20.9,8.51,22.51,4.21
2015-05-28,151.76758919086402,152.11056156013234,150.13845081150362,151.3388671875,437271,39731.0,55817.563,0.005,0.025007,0.071,0.006,0.003,-0.0004,62.1,62.7,63.16,64.47,1.09485,12.1875,11.5,11.175,10.7525,98789.56,1.53,20.8,8.51,22.36,4.19
2015-05-29,151.5532496917405,151.76761072383633,147.22315422669323,147.43751525878906,952178,39731.0,55817.563,0.005,0.025007,0.071,0.006,0.003,-0.0004,64.84,65.35,65.78,66.89,1.0988,11.8,11.113,10.925,10.625,96242.88,1.57,20.2,8.51,21.78,4.08
2015-06-01,148.4235728893622,149.96696173956184,147.65186538070424,148.852294921875,468356,39731.0,55817.563,0.005,0.025007,0.071,0.006,0.003,-0.0004,64.84,65.35,65.78,66.89,1.09275,13.0,11.6,11.15,10.725,97166.44,1.56,20.4,8.51,21.99,4.12
2015-06-02,150.2242106584441,150.2242106584441,145.46539306640625,145.46539306640625,759698,39731.0,55817.563,0.005,0.025007,0.071,0.006,0.003,-0.0004,65.35,66.04,66.56,67.75,1.11545,13.1,11.3,10.775,10.275,94955.5,1.59,19.9,8.51,21.49,4.02
2015-06-03,145.76550941137577,148.38071675576242,144.99381488909242,146.2371063232422,515293,39731.0,55817.563,0.005,0.025007,0.071,0.006,0.003,-0.0004,64.26,64.98,65.55,66.85,1.12745,12.8,11.25,10.7,10.15,95459.31,1.58,20.1,8.51,21.61,4.04
2015-06-04,145.1652642600649,147.30887414847828,142.59293239396888,145.76547241210938,550210,39731.0,55817.563,0.005,0.025007,0.071,0.006,0.003,-0.0004,62.08,62.77,63.38,64.84,1.12385,12.875,11.5625,10.928,10.365,95151.44,1.59,20.0,8.51,21.54,4.03
2015-06-05,145.07953617504123,145.37964683740734,142.7215649476339,142.89305114746094,534080,39731.0,55817.563,0.005,0.025007,0.071,0.006,0.003,-0.0004,62.08,62.77,63.38,64.84,1.1113,13.09,11.74,11.15,10.513,93276.44,1.62,19.6,8.51,21.11,3.95
2015-06-08,142.89305234902145,143.79337126013198,141.94987170026252,142.2071075439453,456314,39731.0,55817.563,0.005,0.025007,0.071,0.006,0.003,-0.0004,62.75,63.33,63.88,65.27,1.12915,13.4375,11.825,11.15,10.5,92828.63,1.63,19.5,8.51,21.01,3.93
2015-06-09,141.73551050509815,142.29284392943308,139.97774750622557,141.22103881835938,674609,39731.0,55817.563,0.005,0.025007,0.071,0.006,0.003,-0.0004,64.56,65.13,65.69,66.98,1.12835,13.65,11.85,11.075,10.487,92184.94,1.64,19.4,8.51,20.87,3.91
2015-06-10,141.0066769589994,144.60793949411496,140.23498251703123,143.87911987304688,718122,39731.0,55817.563,0.005,0.025007,0.071,0.006,0.003,-0.0004,65.4,66.04,66.65,67.9,1.13265,13.9,12.0,11.225,10.575,93920.06,1.61,19.7,8.51,21.26,3.98
2015-06-11,143.364654067316,146.4085833062066,142.72157097812328,144.69369506835938,627971,39731.0,55817.563,0.005,0.025007,0.071,0.006,0.003,-0.0004,64.73,65.42,66.05,67.38,1.1258,13.113,11.955,11.225,10.6,94451.81,1.6,19.8,8.51,21.38,4.0
2015-06-12,144.4793194810114,144.95091631561345,140.87805716110424,142.0355987548828,537981,39731.0,55817.563,0.005,0.025007,0.071,0.006,0.003,-0.0004,64.39,65.06,65.66,66.94,1.12695,13.725,12.113,11.388,10.8,92716.69,1.63,19.5,8.51,20.99,3.93
2015-06-15,140.8780692383438,141.69263852236577,139.6347779013041,139.93487548828125,565144,39731.0,55817.563,0.005,0.025007,0.071,0.005,0.003,0.0012,62.54,63.88,64.6,66.1,1.12835,14.102,12.25,11.5,10.765,91345.38,1.65,19.2,8.51,20.68,3.87
2015-06-16,139.12031296382858,141.99275609203707,138.3914802048624,141.43540954589844,603665,39731.0,55817.563,0.005,0.025007,0.071,0.005,0.003,0.0012,63.88,64.6,65.2,66.52,1.1248,13.44,11.902,11.3,10.7,92324.88,1.64,19.4,8.51,20.9,3.91
2015-06-17,142.16420304585577,142.2070778581125,138.17708100998334,139.20602416992188,576125,39731.0,55817.563,0.005,0.025007,0.071,0.005,0.003,0.0012,63.95,64.75,65.45,67.07,1.1337,12.075,11.175,10.9,10.4,90869.63,1.66,19.1,8.51,20.57,3.85
2015-06-18,138.7344503370718,140.706574274901,137.40540943873748,140.40646362304688,643990,39731.0,55817.563,0.005,0.025007,0.071,0.005,0.003,0.0012,64.38,65.1,65.74,67.3,1.136,11.762,11.2,10.7,10.15,91653.25,1.65,19.3,8.51,20.74,3.88
2015-06-19,140.79232728622316,141.82125765296755,138.21999482758244,138.73446655273438,1707362,39731.0,55817.563,0.005,0.025007,0.071,0.005,0.003,0.0012,62.66,63.42,64.09,65.8,1.1353,12.55,11.475,10.9,10.4,90561.81,1.67,19.0,8.51,20.5,3.84
2015-06-22,141.90699527494624,144.60793889418804,141.04955119473507,144.2220916748047,965452,39731.0,55817.563,0.005,0.025007,0.071,0.005,0.003,0.0012,62.58,63.36,64.05,65.8,1.1341,11.95,11.125,10.6,10.125,94143.94,1.61,19.8,8.51,21.31,3.99
2015-06-23,145.76547555496091,146.53716989800566,144.52218440958583,145.50823974609375,814896,39731.0,55817.563,0.005,0.025007,0.071,0.005,0.003,0.0012,64.15,64.88,65.52,67.27,1.117,11.988,11.325,10.75,10.25,94983.56,1.59,20.0,8.51,21.5,4.02
2015-06-24,145.89412136522768,146.0227458418096,143.79338574998727,144.90806579589844,603707,39731.0,55817.563,0.005,0.025007,0.071,0.005,0.003,0.0012,64.06,64.7,65.26,66.92,1.1207,11.4,11.1375,10.7,10.213,94591.75,1.6,19.9,8.51,21.41,4.01
2015-06-25,142.4643300779484,145.4653843878479,141.5211494306865,143.57901000976562,910521,39731.0,55817.563,0.005,0.025007,0.071,0.005,0.003,0.0012,62.87,63.45,64.01,65.65,1.12045,11.35,11.275,10.7875,10.225,93724.19,1.61,19.7,8.51,21.21,3.97
2015-06-26,142.59292481832694,145.80833948011926,142.33568902867242,144.60791015625,623951,39731.0,55817.563,0.005,0.025007,0.071,0.005,0.003,0.0012,63.04,63.68,64.26,65.89,1.1166,11.8375,11.475,10.85,10.35,94395.88,1.6,19.8,8.51,21.37,4.0
2015-06-29,138.86306762695312,141.82124711793296,137.6626511355162,138.86306762695312,1102544,39731.0,55817.563,0.005,0.025007,0.071,0.005,0.003,0.0012,61.9,62.57,63.17,64.91,1.1236,13.463,12.045,11.295,10.8125,90645.75,1.67,19.0,8.51,20.52,3.84
2015-06-30,138.7773012377176,139.89196784721278,136.8909141801443,137.19102478027344,1101763,34282.0,57040.208,0.005,0.025007,0.071,0.005,0.003,0.0012,62.87,63.39,63.94,65.53,1.11375,13.488,12.125,11.425,10.95,89554.31,1.69,18.8,8.51,20.27,3.79
2015-07-01,136.5908503602799,140.10636338741153,135.56192003730376,137.91989135742188,1048642,34282.0,57040.208,0.005,0.025007,0.071,0.005,0.003,0.0012,62.83,63.3,63.78,65.21,1.10535,12.803,11.83,11.2,10.75,90030.06,1.68,18.9,8.51,20.38,3.81
2015-07-02,138.09138043886952,139.0774359598419,136.2907425235053,136.63372802734375,566744,34282.0,57040.208,0.005,0.025007,0.071,0.005,0.003,0.0012,62.91,63.37,63.86,65.27,1.10845,12.15,11.74,11.0375,10.663,89190.5,1.69,18.7,8.51,20.19,3.78
2015-07-03,136.3764992017691,137.23394338023536,135.17606950178043,135.7762908935547,428076,34282.0,57040.208,0.005,0.025007,0.071,0.005,0.003,0.0012,60.34,60.85,61.37,62.95,1.1114,12.975,11.95,11.225,10.8,88630.75,1.71,18.6,8.51,20.06,3.76
2015-07-06,132.9038274408044,135.99063124704622,132.4751054168018,133.67552185058594,788245,34282.0,57040.208,0.005,0.025007,0.071,0.005,0.003,0.0012,58.26,58.76,59.28,60.87,1.1057,12.725,11.95,11.275,10.825,87259.5,1.73,18.3,8.51,19.75,3.7
2015-07-07,133.67555371451505,134.36151173314096,131.87492863462808,132.0035400390625,776968,34282.0,57040.208,0.005,0.025007,0.071,0.005,0.003,0.0012,55.66,56.13,56.63,58.26,1.10125,13.19,12.3,11.55,11.0125,86168.0,1.75,18.1,8.51,19.5,3.65
2015-07-08,132.17500005713987,134.0613875051039,131.96063903655835,133.41830444335938,737568,34282.0,57040.208,0.005,0.025007,0.071,0.005,0.003,0.0012,56.59,56.97,57.43,59.03,1.10765,13.45,12.4,11.55,11.0625,87091.56,1.74,18.3,8.51,19.71,3.69
2015-07-09,134.14713158211723,137.53403328042856,133.71840951692442,136.97669982910156,697232,34282.0,57040.208,0.005,0.025007,0.071,0.005,0.003,0.0012,58.59,58.82,59.17,60.62,1.10385,13.15,12.05,11.3125,10.825,89414.38,1.69,18.8,8.51,20.24,3.79
2015-07-10,140.40649753829803,141.6069142685598,139.46330361912013,141.17819213867188,859863,34282.0,57040.208,0.005,0.025007,0.071,0.005,0.003,0.0012,58.14,58.39,58.78,60.25,1.11645,12.1,11.15,10.6,10.2,92157.0,1.64,19.4,8.51,20.86,3.9
2015-07-13,143.8362446692699,144.30784153079884,141.649759644769,142.85018920898438,721586,34282.0,57040.208,0.005,0.025007,0.071,0.005,0.003,0.0012,58.27,58.59,59.01,60.58,1.10035,11.863,11.0875,10.5375,10.15,93248.44,1.62,19.6,8.51,21.11,3.95
2015-07-14,143.19317275316808,144.8223114013672,142.85020032730282,144.8223114013672,522204,34282.0,57040.208,0.005,0.025007,0.071,0.005,0.003,0.0012,57.75,57.97,58.39,59.93,1.10115,11.675,10.9375,10.5,10.125,94535.75,1.6,19.9,8.51,21.4,4.01
2015-07-15,144.30785113113023,145.59401733892363,143.36465734532473,145.4225311279297,525991,34282.0,57040.208,0.005,0.025007,0.071,0.005,0.002,0.0017,57.66,57.82,58.19,59.65,1.09485,11.1,10.738,10.388,10.075,94927.56,1.59,19.9,8.51,21.49,4.02
2015-07-16,145.76551349593257,147.73763776582487,145.59402727323763,146.66583251953125,691518,34282.0,57040.208,0.005,0.025007,0.071,0.005,0.002,0.0017,57.88,57.61,57.97,59.37,1.08755,10.637,10.8,10.375,10.125,95739.13,1.58,20.1,8.51,21.67,4.06
2015-07-17,147.00877812860526,147.3946253301229,145.63687551392505,146.0655975341797,572513,34282.0,57040.208,0.005,0.025007,0.071,0.005,0.002,0.0017,57.88,57.61,57.97,59.37,1.08295,10.05,10.25,10.2,10.125,95347.38,1.58,20.0,8.51,21.58,4.04
2015-07-20,146.62293492040078,148.8522947198652,146.45144872434,147.86622619628906,484839,34282.0,57040.208,0.005,0.025007,0.071,0.005,0.002,0.0017,56.84,57.19,57.68,58.96,1.0827,9.975,10.25,10.25,10.2,96522.75,1.57,20.3,8.51,21.85,4.09
2015-07-21,148.42354344317116,148.5092799825293,145.6368507846981,145.89407348632812,497490,34282.0,57040.208,0.005,0.025007,0.071,0.005,0.002,0.0017,56.77,57.15,57.7,59.2,1.0937,10.175,10.2875,10.25,10.225,95235.44,1.59,20.0,8.51,21.56,4.03
2015-07-22,145.29390829960147,146.23710209607006,144.47933897550192,144.8223114013672,558541,34282.0,57040.208,0.005,0.025007,0.071,0.005,0.002,0.0017,56.79,57.17,57.73,59.26,1.09335,10.4,10.463,10.35,10.325,94535.75,1.6,19.9,8.51,21.4,4.01
2015-07-23,146.15134424105642,146.32283044435965,144.00773399086916,144.950927734375,381006,34282.0,57040.208,0.005,0.025007,0.071,0.005,0.002,0.0017,56.19,56.55,57.07,58.57,1.09825,10.45,10.6,10.425,10.325,94619.75,1.6,19.9,8.51,21.42,4.01
2015-07-24,144.86515990020703,147.0516446975526,144.82228508387536,145.25100708007812,505017,34282.0,57040.208,0.005,0.025007,0.071,0.005,0.002,0.0017,54.53,54.92,55.48,57.06,1.0984,10.4,10.55,10.45,10.35,94815.63,1.59,19.9,8.51,21.46,4.02
2015-07-27,144.60793509538786,145.2938929582486,142.24996393675028,142.46432495117188,555397,34282.0,57040.208,0.005,0.025007,0.071,0.005,0.002,0.0017,53.76,54.2,54.79,56.47,1.10935,10.65,10.6,10.4375,10.375,92996.56,1.63,19.5,8.51,21.05,3.94
2015-07-28,143.2360344437713,144.56507536836645,142.7644375887784,143.83624267578125,443415,34282.0,57040.208,0.005,0.025007,0.071,0.005,0.002,0.0017,53.88,54.4,55.02,56.77,1.10595,10.365,10.4125,10.252,10.175,93892.06,1.61,19.7,8.51,21.25,3.98
2015-07-29,144.17920624639584,146.06559355092003,143.23602567769112,145.6797332763672,879472,34282.0,57040.208,0.005,0.025007,0.071,0.005,0.002,0.0017,54.16,54.79,55.48,57.29,1.0986,9.855,10.015,9.9375,9.925,95095.5,1.59,20.0,8.51,21.52,4.03
2015-07-30,146.62293092708762,146.75154229974092,144.69368183594173,146.0655975341797,576781,34282.0,57040.208,0.005,0.025007,0.071,0.005,0.002,0.0017,53.67,54.36,55.08,56.97,1.0933,10.1,10.2875,10.125,10.005,95347.38,1.58,20.0,8.51,21.58,4.04
2015-07-31,144.99379248354307,148.25206937063217,144.6079321984677,146.0655975341797,856951,34282.0,57040.208,0.005,0.025007,0.071,0.005,0.002,0.0017,52.71,53.37,54.07,56.02,1.0988,10.025,10.255,9.987,9.95,95347.38,1.58,20.0,8.51,21.58,4.04
2015-08-03,145.42252675084976,150.35283039899363,145.42252675084976,149.70974731445312,768711,34282.0,57040.208,0.005,0.025007,0.071,0.005,0.002,0.0017,50.14,50.8,51.54,53.55,1.09505,10.75,10.4,10.125,10.0,97726.13,1.55,20.5,8.51,22.12,4.14
2015-08-04,149.62398364243867,150.52430249310186,148.68078997344725,150.4385528564453,460573,34282.0,57040.208,0.005,0.025007,0.071,0.005,0.002,0.0017,50.1,50.74,51.52,53.58,1.08815,10.6,10.3,10.075,9.975,98201.88,1.54,20.6,8.51,22.23,4.16
2015-08-05,150.91014253423455,152.96800288082403,150.43854572210367,152.62503051757812,723479,34282.0,57040.208,0.005,0.025007,0.071,0.005,0.002,0.0017,50.2,50.73,51.43,53.41,1.0906,11.05,10.75,10.425,10.275,99629.19,1.52,19.8,9.0,22.55,4.22
2015-08-06,152.41067447618627,153.4396046829427,152.02482728409728,152.75364685058594,633211,34282.0,57040.208,0.005,0.025007,0.071,0.005,0.002,0.0017,48.95,49.5,50.25,52.39,1.0925,10.6,10.625,10.325,10.175,99713.13,1.52,19.8,9.0,22.57,4.22
2015-08-07,152.36781452271583,152.45356416645976,151.08164836790917,151.7247314453125,395707,34282.0,57040.208,0.005,0.025007,0.071,0.005,0.002,0.0017,48.95,49.5,50.25,52.39,1.09685,10.088,10.325,10.178,10.1,99041.44,1.53,19.7,9.0,22.42,4.2
2015-08-10,152.32493748720023,153.22525639919283,151.6818544191424,152.6679229736328,360245,34282.0,57040.208,0.005,0.025007,0.071,0.005,0.002,0.0017,48.95,49.5,50.25,52.39,1.1019,9.825,10.1,9.975,9.975,99657.19,1.52,19.8,9.0,22.56,4.22
2015-08-11,152.19630615151095,152.36779233046326,148.76653023823746,148.8951416015625,797459,34282.0,57040.208,0.005,0.025007,0.071,0.005,0.002,0.0017,48.66,49.21,50.0,52.29,1.10405,10.275,10.263,10.088,10.025,97194.38,1.55,19.3,9.0,22.0,4.12
2015-08-12,146.75156376123704,147.39464688566588,140.7065928584537,141.13531494140625,1257743,34282.0,57040.208,0.005,0.025007,0.071,0.005,0.002,0.0017,49.25,49.77,50.53,52.78,1.11565,10.225,10.25,10.013,9.925,92129.0,1.64,18.3,9.0,20.85,3.9
2015-08-13,142.7215676817771,144.86517792957656,142.67869286010938,143.96485900878906,723518,34282.0,57040.208,0.005,0.025007,0.071,0.005,0.002,0.0017,49.07,49.48,50.28,52.63,1.1149,9.65,9.975,9.8,9.7875,93976.06,1.61,18.7,9.0,21.27,3.98
2015-08-14,144.26493663357613,144.77940820863373,141.77835454909425,142.550048828125,440460,34282.0,57040.208,0.005,0.025007,0.071,0.005,0.002,0.0017,48.95,49.29,50.14,52.57,1.11065,9.375,9.7,9.575,9.525,93052.5,1.62,18.5,9.0,21.06,3.94
2015-08-17,143.7933698484839,145.03666114992689,140.70657900526948,142.85018920898438,501961,34282.0,57040.208,0.004,0.016106,0.07,0.004,0.001,0.002,49.09,49.92,50.78,52.97,1.1081,9.7,9.85,9.7,9.65,93248.44,1.62,18.5,9.0,21.11,3.95
2015-08-18,142.29284490658858,143.10741417988672,141.5211504547395,141.90699768066406,348027,34282.0,57040.208,0.004,0.016106,0.07,0.004,0.001,0.002,48.53,49.3,50.12,52.27,1.1021,9.79,10.05,9.825,9.8,92632.75,1.63,18.4,9.0,20.97,3.92
2015-08-19,141.04954462652526,141.52114146539236,139.0345458984375,139.0345458984375,480308,34282.0,57040.208,0.004,0.016106,0.07,0.004,0.001,0.002,47.43,48.2,49.0,51.11,1.11195,9.575,9.975,9.825,9.725,90757.69,1.67,18.0,9.0,20.54,3.85
2015-08-20,138.90593826507276,139.16317410079378,135.8191344035368,136.0763702392578,744471,34282.0,57040.208,0.004,0.016106,0.07,0.004,0.001,0.002,47.14,47.9,48.68,50.75,1.12415,9.863,9.838,9.75,9.75,88826.69,1.7,17.6,9.0,20.1,3.76
2015-08-21,134.23287915776788,136.848086331811,132.21788024902344,132.21788024902344,842430,34282.0,57040.208,0.004,0.016106,0.07,0.004,0.001,0.002,45.34,46.08,46.84,48.9,1.13895,10.362,10.012,9.875,9.737,86308.0,1.75,17.1,9.0,19.53,3.66
2015-08-24,128.0164113036803,130.3315078393785,120.38515069189701,125.48695373535156,2068201,34282.0,57040.208,0.004,0.016106,0.07,0.004,0.001,0.002,43.17,43.98,44.8,46.93,1.162,12.375,10.875,10.325,9.975,81914.19,1.84,16.3,9.0,18.54,3.47
2015-08-25,127.93065218005539,132.08926113844058,126.60161125948994,131.0174560546875,1589836,34282.0,57040.208,0.004,0.016106,0.07,0.004,0.001,0.002,43.44,44.23,45.02,47.11,1.1517,12.325,10.925,10.375,9.95,85524.38,1.77,17.0,9.0,19.36,3.62
2015-08-26,128.61659262033757,129.1739259549365,125.87277459448165,127.28755187988281,1791845,34282.0,57040.208,0.004,0.016106,0.07,0.004,0.001,0.002,43.39,44.21,44.98,47.1,1.13155,12.788,11.3,10.7,10.313,83089.56,1.82,16.5,9.0,18.81,3.52
2015-08-27,131.0174560546875,131.4890529082505,128.57373523030722,131.0174560546875,1036305,34282.0,57040.208,0.004,0.016106,0.07,0.004,0.001,0.002,45.86,46.63,47.38,49.42,1.1245,12.225,11.2,10.625,10.2,85524.38,1.77,17.0,9.0,19.36,3.62
2015-08-28,131.27469189149988,131.403303268127,129.34544274074435,131.0174560546875,579964,34282.0,57040.208,0.004,0.016106,0.07,0.004,0.001,0.002,49.58,50.36,51.14,53.24,1.11795,11.875,11.1,10.625,10.275,85524.38,1.77,17.0,9.0,19.36,3.62
2015-08-31,129.64555071525515,131.2318275998967,129.34545311786297,130.9317169189453,468714,34282.0,57040.208,0.004,0.016106,0.07,0.004,0.001,0.002,49.58,50.36,51.14,53.24,1.12145,12.425,11.25,10.8,10.375,85468.38,1.77,17.0,9.0,19.34,3.62
2015-09-01,128.3593621224535,128.91670856363947,126.5158627854741,128.40223693847656,833935,34282.0,57040.208,0.004,0.016106,0.07,0.004,0.001,0.002,50.26,51.06,51.86,53.89,1.1319,12.65,11.5,10.955,10.5,83817.25,1.8,16.6,9.0,18.97,3.55
2015-09-02,129.1310884565742,130.33150497954117,127.54481161649177,129.1739501953125,582832,34282.0,57040.208,0.004,0.016106,0.07,0.004,0.001,0.002,48.49,49.29,50.07,52.05,1.12265,12.115,11.352,10.85,10.45,84320.94,1.79,16.7,9.0,19.09,3.57
2015-09-03,130.8888327950804,131.660540312596,129.30256910671073,129.3883056640625,1146951,34282.0,57040.208,0.004,0.016106,0.07,0.004,0.001,0.002,51.7,52.53,53.33,55.22,1.11235,11.825,11.5,10.9125,10.45,84460.88,1.79,16.8,9.0,19.12,3.58
2015-09-04,127.67342452463848,127.84492381587528,124.32939768246474,124.97248077392578,1583860,34282.0,57040.208,0.004,0.016106,0.07,0.004,0.001,0.002,49.96,50.77,51.57,53.55,1.1147,11.6375,11.487,10.975,10.5,81578.38,1.85,16.2,9.0,18.46,3.46
2015-09-07,126.2586264637994,127.2875566264195,125.52979384501685,126.21575164794922,473524,34282.0,57040.208,0.004,0.016106,0.07,0.004,0.001,0.002,47.81,48.69,49.52,51.6,1.11675,12.0,11.45,10.825,10.525,82389.94,1.83,16.4,9.0,18.65,3.49
2015-09-08,127.11607362101155,128.10212899240597,125.9585189819336,125.9585189819336,611912,34282.0,57040.208,0.004,0.016106,0.07,0.004,0.001,0.002,49.42,50.29,51.09,53.11,1.11995,11.8,11.25,10.765,10.475,82222.06,1.84,16.3,9.0,18.61,3.48
2015-09-09,128.70238029567605,129.4312000191769,127.37333916233183,127.41621398925781,684414,34282.0,57040.208,0.004,0.016106,0.07,0.004,0.001,0.002,48.62,49.51,50.36,52.48,1.1207,11.475,11.05,10.6,10.275,83173.56,1.82,16.5,9.0,18.83,3.52
2015-09-10,126.85882908580963,127.15893970007623,124.67234440866291,125.0582046508789,602970,34282.0,57040.208,0.004,0.016106,0.07,0.004,0.001,0.002,48.31,49.24,50.1,52.27,1.12795,11.425,11.1875,10.637,10.3,81634.38,1.85,16.2,9.0,18.48,3.46
2015-09-11,125.65844460721829,125.87280564780256,123.8149318080577,124.58663940429688,707857,34282.0,57040.208,0.004,0.016106,0.07,0.004,0.001,0.002,48.31,49.24,50.1,52.27,1.13395,11.275,11.025,10.675,10.2,81326.5,1.86,16.1,9.0,18.41,3.45
2015-09-14,124.67236849254175,126.17289568663006,123.42907714843749,123.4290771484375,614370,34282.0,57040.208,0.004,0.016106,0.07,0.004,0.001,0.002,46.6,47.56,48.41,50.68,1.13205,11.625,10.925,10.5625,10.175,80570.88,1.88,16.0,9.0,18.24,3.41
2015-09-15,123.81490408517959,126.34437426455871,123.51480654569094,125.82990264892578,763478,34282.0,57040.208,0.004,0.016106,0.07,0.002,0.001,-0.0004,46.38,47.22,48.05,50.28,1.12665,11.425,10.85,10.425,10.138,82138.06,1.84,16.3,9.0,18.59,3.48
2015-09-16,126.90174333177774,129.94567290002905,126.38727157133286,129.131103515625,790799,34282.0,57040.208,0.004,0.016106,0.07,0.002,0.001,-0.0004,49.92,50.65,51.42,53.34,1.12895,11.275,10.713,10.35,10.0,84293.0,1.79,16.7,9.0,19.08,3.57
2015-09-17,129.68840158658963,129.90276258094764,128.53084698363372,129.04531860351562,472916,34282.0,57040.208,0.004,0.016106,0.07,0.002,0.001,-0.0004,48.94,49.71,50.49,52.43,1.14365,10.405,10.775,10.237,9.925,84237.0,1.79,16.7,9.0,19.07,3.57
2015-09-18,128.23074838261832,128.6165955525647,125.1439448559341,125.82990264892578,1506497,34282.0,57040.208,0.004,0.016106,0.07,0.002,0.001,-0.0004,47.95,48.71,49.49,51.47,1.13055,10.1,10.463,9.975,9.7,82138.06,1.84,16.3,9.0,18.59,3.48
2015-09-21,126.08714257607753,129.1739331200522,126.04426775944792,128.7880859375,620009,34282.0,57040.208,0.004,0.016106,0.07,0.002,0.001,-0.0004,48.42,49.18,49.95,51.93,1.11895,10.1075,10.5675,10.12,9.8,84069.13,1.8,16.7,9.0,19.03,3.56
2015-09-22,128.5737437854692,128.74522999356856,124.41514763393351,124.80099487304688,580891,34282.0,57040.208,0.004,0.016106,0.07,0.002,0.001,-0.0004,47.94,48.72,49.51,51.57,1.112,11.113,11.15,10.575,10.2,81466.44,1.86,16.2,9.0,18.44,3.45
2015-09-23,125.1439778354622,126.47301895646247,124.07217259006845,124.71525573730469,746500,34282.0,57040.208,0.004,0.016106,0.07,0.002,0.001,-0.0004,49.34,50.07,50.84,52.86,1.11865,10.7,10.85,10.4375,10.125,81410.44,1.86,16.2,9.0,18.43,3.45
2015-09-24,125.65842688158038,125.87278789192646,122.05716452447788,123.38619232177734,1125481,34282.0,57040.208,0.004,0.016106,0.07,0.002,0.001,-0.0004,49.34,50.07,50.84,52.86,1.123,10.5,10.863,10.45,10.125,80542.88,1.88,16.0,9.0,18.23,3.41
2015-09-25,125.57269016689524,130.76022976783938,125.22971774846881,130.24575805664062,1264338,34282.0,57040.208,0.004,0.016106,0.07,0.002,0.001,-0.0004,48.38,49.05,49.76,51.79,1.11945,10.505,10.9,10.5,10.205,85020.63,1.78,16.9,9.0,19.24,3.6
2015-09-28,129.77415254987304,130.5029720880374,128.01638976138284,128.40223693847656,911940,34282.0,57040.208,0.004,0.016106,0.07,0.002,0.001,-0.0004,47.31,47.99,48.7,50.7,1.12455,10.85,10.5625,10.35,10.155,83817.25,1.8,16.6,9.0,18.97,3.55
2015-09-29,126.43012230334129,128.5737324240611,125.87278890537729,127.58767700195312,680951,34282.0,57040.208,0.004,0.016106,0.07,0.002,0.001,-0.0004,48.31,48.96,49.62,51.53,1.1249,10.975,10.575,10.4,10.25,83285.5,1.81,16.5,9.0,18.85,3.53
2015-09-30,130.11711816640238,134.01849071825123,130.11711816640238,132.94668579101562,1147870,34282.0,57040.208,0.004,0.016106,0.07,0.002,0.001,-0.0004,48.3,48.99,49.64,51.5,1.1177,10.613,10.375,10.275,10.125,86783.75,1.74,17.2,9.0,19.64,3.68
2015-10-01,134.61873175937885,134.83309279721223,130.76023307837752,130.97459411621094,853373,34282.0,57040.208,0.004,0.016106,0.07,0.002,0.001,-0.0004,48.54,49.2,49.86,51.77,1.11945,10.212,10.2,10.2875,10.137,85496.38,1.77,17.0,9.0,19.35,3.62
2015-10-02,132.13212084903458,133.88987051854232,130.4600946427315,133.3754119873047,1292841,34282.0,57040.208,0.004,0.016106,0.07,0.002,0.001,-0.0004,47.04,47.7,48.36,50.27,1.1211,9.7875,9.85,9.925,9.9,87063.56,1.74,17.3,9.0,19.71,3.69
2015-10-05,135.86201119025526,138.09137102070042,134.96169229397708,137.4482879638672,821507,34282.0,57040.208,0.004,0.016106,0.07,0.002,0.001,-0.0004,49.86,50.46,51.11,52.97,1.11855,9.8,9.75,9.85,9.8,89722.25,1.68,17.8,9.0,20.31,3.8
2015-10-06,136.976705682451,138.86308023319694,136.5908584240011,137.79127502441406,676273,34282.0,57040.208,0.004,0.016106,0.07,0.002,0.001,-0.0004,51.72,52.22,52.81,54.57,1.12715,9.612,9.65,9.775,9.8,89946.13,1.68,17.9,9.0,20.36,3.81
2015-10-07,137.96274041578366,138.6915730811634,137.3196573875866,138.005615234375,972618,34282.0,57040.208,0.004,0.016106,0.07,0.002,0.001,-0.0004,51.87,52.33,52.92,54.74,1.12355,9.513,9.55,9.615,9.7,90086.06,1.68,17.9,9.0,20.39,3.82
2015-10-08,137.31965526629503,139.3775287748705,137.31965526629503,138.9488067626953,871653,34282.0,57040.208,0.004,0.016106,0.07,0.002,0.001,-0.0004,52.57,52.97,53.54,55.21,1.1279,9.488,9.525,9.65,9.713,90701.69,1.67,18.0,9.0,20.53,3.84
2015-10-09,140.19211229463903,141.0924312288393,138.86307130449183,140.62083435058594,876495,34282.0,57040.208,0.004,0.016106,0.07,0.002,0.001,-0.0004,52.62,52.92,53.52,55.22,1.1358,9.35,9.428,9.525,9.612,91793.19,1.65,18.2,9.0,20.78,3.89
2015-10-12,141.22104058926945,142.24997089209128,140.2778599298322,141.6068878173828,594009,34282.0,57040.208,0.004,0.016106,0.07,0.002,0.001,-0.0004,51.67,52.05,52.73,54.59,1.13555,9.375,9.4,9.475,9.575,92436.81,1.63,18.4,9.0,20.92,3.92
2015-10-13,141.77837854614612,141.86411510079682,139.97774081222875,140.70657348632812,814071,34282.0,57040.208,0.004,0.016106,0.07,0.002,0.001,-0.0004,50.04,50.53,51.24,53.21,1.1379,9.375,9.4,9.475,9.525,91849.13,1.65,18.2,9.0,20.79,3.89
2015-10-14,140.27785166465114,142.20710077510506,139.3775327963944,140.7494354248047,809609,34282.0,57040.208,0.004,0.016106,0.07,0.002,0.001,-0.0004,48.96,49.45,50.17,52.22,1.14735,9.15,9.25,9.2275,9.3,91877.13,1.64,18.2,9.0,20.8,3.89
2015-10-15,142.1642108537515,143.40750197614582,141.6497392455266,143.10739135742188,669674,34282.0,57040.208,0.004,0.016106,0.07,0.004,0.002,0.0017,48.32,48.9,49.58,51.56,1.1383,9.29,9.4,9.425,9.4,93416.31,1.62,18.5,9.0,21.14,3.96
2015-10-16,143.3217664116581,143.3217664116581,141.39251731682452,142.3785858154297,665526,34282.0,57040.208,0.004,0.016106,0.07,0.004,0.002,0.0017,48.32,49.87,50.51,52.42,1.13465,9.25,9.3,9.362,9.375,92940.56,1.63,18.5,9.0,21.04,3.94
2015-10-19,142.16422331027607,144.5221944013937,142.16422331027607,144.39356994628906,487420,34282.0,57040.208,0.004,0.016106,0.07,0.004,0.002,0.0017,48.84,49.53,50.22,52.16,1.1327,9.713,9.4375,9.4375,9.425,94255.88,1.6,18.7,9.0,21.33,3.99
2015-10-20,144.4364742168402,144.90807114793904,142.93594685288224,143.66477966308594,595670,34282.0,57040.208,0.004,0.016106,0.07,0.004,0.002,0.0017,48.57,49.27,50.01,52.07,1.13455,9.575,9.45,9.375,9.4,93780.13,1.61,18.6,9.0,21.23,3.97
2015-10-21,143.40751444035106,143.707625085159,141.39251573048662,142.0355987548828,827345,34282.0,57040.208,0.004,0.016106,0.07,0.004,0.002,0.0017,48.28,48.96,49.7,51.76,1.1339,9.4,9.35,9.2725,9.237,92716.69,1.63,18.4,9.0,20.99,3.93
2015-10-22,141.69263652333044,147.13741175326305,141.43540067843716,146.62294006347656,831461,34282.0,57040.208,0.004,0.016106,0.07,0.004,0.002,0.0017,48.01,48.75,49.5,51.6,1.11065,10.077,10.402,10.165,10.025,95711.19,1.58,19.0,9.0,21.66,4.06
2015-10-23,147.95197603688646,150.35282203566987,147.35176780808013,148.852294921875,1082689,34282.0,57040.208,0.004,0.016106,0.07,0.004,0.002,0.0017,47.76,48.46,49.22,51.39,1.10175,11.125,11.387,10.925,10.5625,97166.44,1.56,19.3,9.0,21.99,4.12
2015-10-26,147.99485584720153,148.16634204927752,146.06560663584,146.62294006347656,1046368,34282.0,57040.208,0.004,0.016106,0.07,0.004,0.002,0.0017,47.92,48.63,49.36,51.51,1.10565,10.4625,10.85,10.5,10.3,95711.19,1.58,19.0,9.0,21.66,4.06
2015-10-27,146.58005474420474,147.35176222361585,145.50824970354287,146.70867919921875,677452,34282.0,57040.208,0.004,0.016106,0.07,0.004,0.002,0.0017,46.73,47.48,48.25,50.45,1.10485,9.9,10.3,10.125,9.925,95767.13,1.58,19.0,9.0,21.68,4.06
2015-10-28,147.48038036953642,148.50931063912387,146.7515476749846,147.22314453125,638510,34282.0,57040.208,0.004,0.016106,0.07,0.004,0.002,0.0017,49.0,49.76,50.55,52.69,1.09205,10.525,10.807,10.4775,10.25,96103.0,1.57,19.1,9.0,21.75,4.07
2015-10-29,148.466434037824,149.62398875444785,147.0087817497645,149.1952667236328,865063,34282.0,57040.208,0.004,0.016106,0.07,0.004,0.002,0.0017,49.23,50.01,50.8,52.96,1.09765,9.825,10.925,10.463,10.2,97390.31,1.55,19.3,9.0,22.04,4.13
2015-10-30,144.90804312305548,145.6797375275658,141.22103112510644,142.3785858154297,1566978,34282.0,57040.208,0.004,0.016106,0.07,0.004,0.002,0.0017,49.21,49.96,50.75,52.88,1.10055,9.725,10.775,10.4375,10.15,92940.56,1.63,18.5,9.0,21.04,3.94
2015-11-02,141.17816576757716,143.15028981339486,140.57795751456098,141.6068878173828,791907,34282.0,57040.208,0.004,0.016106,0.07,0.004,0.002,0.0017,48.86,49.68,50.51,52.65,1.1015,9.725,10.8125,10.4,10.2,92436.81,1.63,18.4,9.0,20.92,3.92
2015-11-03,141.34966898261484,141.9927520751953,140.792322452243,141.9927520751953,777956,34282.0,57040.208,0.004,0.016106,0.07,0.004,0.002,0.0017,49.79,50.6,51.42,53.55,1.09675,11.625,11.225,10.7275,10.413,92688.75,1.63,18.4,9.0,20.98,3.93
2015-11-04,142.7215452913832,144.1791974144962,141.52112897436226,142.42144775390625,687722,34282.0,57040.208,0.004,0.016106,0.07,0.004,0.002,0.0017,48.81,49.62,50.43,52.52,1.08625,12.25,11.705,11.25,10.705,92968.56,1.63,18.5,9.0,21.04,3.94
2015-11-05,142.85020032730282,145.25103347547847,142.46433999375515,144.8223114013672,632393,34282.0,57040.208,0.004,0.016106,0.07,0.004,0.002,0.0017,48.45,49.22,49.99,52.05,1.08835,11.85,11.475,10.803,10.5625,94535.75,1.6,18.8,9.0,21.4,4.01
2015-11-06,144.8222840929538,144.8222840929538,141.9927294042218,143.19314575195312,785692,34282.0,57040.208,0.004,0.016106,0.07,0.004,0.002,0.0017,47.48,48.25,49.04,51.21,1.0741,11.6,11.375,10.97,10.713,93472.31,1.62,18.6,9.0,21.16,3.96
2015-11-09,143.40752386166142,143.49327350397073,141.0924274384539,141.22103881835938,546745,34282.0,57040.208,0.004,0.016106,0.07,0.004,0.002,0.0017,47.13,47.87,48.67,50.82,1.0752,11.637,11.388,10.915,10.678,92184.94,1.64,18.3,9.0,20.87,3.91
2015-11-10,142.29284571378358,142.67869294189694,139.9348744398525,141.6068878173828,574650,34282.0,57040.208,0.004,0.016106,0.07,0.004,0.002,0.0017,47.13,47.87,48.67,50.82,1.07235,11.875,11.6,11.138,10.875,92436.81,1.63,18.4,9.0,20.92,3.92
2015-11-11,143.19313565633453,145.76546743459204,143.19313565633453,145.63685607910156,756500,34282.0,57040.208,0.004,0.016106,0.07,0.004,0.002,0.0017,46.03,46.69,47.47,49.7,1.0744,11.84,11.575,11.15,10.95,95067.5,1.59,18.9,9.0,21.52,4.03
2015-11-12,145.67974459882544,146.58006350349393,143.40752301026257,143.87911987304688,581329,34282.0,57040.208,0.004,0.016106,0.07,0.004,0.002,0.0017,44.42,45.36,46.21,48.48,1.08175,11.69,11.6375,11.1375,10.825,93920.06,1.61,18.6,9.0,21.26,3.98
2015-11-13,143.53612022234037,143.62186985567706,140.96378822492525,142.2499542236328,693963,34282.0,57040.208,0.004,0.016106,0.07,0.004,0.002,0.0017,43.75,44.58,45.4,47.72,1.07795,11.64,11.363,11.0,10.6875,92856.63,1.63,18.4,9.0,21.02,3.93
2015-11-16,141.09242230900844,142.67868596559347,140.40646444614774,142.46432495117188,487567,34282.0,57040.208,0.005,0.0074,0.069,0.001,0.001,0.005,43.22,44.12,44.84,47.33,1.06865,11.975,11.6,11.1625,10.755,92996.56,1.63,18.5,9.0,21.05,3.94
2015-11-17,143.40751753532325,146.62293272669822,143.1502817033017,146.45144653320312,692124,34282.0,57040.208,0.005,0.0074,0.069,0.001,0.001,0.005,44.02,44.91,45.64,48.14,1.06445,13.555,11.85,11.275,10.888,95599.19,1.58,19.0,9.0,21.64,4.05
2015-11-18,145.2510121630505,145.67973417425614,143.92198439515897,144.00772094726562,612929,34282.0,57040.208,0.005,0.0074,0.069,0.001,0.001,0.005,43.83,44.67,45.38,47.85,1.06595,13.35,11.675,11.175,10.825,94004.0,1.61,18.7,9.0,21.28,3.98
2015-11-19,145.07955497861215,145.16530463141876,143.19318036890743,143.6219024658203,627342,34282.0,57040.208,0.005,0.0074,0.069,0.001,0.001,0.005,44.3,45.11,45.81,48.25,1.0734,12.875,11.675,11.2,10.775,93752.19,1.61,18.6,9.0,21.22,3.97
2015-11-20,144.4364592159705,145.07954230516322,142.9359320078542,144.69369506835938,569267,34282.0,57040.208,0.005,0.0074,0.069,0.001,0.001,0.005,44.43,45.19,45.82,48.19,1.0646,12.752,11.555,11.115,10.75,94451.81,1.6,18.8,9.0,21.38,4.0
2015-11-23,144.05061515702786,145.16529515293098,142.42147652855658,144.43646240234375,520977,34282.0,57040.208,0.005,0.0074,0.069,0.001,0.001,0.005,45.4,46.14,46.78,49.17,1.0636,13.375,11.8,11.225,10.9,94283.94,1.6,18.7,9.0,21.34,3.99
2015-11-24,144.17921022235205,144.30783467860246,139.46326799810726,141.39251708984375,593081,34282.0,57040.208,0.005,0.0074,0.069,0.001,0.001,0.005,46.15,46.87,47.53,49.95,1.0641,13.402,11.825,11.305,10.95,92296.88,1.64,18.3,9.0,20.89,3.91
2015-11-25,141.69261851226491,145.42250508020115,141.6068688803476,144.52218627929688,521258,34282.0,57040.208,0.005,0.0074,0.069,0.001,0.001,0.005,45.41,46.18,46.83,49.3,1.06265,13.55,11.875,11.4,11.013,94339.88,1.6,18.7,9.0,21.35,4.0
2015-11-26,144.39358121919113,146.5371914693784,144.30784465931882,144.950927734375,388417,34282.0,57040.208,0.005,0.0074,0.069,0.001,0.001,0.005,45.36,46.1,46.7,49.14,1.06105,12.725,11.825,11.325,10.95,94619.75,1.6,18.8,9.0,21.42,4.01
2015-11-27,144.13636162448262,145.7655002170139,143.4932785352899,144.69369506835938,292972,34282.0,57040.208,0.005,0.0074,0.069,0.001,0.001,0.005,45.06,45.73,46.3,48.68,1.0593,12.575,11.775,11.25,10.9,94451.81,1.6,18.8,9.0,21.38,4.0
2015-11-30,144.09350414359244,145.85126741564582,143.23605992147472,143.70765686035156,614125,34282.0,57040.208,0.005,0.0074,0.069,0.001,0.001,0.005,45.3,45.93,46.45,48.73,1.05645,12.815,11.655,11.225,10.905,93808.19,1.61,18.6,9.0,21.23,3.97
2015-12-01,144.05060747882519,144.69369054792708,142.6358299602244,143.2360382080078,519853,34282.0,57040.208,0.005,0.0074,0.069,0.001,0.001,0.005,44.44,45.06,45.57,47.7,1.06315,13.225,11.825,11.2525,10.9,93500.31,1.62,18.6,9.0,21.16,3.96
2015-12-02,143.79335365867033,145.55111644452023,143.4932561140735,144.52218627929688,390080,34282.0,57040.208,0.005,0.0074,0.069,0.001,0.001,0.005,43.31,43.97,44.56,46.91,1.0615,13.25,11.575,11.0625,10.763,94339.88,1.6,18.7,9.0,21.35,4.0
2015-12-03,144.13637894112162,147.35179477338733,137.79128384864765,138.30575561523438,1531464,34282.0,57040.208,0.005,0.0074,0.069,0.001,0.001,0.005,43.25,43.85,44.41,46.8,1.09415,10.7,10.563,10.487,10.3,90281.94,1.67,17.9,9.0,20.43,3.83
2015-12-04,137.74839014561152,137.74839014561152,135.2618074761455,136.5479736328125,1119177,34282.0,57040.208,0.005,0.0074,0.069,0.001,0.001,0.005,43.03,43.51,44.04,46.4,1.08865,9.925,10.2,10.025,9.975,89134.5,1.7,17.7,9.0,20.17,3.78
2015-12-07,137.83414004520603,141.04955544283916,137.19105696567942,139.93487548828125,584331,34282.0,57040.208,0.005,0.0074,0.069,0.001,0.001,0.005,41.06,41.53,42.12,44.57,1.08355,9.875,9.9625,9.875,9.85,91345.38,1.65,18.1,9.0,20.68,3.87
2015-12-08,140.02061837111242,141.3496592880036,136.59084211258454,137.06243896484375,755060,34282.0,57040.208,0.005,0.0074,0.069,0.001,0.001,0.005,40.76,41.11,41.69,44.18,1.08935,9.677,9.875,9.875,9.825,89470.31,1.69,17.8,9.0,20.25,3.79
2015-12-09,138.30572718727768,138.34860200627398,134.9188258234949,135.0045623779297,603331,34282.0,57040.208,0.005,0.0074,0.069,0.001,0.001,0.005,40.42,40.59,41.23,43.85,1.10255,10.0,10.112,10.025,9.95,88127.06,1.71,17.5,9.0,19.95,3.73
2015-12-10,134.01852673857545,134.91884573614445,132.60373600423566,134.10426330566406,674489,34282.0,57040.208,0.005,0.0074,0.069,0.001,0.001,0.005,39.66,40.04,40.7,43.37,1.09405,9.865,10.1,9.988,9.875,87539.31,1.73,17.4,9.0,19.81,3.71
2015-12-11,133.7184172464875,134.4472500328689,131.78916784160003,132.4322509765625,653145,34282.0,57040.208,0.005,0.0074,0.069,0.001,0.001,0.005,38.13,38.5,39.2,42.02,1.09895,9.825,10.15,9.987,9.95,86447.88,1.75,17.2,9.0,19.57,3.66
2015-12-14,132.43221701910156,134.87593753877906,130.33148193359375,130.33148193359375,671177,34282.0,57040.208,0.005,0.0074,0.069,0.001,0.001,0.005,37.4,37.75,38.42,41.26,1.0992,10.237,10.237,10.1,10.05,85076.56,1.78,16.9,9.0,19.26,3.6
2015-12-15,131.48908496368304,135.94779258236267,131.14609940313147,135.8191680908203,1038549,34282.0,57040.208,0.005,0.0074,0.069,0.003,0.003,0.0073,38.59,38.81,39.39,42.11,1.09275,10.188,10.105,10.04,10.05,88658.75,1.7,17.6,9.0,20.07,3.76
2015-12-16,135.6905244125656,136.4193571072886,134.66159414273645,135.43328857421875,711443,34282.0,57040.208,0.005,0.0074,0.069,0.003,0.003,0.0073,37.22,37.5,38.13,40.91,1.09125,8.962,9.613,9.762,9.8,88406.88,1.71,17.6,9.0,20.01,3.75
2015-12-17,139.5061551226387,140.10636338741153,137.74839206729342,137.91989135742188,767732,34282.0,57040.208,0.005,0.0074,0.069,0.003,0.003,0.0073,37.17,37.73,38.63,41.36,1.08255,9.138,10.055,10.1,10.025,90030.06,1.68,17.9,9.0,20.38,3.81
2015-12-18,136.63371071838458,137.5768912964487,134.40435101831017,135.2617950439453,1258622,34282.0,57040.208,0.005,0.0074,0.069,0.003,0.003,0.0073,37.53,38.02,38.89,41.56,1.0868,8.6675,10.125,10.15,10.188,88294.94,1.71,17.5,9.0,19.98,3.74
2015-12-21,134.8759525525381,136.8480764969827,132.9895782470703,132.9895782470703,601585,34282.0,57040.208,0.005,0.0074,0.069,0.003,0.003,0.0073,36.17,36.63,37.45,40.03,1.09145,9.45,10.1,10.075,10.125,86811.69,1.74,17.2,9.0,19.65,3.68
2015-12-22,133.6326919687442,133.6326919687442,130.76024848980606,132.0035400390625,593157,34282.0,57040.208,0.005,0.0074,0.069,0.003,0.003,0.0073,36.41,36.91,37.76,40.3,1.09545,9.5,10.1625,10.173,10.15,86168.0,1.75,17.1,9.0,19.5,3.65
2015-12-23,133.8898702787569,135.433272036819,133.37541174844063,134.70445251464844,514839,34282.0,57040.208,0.005,0.0074,0.069,0.003,0.003,0.0073,36.95,37.47,38.31,40.73,1.09095,9.5,10.15,10.195,10.16,87931.13,1.72,17.5,9.0,19.9,3.73
2015-12-24,134.36148071289062,134.40435553232385,133.37542528371623,134.36148071289062,72485,34282.0,57040.208,0.005,0.0074,0.069,0.003,0.003,0.0073,37.58,38.09,38.93,41.36,1.09725,9.5,10.15,10.125,10.125,87707.25,1.72,17.4,9.0,19.85,3.72
2015-12-28,134.61871993153653,134.8330809505358,132.7323455810547,132.7323455810547,267779,34282.0,57040.208,0.005,0.0074,0.069,0.003,0.003,0.0073,37.58,38.09,38.93,41.36,1.0968,9.775,10.05,10.075,10.0625,86643.81,1.74,17.2,9.0,19.61,3.67
2015-12-29,133.6326710988309,135.6047821044922,133.6326710988309,135.6047821044922,426106,34282.0,57040.208,0.005,0.0074,0.069,0.003,0.003,0.0073,37.49,37.92,38.73,41.19,1.09175,9.7,10.0375,10.075,10.15,88518.81,1.71,17.6,9.0,20.04,3.75
2015-12-30,135.00455979498193,135.99062827879985,134.40435159119053,134.9188232421875,318072,34282.0,57040.208,0.005,0.0074,0.069,0.003,0.003,0.0073,36.61,37.02,37.86,40.36,1.09325,9.725,10.0,10.025,10.1,88071.06,1.72,17.5,9.0,19.93,3.73
2016-01-04,130.80309623772862,131.660540312596,128.40225021138832,129.3883056640625,886496,34282.0,57040.208,0.005,0.0074,0.069,0.003,0.003,0.0073,36.92,37.27,38.11,40.57,1.08315,10.225,10.0,9.975,9.962,84460.88,1.79,16.8,9.0,17.89,3.45
2016-01-05,130.67446539235047,130.88882640059484,127.3733137155216,129.90277099609375,685509,34282.0,57040.208,0.005,0.0074,0.069,0.003,0.003,0.0073,36.38,36.85,37.73,40.22,1.0748,10.14,9.988,10.0,10.025,84796.69,1.78,16.8,9.0,17.96,3.46
2016-01-06,129.51690123612855,130.20285895972827,128.18786059982065,129.73126220703125,737208,34282.0,57040.208,0.005,0.0074,0.069,0.003,0.003,0.0073,34.62,35.06,35.98,38.6,1.0781,10.125,10.0375,10.0,10.0625,84684.75,1.78,16.8,9.0,17.94,3.46
2016-01-07,126.901707912094,129.98851144608113,126.55873555656507,129.34542846679688,1180024,34282.0,57040.208,0.005,0.0074,0.069,0.003,0.003,0.0073,34.65,35.03,35.94,38.55,1.09355,10.612,10.3,10.2,10.15,84432.88,1.79,16.8,9.0,17.88,3.45
2016-01-08,129.13106455849044,129.98850851151215,128.27362060546875,128.27362060546875,1114553,34282.0,57040.208,0.005,0.0074,0.069,0.003,0.003,0.0073,32.85,33.23,34.15,36.83,1.09315,10.2275,10.278,10.25,10.25,83733.25,1.8,16.6,9.0,17.73,3.42
2016-01-11,128.18790376708162,130.33151419796928,127.24470994406715,127.33045959472656,710053,34282.0,57040.208,0.005,0.0074,0.069,0.003,0.003,0.0073,31.78,32.12,33.05,35.76,1.086,10.512,10.2,10.175,10.175,83117.63,1.82,16.5,9.0,17.6,3.39
2016-01-12,127.20182239066162,130.03137711841578,126.81596212455231,128.7880859375,779277,34282.0,57040.208,0.005,0.0074,0.069,0.003,0.003,0.0073,30.78,30.91,31.78,34.41,1.08575,10.075,10.025,10.0,10.125,84069.13,1.8,16.7,9.0,17.8,3.43
2016-01-13,131.18893281039814,131.4461686286986,129.00244798018005,129.4740447998047,673162,34282.0,57040.208,0.005,0.0074,0.069,0.003,0.003,0.0073,30.58,30.52,31.37,33.82,1.0877,9.7275,9.762,9.915,10.09,84516.88,1.79,16.8,9.0,17.9,3.45
2016-01-14,127.8877762465874,127.97352588596438,125.40119370735202,126.77310943603516,825400,34282.0,57040.208,0.005,0.0074,0.069,0.003,0.003,0.0073,30.74,30.31,31.13,33.41,1.08655,9.54,9.9375,10.025,10.075,82753.81,1.83,16.4,9.0,17.53,3.38
2016-01-15,125.9156615643709,126.34438358115996,123.85778803364882,125.01534271240234,1256949,34282.0,57040.208,0.005,0.0074,0.069,0.003,0.003,0.0137,30.74,29.48,30.24,32.44,1.0917,9.9375,10.2625,10.25,10.3,81606.31,1.85,16.2,9.0,17.28,3.33
2016-01-18,124.58661726929971,126.08714428679474,123.94353426180183,125.44406127929688,540070,34282.0,57040.208,0.005,0.0074,0.069,0.003,0.003,0.0137,28.65,29.36,30.06,32.06,1.08925,9.85,10.05,10.1,10.2,81886.19,1.85,16.3,9.0,17.34,3.34
2016-01-19,127.84493512225274,128.91674036947632,127.0303526675147,127.93067169189453,630259,34282.0,57040.208,0.005,0.0074,0.069,0.003,0.003,0.0137,29.37,30.02,30.7,32.65,1.09085,9.59,9.825,9.975,10.15,83509.38,1.81,16.6,9.0,17.69,3.41
2016-01-20,125.44407522232176,125.61556142667031,122.31439638783603,123.72918701171875,1161940,34282.0,57040.208,0.005,0.0074,0.069,0.003,0.003,0.0137,27.47,28.16,28.9,30.96,1.0891,9.938,10.075,10.1375,10.225,80766.75,1.87,16.0,9.0,17.11,3.3
2016-01-21,123.77205609515073,126.43012484821195,123.6005568151948,125.31544494628906,1088100,34282.0,57040.208,0.005,0.0074,0.069,0.003,0.003,0.0137,28.77,29.38,30.05,32.0,1.0874,9.4,10.25,10.213,10.275,81802.25,1.85,16.2,9.0,17.32,3.34
2016-01-22,127.28755583306868,129.68840158658963,126.51586148680259,129.04531860351562,900380,34282.0,57040.208,0.005,0.0074,0.069,0.003,0.003,0.0137,31.35,31.96,32.67,34.65,1.0797,8.9,10.05,10.138,10.275,84237.0,1.79,16.7,9.0,17.84,3.44
2016-01-25,129.85990507714862,130.9317101918223,129.47405785257783,130.41725158691406,677029,34282.0,57040.208,0.005,0.0074,0.069,0.003,0.003,0.0137,30.98,31.78,32.55,34.7,1.0849,9.088,10.075,10.2,10.275,85132.56,1.78,16.9,9.0,18.03,3.48
2016-01-26,128.35937965790706,131.1031981719821,127.58768519829674,130.8031005859375,557573,34282.0,57040.208,0.005,0.0074,0.069,0.003,0.003,0.0137,31.78,32.53,33.28,35.36,1.08715,8.825,10.0,10.112,10.282,85384.44,1.77,17.0,9.0,18.08,3.49
2016-01-27,130.16002193824622,132.26075744628906,129.73129987196975,132.26075744628906,465928,34282.0,57040.208,0.005,0.0074,0.069,0.003,0.003,0.0137,32.41,33.21,34.01,36.16,1.0893,8.75,9.975,10.1025,10.3,86335.94,1.75,17.1,9.0,18.28,3.53
2016-01-28,131.5319146447541,132.13213595850232,129.17394346049733,131.0174560546875,658149,34282.0,57040.208,0.005,0.0074,0.069,0.003,0.003,0.0137,34.14,35.03,35.84,37.94,1.0939,8.8,10.088,10.2,10.325,85524.38,1.77,17.0,9.0,18.11,3.49
2016-01-29,132.94669156608444,135.09030151367188,132.04637277138636,135.09030151367188,757534,34282.0,57040.208,0.005,0.0074,0.069,0.003,0.003,0.0137,34.1,35.19,36.01,38.26,1.08365,8.775,10.225,10.325,10.403,88183.0,1.71,17.5,9.0,18.68,3.6
2016-02-01,135.64764541220077,135.69052023119707,133.71839630938754,135.0045623779297,497793,34282.0,57040.208,0.005,0.0074,0.069,0.003,0.003,0.0137,34.1,34.74,35.53,37.88,1.08885,8.475,10.025,10.125,10.2875,88127.06,1.71,17.5,9.0,18.66,3.6
2016-02-02,134.61873504243485,134.87597091082026,132.94672152326942,134.10426330566406,509691,34282.0,57040.208,0.005,0.0074,0.069,0.003,0.003,0.0137,34.1,33.16,33.9,36.28,1.09195,8.45,9.925,10.175,10.325,87539.31,1.73,17.4,9.0,18.54,3.58
2016-02-03,134.40436274605912,134.66159859290684,131.36043357273806,132.13214111328125,711570,34282.0,57040.208,0.005,0.0074,0.069,0.003,0.003,0.0137,34.1,34.27,34.97,37.2,1.1104,9.613,10.45,10.575,10.638,86252.0,1.75,17.1,9.0,18.27,3.52
2016-02-04,133.33256823056703,133.46117962244597,131.18895780885376,132.04640197753906,1075554,34282.0,57040.208,0.005,0.0074,0.069,0.003,0.003,0.0137,34.1,34.75,35.43,37.63,1.1208,9.925,10.4375,10.45,10.475,86196.0,1.75,17.1,9.0,18.26,3.52
2016-02-05,132.04637038519976,133.4182859602868,130.71732962500104,131.36041259765625,745292,34282.0,57040.208,0.005,0.0074,0.069,0.003,0.003,0.0137,34.1,34.42,35.15,37.51,1.1159,9.225,10.305,10.35,10.35,85748.25,1.76,17.0,9.0,18.16,3.5
2016-02-08,132.0463706505715,132.0463706505715,127.97351181557012,128.6594696044922,895232,34282.0,57040.208,0.005,0.0074,0.069,0.003,0.003,0.0137,34.1,33.74,34.43,36.79,1.11975,10.775,11.275,11.025,10.9,83985.13,1.8,16.7,9.0,17.79,3.43
2016-02-09,129.6026670013865,130.63161036060345,126.13002895648336,126.85884857177734,1133285,34282.0,57040.208,0.005,0.0074,0.069,0.003,0.003,0.0137,34.1,32.06,32.72,35.04,1.1293,10.75,11.0625,10.875,10.7,82809.75,1.82,16.4,9.0,17.54,3.38
2016-02-10,128.05926742448798,131.0603214430265,126.6016021486378,129.4740447998047,1016077,34282.0,57040.208,0.005,0.0074,0.069,0.003,0.003,0.0137,34.1,30.86,31.54,33.92,1.129,12.388,11.325,11.0,10.7875,84516.88,1.79,16.8,9.0,17.9,3.45
2016-02-11,127.33043490878167,127.50192109329419,125.35831107799483,125.78703308105469,1026387,34282.0,57040.208,0.005,0.0074,0.069,0.003,0.003,0.0137,34.1,30.09,30.81,33.27,1.1324,12.425,11.5,11.1,10.725,82110.13,1.84,24.8,5.92,17.39,3.35
2016-02-12,129.5598217011285,129.90279414200683,127.07322571230064,128.7452392578125,1614541,34282.0,57040.208,0.005,0.0074,0.069,0.003,0.003,0.0137,34.1,32.78,33.44,35.78,1.12605,11.725,11.138,10.9,10.6,84041.13,2.06,25.4,5.92,17.8,3.43
2016-02-15,130.3743741859667,132.26074853375593,129.25969427204996,131.74627685546875,1014038,34282.0,57040.208,0.005,0.023383,0.069,-0.001,-0.001,0.0102,33.61,34.25,35.0,37.17,1.1155,11.725,11.05,10.738,10.525,86000.13,2.02,26.0,5.92,18.21,3.51
2016-02-16,132.26076219106514,134.36149777447062,131.74629045965335,132.3465118408203,921568,34282.0,57040.208,0.005,0.023383,0.069,-0.001,-0.001,0.0102,32.31,32.93,33.67,35.83,1.1144,11.7,10.9,10.825,10.675,86391.88,2.01,26.1,5.92,18.3,3.53
2016-02-17,132.56083863392206,133.54689393355633,132.30360283467428,132.94668579101562,1132941,34282.0,57040.208,0.005,0.023383,0.069,-0.001,-0.001,0.0102,34.44,35.05,35.78,37.92,1.1128,12.0375,10.775,10.665,10.625,86783.75,2.0,26.2,5.92,18.38,3.54
2016-02-18,133.63266166979494,133.63266166979494,131.40330188562058,131.66053771972656,1173985,34282.0,57040.208,0.005,0.023383,0.069,-0.001,-0.001,0.0102,34.49,35.09,35.79,37.85,1.1107,12.025,10.737,10.675,10.625,85944.13,2.02,26.0,5.92,18.2,3.51
2016-02-19,131.660533406512,132.6037139892578,130.7173397402086,132.6037139892578,936454,34282.0,57040.208,0.005,0.023383,0.069,-0.001,-0.001,0.0102,33.01,33.67,34.41,36.48,1.11345,11.8,10.875,10.95,10.85,86559.81,2.0,26.1,5.92,18.33,3.54
2016-02-22,133.28966211827625,135.3903972217368,133.28966211827625,134.70445251464844,661644,34282.0,57040.208,0.005,0.023383,0.069,-0.001,-0.001,0.0102,34.88,35.47,36.14,38.15,1.1029,12.075,11.1,11.1,11.112,87931.13,1.97,26.6,5.92,18.62,3.59
2016-02-23,133.76126992095246,135.13318561510326,133.28967308336578,134.27574157714844,651036,34282.0,57040.208,0.005,0.023383,0.069,-0.001,-0.001,0.0102,33.2,33.81,34.52,36.56,1.10205,11.775,10.7875,11.1375,11.025,87651.31,1.98,26.5,5.92,18.56,3.58
2016-02-24,134.53297916413067,134.57585398747014,131.27470192727685,132.26075744628906,795582,34282.0,57040.208,0.005,0.023383,0.069,-0.001,-0.001,0.0102,32.99,33.67,34.38,36.43,1.1013,12.075,11.0875,11.6375,11.45,86335.94,2.01,26.1,5.92,18.28,3.53
2016-02-25,133.54691856136037,135.60477916772672,133.20394615481885,134.4901123046875,617380,34282.0,57040.208,0.005,0.023383,0.069,-0.001,-0.001,0.0102,33.78,34.29,34.94,36.93,1.10235,11.15,10.825,11.325,11.3,87791.19,1.98,26.5,5.92,18.59,3.59
2016-02-26,135.86198996887092,137.5340030387604,134.31858825683594,134.31858825683594,724854,34282.0,57040.208,0.005,0.023383,0.069,-0.001,-0.001,0.0102,36.27,36.54,37.12,38.87,1.0934,11.375,10.825,11.475,11.387,87679.25,1.98,26.5,5.92,18.57,3.58
2016-02-29,132.9895818078956,134.01851208537715,131.06033263128333,133.7612762451172,980748,34282.0,57040.208,0.005,0.023383,0.069,-0.001,-0.001,0.0102,36.14,36.58,37.21,39.03,1.0873,11.85,10.927,11.625,11.528,87825.31,1.99,26.4,5.92,18.49,3.57
2016-03-01,133.7184085934057,136.33361578973185,132.818089646007,136.29074096679688,591586,34282.0,57040.208,0.005,0.023383,0.069,-0.001,-0.001,0.0102,36.56,37.24,37.85,39.69,1.0867,11.5,10.737,11.55,11.5,89486.13,1.95,26.9,5.92,18.84,3.63
2016-03-02,135.90486103382386,135.94773584644477,132.60369671535278,133.54689025878906,1076647,34282.0,57040.208,0.005,0.023383,0.069,-0.001,-0.001,0.0102,37.24,37.86,38.41,40.11,1.0868,11.375,10.855,11.45,11.375,87684.63,1.99,26.3,5.92,18.46,3.56
2016-03-03,133.11817533962508,133.50402250650689,130.20287109701084,131.36041259765625,904156,34282.0,57040.208,0.005,0.023383,0.069,-0.001,-0.001,0.0102,37.02,37.65,38.19,39.84,1.0957,11.275,11.025,11.375,11.4,86249.0,2.02,25.9,5.92,18.16,3.5
2016-03-04,131.87490502465062,135.26180659851988,131.23182195048966,133.50404357910156,692529,34282.0,57040.208,0.005,0.023383,0.069,-0.001,-0.001,0.0102,38.18,38.8,39.34,41.01,1.1004,11.1,10.775,11.225,11.275,87656.44,1.99,26.3,5.92,18.46,3.56
2016-03-07,132.98957563751827,133.28967320093253,131.48904856977381,131.96063232421875,441320,34282.0,57040.208,0.005,0.023383,0.069,-0.001,-0.001,0.0102,40.01,40.65,41.2,42.87,1.1014,11.65,10.85,11.2875,11.25,86643.06,2.01,26.0,5.92,18.24,3.52
2016-03-08,131.10319398652533,133.0753179780302,129.645541674042,132.7323455810547,606003,34282.0,57040.208,0.005,0.023383,0.069,-0.001,-0.001,0.0102,40.07,40.68,41.23,42.87,1.1011,11.525,10.6,10.963,10.888,87149.75,2.0,26.2,5.92,18.35,3.54
2016-03-09,133.11817358662373,135.3475330958931,132.6465767961756,134.6615753173828,687785,34282.0,57040.208,0.005,0.023383,0.069,-0.001,-0.001,0.0102,40.93,41.5,41.99,43.48,1.0999,11.85,10.655,10.94,10.825,88416.5,1.97,26.5,5.92,18.62,3.59
2016-03-10,134.57582425060667,139.07740495180718,131.61764526367188,131.61764526367188,1136725,34282.0,57040.208,0.005,0.023383,0.069,-0.001,-0.001,0.0102,39.71,40.34,40.84,42.42,1.1177,10.3875,10.35,10.725,10.67,86417.88,2.02,25.9,5.92,18.2,3.51
2016-03-11,133.7612859375,135.17606353610753,132.90384179687499,133.97564697265625,615552,34282.0,57040.208,0.005,0.023383,0.069,-0.001,-0.001,0.0102,40.49,41.17,41.7,43.25,1.1153,9.7,9.9,10.425,10.425,87966.06,1.98,26.4,5.92,18.52,3.57
2016-03-14,135.00454895268274,135.9906173573089,134.27572943645282,135.39039611816406,613272,34282.0,57040.208,0.005,0.023383,0.069,-0.001,-0.001,0.0102,39.18,39.84,40.37,41.98,1.1106,9.275,9.505,10.0,10.025,88895.0,1.96,26.7,5.92,18.72,3.61
2016-03-15,134.7473186516886,135.43327646476075,134.40434628693106,135.17604064941406,487879,34282.0,57040.208,0.005,0.023383,0.069,0.0,-0.001,0.0085,38.69,39.32,39.8,41.35,1.1109,9.4125,9.725,10.237,10.325,88754.25,1.97,26.6,5.92,18.69,3.6
2016-03-16,135.81914810886923,136.0335091463413,133.20395391855772,133.3325653076172,649269,34282.0,57040.208,0.005,0.023383,0.069,0.0,-0.001,0.0085,40.15,40.78,41.19,42.65,1.1225,8.525,9.45,9.825,10.04,87543.81,1.99,26.3,5.92,18.43,3.55
2016-03-17,133.97564603476138,134.1042574215311,130.97459156358272,133.28968811035156,980179,34282.0,57040.208,0.005,0.023383,0.069,0.0,-0.001,0.0085,41.55,42.18,42.56,43.89,1.1319,8.7,9.6025,9.875,9.963,87515.69,1.99,26.3,5.92,18.43,3.55
2016-03-18,133.50402233613323,136.46220138986067,132.3893425682421,136.37646484375,1709954,34282.0,57040.208,0.005,0.023383,0.069,0.0,-0.001,0.0085,41.53,42.15,42.54,43.77,1.127,8.45,9.438,9.725,9.925,89542.44,1.95,26.9,5.92,18.85,3.64
2016-03-21,135.51905404000385,135.69054025774085,133.54692982712885,134.10426330566406,615758,34282.0,57040.208,0.005,0.023383,0.069,0.0,-0.001,0.0085,41.4,42.1,42.49,43.78,1.1241,9.025,9.45,9.675,9.863,88050.56,1.98,26.4,5.92,18.54,3.58
2016-03-22,132.81808770133767,133.1181983739295,130.4172546548385,132.5179901123047,782175,34282.0,57040.208,0.005,0.023383,0.069,0.0,-0.001,0.0085,41.69,42.41,42.81,44.18,1.1217,8.9,9.75,9.8,9.9,87009.0,2.01,26.1,5.92,18.32,3.53
2016-03-23,132.81806890845382,135.77626114282344,132.81806890845382,135.4761505126953,990640,34282.0,57040.208,0.005,0.023383,0.069,0.0,-0.001,0.0085,40.77,41.39,41.8,43.18,1.1184,9.05,10.3,10.225,10.275,88951.31,1.96,26.7,5.92,18.73,3.61
2016-03-24,134.44723035175707,135.00456375371513,134.14711969928246,134.36148071289062,981452,34282.0,57040.208,0.005,0.023383,0.069,0.0,-0.001,0.0085,39.75,40.35,40.78,42.2,1.1174,8.85,10.35,10.225,10.25,88219.44,1.98,26.5,5.92,18.58,3.58
2016-03-29,134.19000023624014,135.34755499246816,134.10425059372008,135.13319396972656,852628,34282.0,57040.208,0.005,0.023383,0.069,0.0,-0.001,0.0085,38.84,39.53,39.94,41.4,1.1291,8.875,10.05,9.925,10.05,88726.06,1.97,26.6,5.92,18.68,3.6
2016-03-30,135.5619280402815,138.47723297474704,135.51905321521824,137.79127502441406,932550,34282.0,57040.208,0.005,0.023383,0.069,0.0,-0.001,0.0085,39.73,40.47,40.9,42.37,1.1338,8.688,9.85,9.625,9.725,90471.38,1.93,27.2,5.92,19.05,3.67
2016-03-31,136.89093666174662,137.0195611187355,134.7473265475097,135.0045623779297,793103,34282.0,57040.208,0.005,0.023383,0.069,0.0,-0.001,0.0085,39.85,40.61,41.04,42.54,1.138,8.95,10.125,9.95,9.85,88641.69,1.97,26.6,5.92,18.66,3.6
2016-04-01,133.28967422047577,133.5897848697433,129.73128666602932,132.64659118652344,772742,34282.0,57040.208,0.005,0.023383,0.069,0.0,-0.001,0.0085,38.57,39.0,39.45,40.95,1.13875,8.65,10.125,9.875,9.915,87093.44,2.0,26.1,5.92,18.34,3.54
2016-04-04,132.43223589854935,134.57584610436453,131.91777729928876,133.41830444335938,470951,34282.0,57040.208,0.005,0.023383,0.069,0.0,-0.001,0.0085,38.07,38.4,38.84,40.27,1.1392,8.7625,10.15,9.875,9.875,87600.13,1.99,26.3,5.92,18.44,3.56
2016-04-05,132.47511610088256,132.7323519527417,131.48906059957466,132.21788024902344,484214,34282.0,57040.208,0.005,0.023383,0.069,0.0,-0.001,0.0085,37.66,37.89,38.26,39.65,1.1384,9.075,10.5,10.25,10.212,86811.94,2.01,26.1,5.92,18.28,3.52
2016-04-06,132.81807230370387,133.88987731933594,131.40329491649246,133.88987731933594,721635,34282.0,57040.208,0.005,0.023383,0.069,0.0,-0.001,0.0085,39.4,39.56,39.91,41.17,1.1399,9.25,10.8,10.525,10.4,87909.75,1.99,26.4,5.92,18.51,3.57
2016-04-07,133.67552322817804,134.06138352060316,132.34649540692,133.03244018554688,571141,34282.0,57040.208,0.005,0.023383,0.069,0.0,-0.001,0.0085,38.8,38.97,39.32,40.57,1.1377,9.475,11.15,10.65,10.527,87346.81,2.0,26.2,5.92,18.39,3.55
2016-04-08,133.33254903945084,133.71839624311067,132.0892577905212,132.64659118652344,420327,34282.0,57040.208,0.005,0.023383,0.069,0.0,-0.001,0.0085,41.96,42.0,42.27,43.32,1.14015,9.0,10.8,10.387,10.325,87093.44,2.0,26.1,5.92,18.34,3.54
2016-04-11,132.0464148683943,133.20396984254813,130.71737366047424,132.0035400390625,337749,34282.0,57040.208,0.005,0.023383,0.069,0.0,-0.001,0.0085,42.84,42.94,43.25,44.33,1.1408,9.2,10.75,10.35,10.275,86671.19,2.01,26.0,5.92,18.25,3.52
2016-04-12,132.30361147340642,132.8180700219372,130.07425184576837,132.47509765625,439980,34282.0,57040.208,0.005,0.023383,0.069,0.0,-0.001,0.0085,44.28,44.32,44.62,45.56,1.1386,9.05,10.75,10.3,10.225,86980.88,2.01,26.1,5.92,18.31,3.53
2016-04-13,134.14711047158437,135.64763746362348,133.9756242892056,135.17604064941406,632444,34282.0,57040.208,0.005,0.023383,0.069,0.0,-0.001,0.0085,44.23,44.2,44.51,45.34,1.1274,9.175,10.737,10.325,10.275,88754.25,1.97,26.6,5.92,18.69,3.6
2016-04-14,135.176057035436,137.36254210559267,134.4043625794083,136.84808349609375,627233,34282.0,57040.208,0.005,0.023383,0.069,0.0,-0.001,0.0085,44.3,44.26,44.58,45.49,1.1268,8.675,10.65,10.275,10.2,89852.06,1.94,27.0,5.92,18.92,3.65
2016-04-15,135.43328482483807,136.97668672863284,135.0903124389094,136.0334930419922,642766,34282.0,57040.208,0.005,0.023383,0.069,-0.003,-0.001,0.0113,42.87,42.84,43.15,44.01,1.1283,8.4,10.45,10.088,10.1,89317.25,1.95,26.8,5.92,18.81,3.63
2016-04-18,134.14712787023524,137.96275152816023,134.14712787023524,137.576904296875,686011,34282.0,57040.208,0.005,0.023383,0.069,-0.003,-0.001,0.0113,42.82,42.73,42.99,43.81,1.1314,8.35,10.2,10.025,10.04,90330.63,1.93,27.1,5.92,19.02,3.67
2016-04-19,142.6786865785204,145.29389358241008,142.63582484229835,144.4793243408203,1425672,34282.0,57040.208,0.005,0.023383,0.069,-0.003,-0.001,0.0113,44.06,43.92,44.27,45.11,1.1358,8.125,9.95,9.675,9.675,94862.63,1.84,28.5,5.92,19.97,3.85
2016-04-20,143.19317399321497,144.30785401226925,142.89306330531437,144.13636779785156,726267,34282.0,57040.208,0.005,0.023383,0.069,-0.003,-0.001,0.0113,44.48,44.31,44.7,45.59,1.1297,7.915,10.0,9.775,9.735,94637.44,1.84,28.4,5.92,19.93,3.84
2016-04-21,144.00773391300618,144.30784458129358,140.32072166796584,141.6068878173828,715321,34282.0,57040.208,0.005,0.023383,0.069,-0.003,-0.001,0.0113,45.16,44.99,45.36,46.39,1.1288,7.75,9.863,9.7,9.725,92976.63,1.88,27.9,5.92,19.58,3.78
2016-04-22,141.60688326277517,142.12135493941807,139.29178688499857,140.14923095703125,431029,34282.0,57040.208,0.005,0.023383,0.069,-0.003,-0.001,0.0113,45.5,45.42,45.78,46.77,1.12335,7.85,10.1,9.825,9.825,92019.56,1.9,27.6,5.92,19.38,3.74
2016-04-25,139.89198226444935,140.87805070681497,138.86305208926714,140.1920928955078,572245,34282.0,57040.208,0.005,0.023383,0.069,-0.003,-0.001,0.0113,45.11,45.05,45.46,46.49,1.1266,7.925,9.7025,9.6,9.675,92047.69,1.9,27.6,5.92,19.38,3.74
2016-04-26,141.1352926786399,142.2928342698847,138.90593296552328,139.634765625,576325,34282.0,57040.208,0.005,0.023383,0.069,-0.003,-0.001,0.0113,45.6,45.47,45.86,46.89,1.12985,7.85,9.328,9.325,9.45,91681.75,1.9,27.5,5.92,19.3,3.72
2016-04-27,139.93487739115463,141.3925297745248,139.76339118432736,141.30679321289062,626725,34282.0,57040.208,0.005,0.023383,0.069,-0.003,-0.001,0.0113,46.07,45.86,46.22,47.21,1.13215,7.65,9.6,9.49,9.555,92779.56,1.88,27.9,5.92,19.54,3.77
2016-04-28,140.7494421242623,142.2071075439453,139.33466460934466,142.2071075439453,824867,34282.0,57040.208,0.005,0.023383,0.069,-0.003,-0.001,0.0113,47.58,47.23,47.55,48.42,1.1353,7.35,9.475,9.3,9.35,93370.69,1.87,28.0,5.92,19.66,3.79
2016-04-29,142.33816169964481,142.33816169964481,138.01297144531387,138.44985961914062,867439,34282.0,57040.208,0.005,0.023383,0.069,-0.003,-0.001,0.0113,47.63,47.18,47.52,48.36,1.1456,8.0,9.675,9.55,9.567,89204.63,1.96,26.8,5.92,18.78,3.62
2016-05-02,138.18770738315945,139.54206322524382,138.14402923725942,138.58091735839844,386688,34282.0,57040.208,0.005,0.023383,0.069,-0.003,-0.001,0.0113,47.63,47.18,47.52,48.36,1.1532,9.038,9.962,9.7,9.6,89289.06,1.95,26.8,5.92,18.8,3.63
2016-05-03,137.9692818677565,138.71199710663194,136.00328505837115,137.8819122314453,678869,34282.0,57040.208,0.005,0.023383,0.069,-0.003,-0.001,0.0113,44.91,45.34,45.76,46.74,1.1497,9.225,9.975,9.7,9.63,88838.69,1.96,26.7,5.92,18.71,3.61
2016-05-04,137.57609897579795,139.4547263373596,137.1392107521004,137.44503784179688,685957,34282.0,57040.208,0.005,0.023383,0.069,-0.003,-0.001,0.0113,44.86,45.28,45.69,46.7,1.1487,9.15,10.1,9.775,9.675,88557.19,1.97,26.6,5.92,18.65,3.6
2016-05-05,137.7945184613638,139.41100993325765,137.5760743885548,138.62460327148438,363399,34282.0,57040.208,0.005,0.023383,0.069,-0.003,-0.001,0.0113,45.68,46.09,46.51,47.45,1.1405,9.25,10.338,9.9125,9.8,89317.25,1.95,26.8,5.92,18.81,3.63
2016-05-06,137.8819025410398,138.71198735788772,136.26541105604534,137.8382110595703,506857,34282.0,57040.208,0.005,0.023383,0.069,-0.003,-0.001,0.0113,45.82,46.27,46.71,47.68,1.1405,8.54,9.962,9.775,9.7,88810.56,1.97,26.7,5.92,18.7,3.61
2016-05-09,138.93044295306612,140.98382275749276,138.23141918989305,140.11004638671875,383944,34282.0,57040.208,0.005,0.023383,0.069,-0.003,-0.001,0.0113,43.73,44.28,44.8,45.92,1.1383,8.55,9.88,9.763,9.6875,90274.31,1.93,27.1,5.92,19.01,3.67
2016-05-10,140.59060449558325,142.64398417982443,140.19740781830285,140.50323486328125,467614,34282.0,57040.208,0.005,0.023383,0.069,-0.003,-0.001,0.0113,45.17,45.65,46.13,47.2,1.1372,8.177,9.65,9.625,9.675,90527.63,1.93,27.2,5.92,19.06,3.68
2016-05-11,140.0663534226067,140.24110602836237,138.4061703360051,139.10519409179688,382550,34282.0,57040.208,0.005,0.023383,0.069,-0.003,-0.001,0.0113,47.15,47.6,48.04,48.97,1.1427,7.95,9.525,9.505,9.525,89626.88,1.95,26.9,5.92,18.87,3.64
2016-05-12,138.40617151712163,140.41585983238463,136.92075435636875,138.3188018798828,477277,34282.0,57040.208,0.005,0.023383,0.069,-0.003,-0.001,0.0113,47.12,47.48,47.88,48.81,1.1377,7.8,9.612,9.55,9.625,89120.19,1.96,26.8,5.92,18.76,3.62
2016-05-13,137.44501407549885,139.84789889034053,136.65860740916244,139.4110107421875,486289,34282.0,57040.208,0.005,0.023383,0.069,-0.003,-0.001,0.0113,47.91,48.24,48.59,49.44,1.1308,8.15,9.8,9.75,9.8,89823.94,1.94,27.0,5.92,18.91,3.65
2016-05-16,138.2314059168005,139.06149072277648,137.0954940773116,138.97412109375,199760,34282.0,57040.208,0.003,0.012907,0.068,-0.001,0.001,0.0102,49.06,49.41,49.75,50.46,1.13195,8.85,10.0,9.975,9.95,89542.44,1.95,26.9,5.92,18.85,3.64
2016-05-17,139.80421413080788,140.6342989856558,137.09550214891593,138.01296997070312,515317,34282.0,57040.208,0.003,0.012907,0.068,-0.001,0.001,0.0102,49.33,49.76,50.1,50.81,1.1314,8.6,9.8,9.9,9.825,88923.13,1.96,26.7,5.92,18.72,3.61
2016-05-18,136.96442972127534,139.71681962658624,136.92073824141357,139.6731414794922,508789,34282.0,57040.208,0.003,0.012907,0.068,-0.001,0.001,0.0102,49.61,50.08,50.48,51.28,1.1217,9.125,9.85,9.838,9.837,89992.81,1.94,27.0,5.92,18.95,3.65
2016-05-19,138.75567061716401,139.32361984430827,136.87704368744176,138.2313995361328,547703,34282.0,57040.208,0.003,0.012907,0.068,-0.001,0.001,0.0102,47.77,48.31,48.73,49.68,1.1203,9.002,9.75,9.852,9.875,89063.88,1.96,26.7,5.92,18.75,3.62
2016-05-20,139.62945998553928,140.89643299553452,139.2362633041985,140.37216186523438,790604,34282.0,57040.208,0.003,0.012907,0.068,-0.001,0.001,0.0102,48.86,49.39,49.8,50.65,1.1224,8.825,9.49,9.775,9.8,90443.19,1.93,27.2,5.92,19.04,3.67
2016-05-23,140.5469338371536,140.5469338371536,138.6246151652876,139.8916015625,340848,34282.0,57040.208,0.003,0.012907,0.068,-0.001,0.001,0.0102,48.25,48.83,49.27,50.22,1.1219,8.9,9.35,9.625,9.7,90133.56,1.94,27.1,5.92,18.98,3.66
2016-05-24,139.41100575910684,143.99833115074523,138.75567356030135,143.47406005859375,663885,34282.0,57040.208,0.003,0.012907,0.068,-0.001,0.001,0.0102,48.62,49.19,49.64,50.63,1.1141,8.925,9.177,9.587,9.675,92441.75,1.89,27.8,5.92,19.46,3.75
2016-05-25,143.8672623474355,145.44006235273787,143.474065679302,143.9983367919922,508339,34282.0,57040.208,0.003,0.012907,0.068,-0.001,0.001,0.0102,49.15,49.65,50.03,50.93,1.1155,9.025,8.83,9.387,9.55,92779.56,1.88,27.9,5.92,19.54,3.77
2016-05-26,143.47407416520053,145.13425723173364,143.38670452976342,144.82843017578125,400869,34282.0,57040.208,0.003,0.012907,0.068,-0.001,0.001,0.0102,49.54,50.12,50.48,51.32,1.1194,9.075,8.6,9.14,9.45,93314.44,1.87,28.0,5.92,19.65,3.79
2016-05-27,144.74103163192794,145.8769434325264,144.3041435034491,145.833251953125,415878,34282.0,57040.208,0.003,0.012907,0.068,-0.001,0.001,0.0102,49.32,49.96,50.35,51.21,1.1115,9.075,8.563,9.125,9.35,93961.81,1.86,28.2,5.92,19.78,3.82
2016-05-30,145.35271197534237,146.48861064868095,144.87213228051527,146.31385803222656,224754,34282.0,57040.208,0.003,0.012907,0.068,-0.001,0.001,0.0102,49.32,49.96,50.35,51.21,1.11465,9.475,8.75,9.225,9.45,94271.5,1.85,28.3,5.92,19.85,3.83
2016-05-31,146.27014610744354,147.66819350927767,146.00802388577176,147.580810546875,840791,34282.0,57040.208,0.003,0.012907,0.068,-0.001,0.001,0.0102,49.66,49.88,50.27,51.17,1.1132,9.925,9.05,9.375,9.475,95087.81,1.84,28.5,5.92,20.02,3.86
2016-06-01,147.4934274843004,148.45457331935305,146.75071236982464,147.01284790039062,662792,34282.0,57040.208,0.003,0.012907,0.068,-0.001,0.001,0.0102,49.56,49.98,50.27,51.13,1.1188,10.05,9.1875,9.475,9.55,94721.88,1.84,28.4,5.92,19.94,3.85
2016-06-02,147.012876962585,147.36238218392018,145.39638531517832,146.57598876953125,482556,34282.0,57040.208,0.003,0.012907,0.068,-0.001,0.001,0.0102,49.77,50.22,50.53,51.42,1.1151,9.425,8.85,9.1,9.212,94440.38,1.85,28.4,5.92,19.89,3.83
2016-06-03,146.7944224544011,147.97402582508855,145.57114093372186,146.88180541992188,490008,34282.0,57040.208,0.003,0.012907,0.068,-0.001,0.001,0.0102,49.55,49.98,50.27,51.07,1.1367,8.905,8.43,8.7,8.85,94637.44,1.84,28.4,5.92,19.93,3.84
2016-06-06,146.18278169406148,147.58081581301366,146.1390902113011,146.88180541992188,264451,34282.0,57040.208,0.003,0.012907,0.068,-0.001,0.001,0.0102,50.51,50.93,51.2,52.01,1.13545,9.625,8.85,9.125,9.2,94637.44,1.84,28.4,5.92,19.93,3.84
2016-06-07,146.79443021666847,148.49829147227237,146.40123351657056,147.4934539794922,686697,34282.0,57040.208,0.003,0.012907,0.068,-0.001,0.001,0.0102,51.13,51.56,51.85,52.69,1.1358,9.55,8.75,9.0,9.05,95031.5,1.84,28.5,5.92,20.01,3.86
2016-06-08,146.92548505231719,147.31869506835938,145.7895864856981,147.31869506835938,474760,34282.0,57040.208,0.003,0.012907,0.068,-0.001,0.001,0.0102,52.13,52.58,52.85,53.67,1.1394,9.725,9.0,9.1,9.15,94918.94,1.84,28.5,5.92,19.99,3.85
2016-06-09,146.8381101945092,147.05655426997478,145.17792722130991,145.78958129882812,452339,34282.0,57040.208,0.003,0.012907,0.068,-0.001,0.001,0.0102,51.92,52.38,52.69,53.51,1.1316,10.712,9.5,9.5,9.45,93933.69,1.86,28.2,5.92,19.78,3.81
2016-06-10,145.22163145830038,145.8769637422573,142.25079710413675,142.77505493164062,603849,34282.0,57040.208,0.003,0.012907,0.068,-0.001,0.001,0.0102,50.52,50.98,51.31,52.19,1.1251,12.125,10.5,10.35,10.25,91991.44,1.9,27.6,5.92,19.37,3.74
2016-06-13,141.59544363990167,143.3429961357159,141.02748107910156,141.02748107910156,551269,34282.0,57040.208,0.003,0.012907,0.068,-0.001,0.001,0.0102,50.34,50.81,51.14,52.08,1.1292,12.55,10.65,10.463,10.275,90865.44,1.92,27.3,5.92,19.13,3.69
2016-06-14,139.62946376399634,140.41585714795815,138.66830444335938,138.66830444335938,811330,34282.0,57040.208,0.003,0.012907,0.068,-0.001,0.001,0.0102,49.7,50.2,50.53,51.48,1.1208,13.5,11.375,10.95,10.525,89345.38,1.95,26.8,5.92,18.81,3.63
2016-06-15,139.67316110616682,141.9012802317641,139.19258142569245,140.41586303710938,714402,34282.0,57040.208,0.003,0.012907,0.068,0.0,0.003,0.01,48.87,49.43,49.78,50.79,1.1259,11.675,10.25,10.075,10.0,90471.38,1.93,27.2,5.92,19.05,3.67
2016-06-16,138.93043772037186,141.15857004847877,138.1440443494018,140.80905151367188,612736,34282.0,57040.208,0.003,0.012907,0.068,0.0,0.003,0.01,47.15,47.72,48.09,49.18,1.1226,12.0375,10.375,10.15,9.9,90724.69,1.92,27.2,5.92,19.1,3.68
2016-06-17,142.0760307927292,142.512918939899,139.84789857560955,140.9838104248047,1162890,34282.0,57040.208,0.003,0.012907,0.068,0.0,0.003,0.01,48.38,48.93,49.27,50.32,1.1277,12.0,10.25,10.2,10.025,90837.31,1.92,27.3,5.92,19.13,3.69
2016-06-20,143.16824385203398,145.30899299732897,142.51291166473345,144.3915252685547,648439,34282.0,57040.208,0.003,0.012907,0.068,0.0,0.003,0.01,50.41,51.01,51.35,52.35,1.1314,11.15,9.6,9.575,9.525,93032.94,1.88,27.9,5.92,19.59,3.78
2016-06-21,144.65366350905384,146.79441269429205,143.4740602167962,146.2701416015625,499392,34282.0,57040.208,0.003,0.012907,0.068,0.0,0.003,0.01,49.94,50.59,50.98,52.05,1.1242,11.275,9.69,9.64,9.6,94243.31,1.85,28.3,5.92,19.84,3.83
2016-06-22,147.01287914242164,148.3672352275239,146.0954112568511,147.2313232421875,496027,34282.0,57040.208,0.003,0.012907,0.068,0.0,0.003,0.01,49.88,50.6,51.03,52.11,1.1297,12.125,10.125,9.9,9.775,94862.63,1.84,28.5,5.92,19.97,3.85
2016-06-23,147.5371375998545,150.90116844666642,146.96917498974983,149.10992431640625,640192,34282.0,57040.208,0.003,0.012907,0.068,0.0,0.003,0.01,50.46,51.11,51.54,52.61,1.13885,10.5125,9.575,9.525,9.45,96073.06,1.82,28.8,5.92,20.23,3.9
2016-06-24,137.66344255291577,147.7555602984122,135.61006315612804,143.56143188476562,2354039,34282.0,57040.208,0.003,0.012907,0.068,0.0,0.003,0.01,48.34,48.97,49.42,50.53,1.1117,11.925,11.3,11.15,10.95,92498.06,1.89,27.8,5.92,19.48,3.76
2016-06-27,141.94495117326724,145.44005622318588,141.5517545217049,142.2507781982422,1122001,34282.0,57040.208,0.003,0.012907,0.068,0.0,0.003,0.01,47.11,47.71,48.15,49.3,1.1026,11.925,11.2775,11.1375,10.8125,91653.63,1.9,27.5,5.92,19.3,3.72
2016-06-28,145.00320074698496,146.88182813404785,144.04205464146574,144.47894287109375,878342,34282.0,57040.208,0.003,0.012907,0.068,0.0,0.003,0.01,47.8,48.5,49.01,50.25,1.10665,10.45,10.212,10.35,10.25,93089.25,1.87,27.9,5.92,19.6,3.78
2016-06-29,145.57114272324424,148.62935989530592,144.95948862261687,148.54197692871094,752905,34282.0,57040.208,0.003,0.012907,0.068,0.0,0.003,0.01,49.96,50.68,51.18,52.47,1.1125,9.775,9.475,9.675,9.8125,95707.13,1.82,28.7,5.92,20.15,3.89
2016-06-30,147.23131822985272,150.59536258482947,147.23131822985272,150.28953552246094,843401,35015.0,57658.671,0.003,0.012907,0.068,0.0,0.003,0.01,49.68,49.69,50.13,51.43,1.11055,9.625,9.6,9.725,9.7875,96833.06,1.8,29.1,5.92,20.39,3.93
2016-07-01,150.944859562067,151.90601884897052,149.37205951657424,150.68272399902344,573943,35015.0,57658.671,0.003,0.012907,0.068,0.0,0.003,0.01,49.76,50.25,50.65,52.02,1.1136,9.25,9.3,9.625,9.825,97086.38,1.8,29.1,5.92,20.44,3.94
2016-07-04,151.16331216755594,152.25553263119437,150.98855955992767,151.5128173828125,410909,35015.0,57658.671,0.003,0.012907,0.068,0.0,0.003,0.01,50.15,50.73,51.15,52.55,1.1156,9.325,9.35,9.6,9.825,97065.94,1.79,29.3,5.92,20.55,3.96
2016-07-05,150.37691106204974,151.60019258554033,149.63419585172207,151.46913146972656,645195,35015.0,57658.671,0.003,0.012907,0.068,0.0,0.003,0.01,47.94,48.58,49.02,50.52,1.1076,9.94,9.638,9.875,10.013,97037.94,1.79,29.3,5.92,20.55,3.96
2016-07-06,150.11475905269776,152.08075557114262,148.80409470706786,149.4594268798828,699159,35015.0,57658.671,0.003,0.012907,0.068,0.0,0.003,0.01,47.58,48.2,48.67,50.24,1.10995,9.725,9.7,9.78,9.95,95750.44,1.81,28.9,5.92,20.28,3.91
2016-07-07,150.24581842625383,151.8186182894752,149.72156069369143,150.5953369140625,496772,35015.0,57658.671,0.003,0.012907,0.068,0.0,0.003,0.01,46.48,47.08,47.56,49.17,1.1063,9.4,9.4,9.675,9.875,96478.19,1.8,29.1,5.92,20.43,3.94
2016-07-08,150.11476438793918,151.51279840663838,148.49827297110357,150.98854064941406,560430,35015.0,57658.671,0.003,0.012907,0.068,0.0,0.003,0.01,46.6,47.21,47.72,49.35,1.10545,8.9,9.05,9.45,9.725,96730.06,1.79,29.2,5.92,20.48,3.95
2016-07-11,151.38173553688586,152.1681288299445,150.63902039017796,152.12445068359375,340748,35015.0,57658.671,0.003,0.012907,0.068,0.0,0.003,0.01,46.25,46.9,47.49,49.25,1.1058,8.9,8.95,9.375,9.65,97457.75,1.78,29.4,5.92,20.64,3.98
2016-07-12,152.0807897438506,152.6487390881355,151.03226069829458,151.5565185546875,506322,35015.0,57658.671,0.003,0.012907,0.068,0.0,0.003,0.01,47.78,48.35,48.91,50.57,1.10595,8.625,8.65,9.125,9.475,97093.94,1.79,29.3,5.92,20.56,3.96
2016-07-13,150.63903620760675,152.168144807933,150.1584698851479,151.7749481201172,538682,35015.0,57658.671,0.003,0.012907,0.068,0.0,0.003,0.01,46.27,46.82,47.35,48.98,1.109,8.425,8.55,8.975,9.45,97233.88,1.78,29.4,5.92,20.59,3.97
2016-07-14,152.47399762033046,152.86719437457364,151.16333288433907,152.037109375,475428,35015.0,57658.671,0.003,0.012907,0.068,0.0,0.003,0.01,47.3,47.81,48.28,49.74,1.112,7.965,8.285,8.827,9.325,97401.81,1.78,29.4,5.92,20.63,3.98
2016-07-15,151.64387956539366,152.38658142089844,151.11960845216936,152.38658142089844,403551,35015.0,57658.671,0.003,0.012907,0.068,0.002,0.004,0.0083,47.58,48.08,48.52,49.95,1.1036,8.275,8.45,9.05,9.55,97625.69,1.78,29.5,5.92,20.67,3.99
2016-07-18,152.25551102503425,152.9108432102209,150.98853813356018,151.906005859375,344415,35015.0,57658.671,0.003,0.012907,0.068,0.002,0.004,0.0083,46.71,47.22,47.63,49.06,1.1074,8.19,8.325,8.9975,9.487,97317.88,1.78,29.4,5.92,20.61,3.97
2016-07-19,151.250669749335,151.51279195039382,150.07106651350196,150.24581909179688,411351,35015.0,57658.671,0.003,0.012907,0.068,0.002,0.004,0.0083,46.71,47.22,47.66,49.2,1.1022,8.613,8.688,9.25,9.675,96254.25,1.8,29.1,5.92,20.38,3.93
2016-07-20,150.9011684564372,152.47396850585938,150.4642802945293,152.47396850585938,464617,35015.0,57658.671,0.003,0.012907,0.068,0.002,0.004,0.0083,47.13,47.6,47.99,49.49,1.1015,8.425,8.837,9.325,9.7,97681.69,1.78,29.5,5.92,20.69,3.99
2016-07-21,152.2992163130072,152.77979595893873,150.63903329367727,151.46913146972656,428533,35015.0,57658.671,0.003,0.012907,0.068,0.002,0.004,0.0083,46.16,46.59,46.96,48.45,1.1025,8.0375,8.715,9.28,9.718,97037.94,1.79,29.3,5.92,20.55,3.96
2016-07-22,150.90117804287533,152.51766967773438,150.0274016635503,152.51766967773438,300358,35015.0,57658.671,0.003,0.012907,0.068,0.002,0.004,0.0083,45.51,45.93,46.32,47.8,1.09755,8.0,8.675,9.35,9.7275,97709.69,1.78,29.5,5.92,20.69,3.99
2016-07-25,152.91084921694627,154.22151363880582,152.38657811509526,153.08560180664062,380110,35015.0,57658.671,0.003,0.012907,0.068,0.002,0.004,0.0083,44.71,45.12,45.53,47.11,1.0994,8.075,8.7,9.25,9.7,98073.5,1.77,29.6,5.92,20.77,4.0
2016-07-26,152.7361173987583,154.30891758543794,152.7361173987583,153.60989379882812,366794,35015.0,57658.671,0.003,0.012907,0.068,0.002,0.004,0.0083,44.7,45.06,45.43,46.93,1.09875,7.575,8.375,9.025,9.452,98409.38,1.76,29.7,5.92,20.84,4.02
2016-07-27,153.91570487650307,155.44481355017223,152.99825033851724,153.9593963623047,574287,35015.0,57658.671,0.003,0.012907,0.068,0.002,0.004,0.0083,43.45,43.89,44.3,45.84,1.10585,7.137,8.05,8.752,9.238,98633.31,1.76,29.8,5.92,20.89,4.03
2016-07-28,151.9933655339204,153.9156704847344,151.4691078197529,152.8671417236328,422818,35015.0,57658.671,0.003,0.012907,0.068,0.002,0.004,0.0083,42.7,43.23,43.62,45.1,1.10755,7.25,7.95,8.438,8.825,97933.63,1.77,33.7,5.19,20.74,4.0
2016-07-29,148.58565391077443,149.67787422277252,145.13424039141395,148.76040649414062,1338249,35015.0,57658.671,0.003,0.012907,0.068,0.002,0.004,0.0083,42.37,43.23,43.65,45.18,1.11735,7.25,8.012,8.525,8.825,95302.63,1.82,32.8,5.19,20.18,3.89
2016-08-01,149.32835572327264,149.32835572327264,147.2312980573433,148.76040649414062,483474,35015.0,57658.671,0.003,0.012907,0.068,0.002,0.004,0.0083,42.16,42.62,43.21,44.72,1.11625,7.05,7.65,8.35,8.725,95302.63,1.82,32.8,5.19,20.18,3.89
2016-08-02,148.279826890308,149.32835572327264,147.79924728647532,148.76040649414062,588698,35015.0,57658.671,0.003,0.012907,0.068,0.002,0.004,0.0083,41.77,42.19,42.78,44.25,1.12275,7.15,7.85,8.4,8.725,95302.63,1.82,32.8,5.19,20.18,3.89
2016-08-03,149.10992812469877,149.24100257627148,147.23131431374375,147.97402954101562,385269,35015.0,57658.671,0.003,0.012907,0.068,0.002,0.004,0.0083,42.47,42.85,43.39,44.81,1.1149,7.075,7.85,8.375,8.725,94798.81,1.83,32.6,5.19,20.07,3.87
2016-08-04,148.9351944526653,149.15363856694987,146.53230919553505,149.06626892089844,540100,35015.0,57658.671,0.003,0.012907,0.068,0.002,0.004,0.0083,43.27,43.63,44.15,45.45,1.113,7.1,8.0375,8.45,8.75,95498.56,1.82,32.9,5.19,20.22,3.9
2016-08-05,149.37204286755522,150.6827072039177,148.5419581210791,150.24581909179688,384075,35015.0,57658.671,0.003,0.012907,0.068,0.002,0.004,0.0083,43.59,43.93,44.44,45.7,1.10855,6.9,7.863,8.5,8.8,96254.25,1.8,33.1,5.19,20.38,3.93
2016-08-08,150.28950603796773,150.33319751441582,149.10990283770258,149.50311279296875,319671,35015.0,57658.671,0.003,0.012907,0.068,0.002,0.004,0.0083,45.15,45.5,46.03,47.26,1.10925,7.3,8.15,8.425,8.75,95778.44,1.81,33.0,5.19,20.28,3.91
2016-08-09,149.72156599253205,152.12445068359375,149.54680007605901,152.12445068359375,319190,35015.0,57658.671,0.003,0.012907,0.068,0.002,0.004,0.0083,44.94,45.32,45.84,47.09,1.11195,7.05,8.25,8.4,8.63,97457.75,1.78,33.5,5.19,20.64,3.98
2016-08-10,151.29434540012656,151.99336903454935,150.81377915092986,151.1632843017578,267989,35015.0,57658.671,0.003,0.012907,0.068,0.002,0.004,0.0083,44.08,44.46,45.0,46.36,1.11765,7.15,8.3,8.3,8.59,96842.0,1.79,33.3,5.19,20.51,3.95
2016-08-11,151.60019918975485,153.60988749398268,151.60019918975485,153.4351348876953,332573,35015.0,57658.671,0.003,0.012907,0.068,0.002,0.004,0.0083,45.8,46.12,46.6,47.87,1.1137,7.0,8.175,8.3125,8.613,98297.44,1.77,33.8,5.19,20.82,4.01
2016-08-12,153.478794409243,154.04675697669478,152.9982281334799,153.56617736816406,257481,35015.0,57658.671,0.003,0.012907,0.068,0.002,0.004,0.0083,46.72,47.01,47.45,48.64,1.1161,6.75,8.1,8.25,8.55,98381.44,1.76,33.8,5.19,20.83,4.02
2016-08-15,153.91570341681353,154.87686276425518,153.43513707586212,153.5225067138672,293508,35015.0,57658.671,0.005,0.028679,0.068,0.002,0.004,0.0106,48.12,48.39,48.81,49.92,1.1184,6.875,8.05,8.25,8.575,98353.44,1.76,33.8,5.19,20.83,4.02
2016-08-16,152.9545578673969,153.69725979016147,152.1681511263427,152.51766967773438,379577,35015.0,57658.671,0.005,0.028679,0.068,0.002,0.004,0.0106,48.98,49.23,49.64,50.77,1.1278,7.387,8.387,8.4,8.7,97709.69,1.78,33.6,5.19,20.69,3.99
2016-08-17,152.91086417860615,153.39144384686418,151.73126075040634,151.86233520507812,316867,35015.0,57658.671,0.005,0.028679,0.068,0.002,0.004,0.0106,49.28,49.53,49.92,51.04,1.12885,7.375,8.35,8.4,8.675,97289.81,1.78,33.5,5.19,20.6,3.97
2016-08-18,152.6487214751217,152.77979592367384,150.4205891774216,150.9011688232422,391948,35015.0,57658.671,0.005,0.028679,0.068,0.002,0.004,0.0106,50.56,50.83,51.23,52.38,1.1354,7.262,8.15,8.275,8.64,96674.06,1.8,33.3,5.19,20.47,3.95
2016-08-19,150.63904559685622,150.9885641555203,149.2410113605091,150.02740478515625,425531,35015.0,57658.671,0.005,0.028679,0.068,0.002,0.004,0.0106,50.52,50.78,51.19,52.36,1.1326,7.3,8.1,8.3,8.64,96114.31,1.81,33.1,5.19,20.35,3.92
2016-08-22,150.28953818307852,151.60020276025654,148.84781248129053,149.3720703125,289139,35015.0,57658.671,0.005,0.028679,0.068,0.002,0.004,0.0106,49.16,49.56,49.98,51.18,1.13185,7.95,8.1,8.275,8.625,95694.5,1.81,32.9,5.19,20.26,3.91
2016-08-23,150.02739212290717,150.90116844666642,149.02255468369148,149.10992431640625,523241,35015.0,57658.671,0.005,0.028679,0.068,0.002,0.004,0.0106,49.95,50.36,50.76,51.96,1.1306,7.95,8.15,8.275,8.625,95526.56,1.82,32.9,5.19,20.23,3.9
2016-08-24,148.5419750390702,149.7215784092526,147.75558168079434,149.10992431640625,436195,35015.0,57658.671,0.005,0.028679,0.068,0.002,0.004,0.0106,48.77,49.06,49.43,50.61,1.12635,8.125,8.438,8.575,8.875,95526.56,1.82,32.9,5.19,20.23,3.9
2016-08-25,148.49828355632852,149.41575136282944,147.5808157498276,149.10992431640625,341392,35015.0,57658.671,0.005,0.028679,0.068,0.002,0.004,0.0106,49.5,49.76,50.1,51.26,1.1283,7.85,8.25,8.475,8.775,95526.56,1.82,32.9,5.19,20.23,3.9
2016-08-26,148.97886323715963,150.37691068862165,148.0177039476834,149.67788696289062,287862,35015.0,57658.671,0.005,0.028679,0.068,0.002,0.004,0.0106,49.91,50.13,50.51,51.69,1.1198,7.8,8.325,8.575,8.802,95890.38,1.81,33.0,5.19,20.31,3.92
2016-08-29,149.24100508803025,149.85264587402344,147.93034054685802,149.85264587402344,202720,35015.0,57658.671,0.005,0.028679,0.068,0.002,0.004,0.0106,49.24,49.43,49.8,51.01,1.1189,8.15,8.5,8.675,8.95,96002.38,1.81,33.0,5.19,20.33,3.92
2016-08-30,150.28954451510037,151.20701242433378,149.37207660586694,149.5468292236328,438630,35015.0,57658.671,0.005,0.028679,0.068,0.002,0.004,0.0106,48.36,48.72,49.13,50.34,1.1143,8.3,8.59,8.675,8.9,95806.44,1.81,33.0,5.19,20.29,3.91
2016-08-31,149.1973110924139,149.72158223316688,147.97402954101562,147.97402954101562,430305,35015.0,57658.671,0.005,0.028679,0.068,0.002,0.004,0.0106,47.04,46.88,47.26,48.52,1.1158,8.213,8.75,8.8,9.1,94798.81,1.83,32.6,5.19,20.07,3.87
2016-09-01,147.58079451337352,148.80408919026902,146.57595721875106,147.3623504638672,549285,35015.0,57658.671,0.005,0.028679,0.068,0.002,0.004,0.0106,45.47,45.84,46.23,47.47,1.1198,7.925,8.663,8.7,9.0,94407.0,1.84,32.5,5.19,19.99,3.86
2016-09-02,147.84296071523778,152.60503931600522,147.66820810592668,152.51766967773438,539730,35015.0,57658.671,0.005,0.028679,0.068,0.002,0.004,0.0106,46.78,47.16,47.54,48.74,1.1156,7.475,8.4,8.575,8.925,97709.69,1.78,33.6,5.19,20.69,3.99
2016-09-05,152.91086979049572,153.39144947639124,151.7749578054981,151.8186492919922,338506,35015.0,57658.671,0.005,0.028679,0.068,0.002,0.004,0.0106,46.78,47.16,47.54,48.75,1.11475,7.65,8.35,8.425,8.8,97261.88,1.78,33.5,5.19,20.6,3.97
2016-09-06,151.9497104187047,152.2992289778877,150.68273730699457,151.8186492919922,421185,35015.0,57658.671,0.005,0.028679,0.068,0.002,0.004,0.0106,46.82,47.2,47.61,48.82,1.12555,7.575,8.2,8.3,8.675,97261.88,1.78,33.5,5.19,20.6,3.97
2016-09-07,151.1196095737567,152.21182995710674,150.98854846086203,151.60018920898438,456485,35015.0,57658.671,0.005,0.028679,0.068,0.002,0.004,0.0106,47.45,47.86,48.29,49.54,1.1239,7.25,8.1,8.175,8.575,97121.88,1.79,33.4,5.19,20.57,3.97
2016-09-08,151.29437421336468,151.8186453722182,148.8041195407338,148.9351806640625,508928,35015.0,57658.671,0.005,0.028679,0.068,0.002,0.004,0.0106,49.76,50.17,50.6,51.84,1.1261,7.075,8.125,8.202,8.5625,95414.56,1.82,32.8,5.19,20.21,3.9
2016-09-09,148.54199549365904,148.84782258219533,145.57116091689403,146.05172729492188,594766,35015.0,57658.671,0.005,0.028679,0.068,0.002,0.004,0.0106,48.01,48.48,48.94,50.22,1.12325,7.3,8.4,8.45,8.725,93567.31,1.85,32.2,5.19,19.81,3.82
2016-09-12,144.2604852427794,146.40123470086934,143.56146147430098,146.13909912109375,600442,35015.0,57658.671,0.005,0.028679,0.068,0.002,0.004,0.0106,48.33,48.8,49.28,50.61,1.1234,7.2,8.3,8.388,8.74,93623.31,1.85,32.2,5.19,19.83,3.82
2016-09-13,146.88180918566138,147.4934499616822,144.56629386768194,144.6099853515625,401265,35015.0,57658.671,0.005,0.028679,0.068,0.002,0.004,0.0106,47.1,47.58,48.07,49.44,1.122,7.3,8.45,8.5,8.85,92643.69,1.87,31.9,5.19,19.62,3.78
2016-09-14,145.39635768950671,145.61480174452868,143.99832373702642,144.085693359375,490803,35015.0,57658.671,0.005,0.028679,0.068,0.002,0.004,0.0106,45.86,46.32,46.8,48.22,1.125,7.287,8.487,8.55,8.9,92307.81,1.88,31.8,5.19,19.55,3.77
2016-09-15,143.9983460400478,145.35270205750524,143.69251898254257,145.046875,539885,35015.0,57658.671,0.005,0.028679,0.068,0.004,0.005,0.0146,46.51,46.98,47.46,48.8,1.1244,6.85,8.365,8.4375,8.745,92923.56,1.87,32.0,5.19,19.68,3.79
2016-09-16,144.7410322886133,145.48374744350403,143.2556153115995,143.82357788085938,1199279,35015.0,57658.671,0.005,0.028679,0.068,0.004,0.005,0.0146,45.79,46.27,46.78,48.2,1.1155,7.075,8.68,8.575,8.875,92139.88,1.88,31.7,5.19,19.51,3.76
2016-09-19,144.56630088643573,145.78959583063775,144.47893124720179,145.57115173339844,369424,35015.0,57658.671,0.005,0.028679,0.068,0.004,0.005,0.0146,45.99,46.46,46.97,48.46,1.1174,7.2,8.6,8.575,8.875,93259.44,1.86,32.1,5.19,19.75,3.81
2016-09-20,145.1779257256041,146.4449120164658,144.91580350396055,145.35269165039062,349360,35015.0,57658.671,0.005,0.028679,0.068,0.004,0.005,0.0146,45.89,46.37,46.9,48.42,1.11545,7.3,8.6,8.6,8.9,93119.5,1.86,32.0,5.19,19.72,3.8
2016-09-21,146.18277570562475,146.48858940688245,144.60997572006139,145.13424682617188,411406,35015.0,57658.671,0.005,0.028679,0.068,0.004,0.005,0.0146,46.8,47.26,47.76,49.22,1.1189,6.75,8.35,8.425,8.8,92979.56,1.87,32.0,5.19,19.69,3.8
2016-09-22,146.27015788918177,148.7604258577944,145.83326970751423,148.27984619140625,665852,35015.0,57658.671,0.005,0.028679,0.068,0.004,0.005,0.0146,47.64,48.2,48.73,50.25,1.12075,6.475,8.18,8.24,8.675,94994.75,1.83,32.7,5.19,20.12,3.88
2016-09-23,147.66822814941406,148.54200464733958,147.27503139190185,147.66822814941406,353632,35015.0,57658.671,0.005,0.028679,0.068,0.004,0.005,0.0146,45.93,46.52,47.06,48.56,1.1226,6.25,8.2,8.275,8.713,94602.88,1.83,32.5,5.19,20.03,3.86
2016-09-26,146.88180875265132,146.96917838738588,145.30900866697095,145.6148223876953,456439,35015.0,57658.671,0.005,0.028679,0.068,0.004,0.005,0.0146,47.23,47.81,48.33,49.8,1.12535,6.65,8.4,8.575,8.9,93287.44,1.86,32.1,5.19,19.75,3.81
2016-09-27,146.70704358071345,147.36237584209144,145.83326723220944,146.40122985839844,433051,35015.0,57658.671,0.005,0.028679,0.068,0.004,0.005,0.0146,45.68,46.23,46.77,48.28,1.1215,6.688,8.3,8.475,8.975,93791.25,1.85,32.3,5.19,19.86,3.83
2016-09-28,147.1876220703125,148.19247286277525,146.57598129776977,147.1876220703125,382823,35015.0,57658.671,0.005,0.028679,0.068,0.004,0.005,0.0146,46.19,46.75,47.31,48.82,1.1216,6.75,8.375,8.55,9.025,94295.0,1.84,32.4,5.19,19.97,3.85
2016-09-29,148.14876933950032,148.4545830345346,146.09538977058415,146.48858642578125,354474,35015.0,57658.671,0.005,0.028679,0.068,0.004,0.005,0.0146,49.13,49.71,50.23,51.58,1.1223,6.725,8.453,8.575,9.05,93847.19,1.85,32.3,5.19,19.87,3.83
2016-09-30,145.26531388716774,147.31869358198855,144.0420323664885,146.88180541992188,580712,35015.0,57658.671,0.005,0.028679,0.068,0.004,0.005,0.0146,48.92,49.84,50.39,51.78,1.1241,6.8,8.4,8.6,9.0,94099.13,1.84,32.4,5.19,19.93,3.84
2016-10-03,146.35751574035916,147.44973600707826,146.27013278591485,147.01284790039062,343323,35015.0,57658.671,0.005,0.028679,0.068,0.004,0.005,0.0146,50.29,50.87,51.38,52.67,1.1211,6.95,8.25,8.525,9.025,94183.06,1.84,32.4,5.19,19.94,3.85
2016-10-04,147.1439342630499,149.10993108069454,147.1439342630499,148.84780883789062,549128,35015.0,57658.671,0.005,0.028679,0.068,0.004,0.005,0.0146,50.86,51.42,51.93,53.24,1.12045,7.275,8.4,8.65,9.075,95358.63,1.82,32.8,5.19,20.19,3.89
2016-10-05,147.53713385113275,147.53713385113275,145.0905575402174,145.22161865234375,487257,35015.0,57658.671,0.005,0.028679,0.068,0.004,0.005,0.0146,51.75,52.31,52.81,54.09,1.12055,7.278,8.3,8.5375,9.0,93035.5,1.87,32.0,5.19,19.7,3.8
2016-10-06,145.5711424282564,145.92064762839055,143.77989827883917,143.95465087890625,536090,35015.0,57658.671,0.005,0.028679,0.068,0.004,0.005,0.0146,52.39,52.99,53.48,54.73,1.1151,8.025,8.5,8.763,9.13,92223.81,1.88,31.7,5.19,19.53,3.77
2016-10-07,144.04202935609618,144.26047343256417,142.55659896989923,142.64398193359375,566090,35015.0,57658.671,0.005,0.028679,0.068,0.004,0.005,0.0146,51.88,52.5,53.01,54.27,1.1201,8.075,8.5,8.775,9.125,91384.13,1.9,31.4,5.19,19.35,3.73
2016-10-10,142.86242084445124,144.2167767361357,142.16339715847528,143.91094970703125,493791,35015.0,57658.671,0.005,0.028679,0.068,0.004,0.005,0.0146,53.09,53.72,54.24,55.42,1.1138,7.825,8.43,8.65,9.075,92195.88,1.88,31.7,5.19,19.52,3.76
2016-10-11,144.1294109857695,145.30901443000573,143.080881997987,143.343017578125,502654,35015.0,57658.671,0.005,0.028679,0.068,0.004,0.005,0.0146,52.36,52.98,53.5,54.67,1.1054,8.55,8.98,9.113,9.45,91832.0,1.89,31.6,5.19,19.45,3.75
2016-10-12,143.29932462949506,143.34301611453353,142.11972119730308,142.9061279296875,435527,35015.0,57658.671,0.005,0.028679,0.068,0.004,0.005,0.0146,51.78,52.42,52.95,54.14,1.1008,8.65,8.95,9.075,9.45,91552.06,1.9,31.5,5.19,19.39,3.74
2016-10-13,141.98867868168563,142.25081429349834,140.41587834358043,142.20712280273438,666036,35015.0,57658.671,0.005,0.028679,0.068,0.004,0.005,0.0146,51.67,52.33,52.88,54.11,1.10565,7.8,8.5,8.788,9.25,91104.25,1.9,31.3,5.19,19.29,3.72
2016-10-14,144.17308538542395,147.9740175150559,144.1293939051172,146.70703125,878972,35015.0,57658.671,0.005,0.028679,0.068,0.004,0.005,0.0146,51.56,52.24,52.78,53.98,1.0971,7.675,8.35,8.7,9.15,93987.13,1.85,32.3,5.19,19.9,3.84
2016-10-17,146.09539349966084,146.22646794325075,145.04686461478232,145.35269165039062,493593,35015.0,57658.671,0.005,0.028679,0.068,0.005,0.005,0.0164,51.3,52.01,52.56,53.8,1.09995,7.825,8.45,8.775,9.25,93119.5,1.86,32.0,5.19,19.72,3.8
2016-10-18,146.00804161660662,147.3623843689391,146.00804161660662,147.2313232421875,583899,35015.0,57658.671,0.005,0.028679,0.068,0.005,0.005,0.0164,51.42,52.19,52.77,54.1,1.09805,7.6,8.35,8.64,9.175,94323.0,1.84,32.5,5.19,19.97,3.85
2016-10-19,147.66820511765087,148.1924762677443,146.794428756008,147.0565643310547,498484,35015.0,57658.671,0.005,0.028679,0.068,0.005,0.005,0.0164,52.67,53.42,53.99,55.35,1.09735,7.4,8.4,8.6,9.095,94211.06,1.84,32.4,5.19,19.95,3.85
2016-10-20,147.40606732607043,147.62451141319644,145.48376202591544,146.40122985839844,436086,35015.0,57658.671,0.005,0.028679,0.068,0.005,0.005,0.0164,51.38,52.25,52.91,54.31,1.093,7.025,8.25,8.5,9.1,93791.25,1.85,32.3,5.19,19.86,3.83
2016-10-21,146.48857932657148,147.31867740958626,145.65849457632387,146.0953826904297,549129,35015.0,57658.671,0.005,0.028679,0.068,0.005,0.005,0.0164,51.58,52.49,53.18,54.65,1.0884,7.35,8.5,8.82,9.325,93595.31,1.85,32.2,5.19,19.82,3.82
2016-10-24,146.4449120164658,147.01286127371762,145.09055609597897,145.35269165039062,393595,35015.0,57658.671,0.005,0.028679,0.068,0.005,0.005,0.0164,51.16,52.14,52.85,54.44,1.0883,7.225,8.325,8.612,9.15,93119.5,1.86,32.0,5.19,19.72,3.8
2016-10-25,145.87695498134693,146.3575346272738,144.3478464106142,144.7410430908203,383447,35015.0,57658.671,0.005,0.028679,0.068,0.005,0.005,0.0164,50.79,51.79,52.51,54.17,1.0888,7.275,8.35,8.6,9.15,92727.63,1.87,31.9,5.19,19.64,3.79
2016-10-26,144.78475663217094,145.35271933034977,143.64884456858397,144.47894287109375,482785,35015.0,57658.671,0.005,0.028679,0.068,0.005,0.005,0.0164,49.98,51.04,51.75,53.34,1.0909,7.05,8.25,8.54,9.075,92559.69,1.87,31.8,5.19,19.6,3.78
2016-10-27,144.12938570542124,146.09538221246547,143.910941649083,144.87210083007812,424356,35015.0,57658.671,0.005,0.028679,0.068,0.005,0.005,0.0164,50.47,51.6,52.3,53.82,1.0897,6.975,8.175,8.55,9.05,92811.63,1.87,31.9,5.19,19.65,3.79
2016-10-28,144.17309864457832,145.2216276045305,143.38670525780643,145.046875,354619,35015.0,57658.671,0.005,0.028679,0.068,0.005,0.005,0.0164,49.71,50.68,51.35,52.85,1.0987,7.15,8.15,8.5,8.98,92923.56,1.87,32.0,5.19,19.68,3.79
2016-10-31,144.47894205148134,144.69738616505614,142.46925354003906,142.46925354003906,600581,35015.0,57658.671,0.005,0.028679,0.068,0.005,0.005,0.0164,48.02,48.61,49.3,50.94,1.0981,7.3,8.25,8.5375,9.025,91272.19,1.9,31.4,5.19,19.33,3.73
2016-11-01,143.16827176820786,144.17310931822684,142.07605124306977,142.512939453125,447745,35015.0,57658.671,0.005,0.028679,0.068,0.005,0.005,0.0164,48.14,48.95,49.62,51.06,1.10555,8.188,8.65,8.85,9.25,91300.19,1.9,31.4,5.19,19.33,3.73
2016-11-02,141.77020451025615,142.33815377148886,141.15856376752055,141.20225524902344,543944,35015.0,57658.671,0.005,0.028679,0.068,0.005,0.005,0.0164,46.59,47.43,48.14,49.74,1.10965,8.95,8.9,9.025,9.375,90460.56,1.92,31.1,5.19,19.16,3.69
2016-11-03,140.76536709953112,142.86242488398693,140.76536709953112,141.20225524902344,734397,35015.0,57658.671,0.005,0.028679,0.068,0.005,0.005,0.0164,46.35,47.2,47.92,49.52,1.11055,9.127,8.85,8.925,9.237,90460.56,1.92,31.1,5.19,19.16,3.69
2016-11-04,148.5419816314131,148.5419816314131,143.25563197150603,144.26048278808594,1123177,35015.0,57658.671,0.005,0.028679,0.068,0.005,0.005,0.0164,45.56,46.55,47.33,49.04,1.1138,9.7,8.9,8.95,9.1625,92419.75,1.88,31.8,5.19,19.57,3.77
2016-11-07,145.22161639567227,145.4400604676672,144.12939603569765,144.5662841796875,599652,35015.0,57658.671,0.005,0.028679,0.068,0.005,0.005,0.0164,45.59,46.65,47.47,49.18,1.10405,8.45,8.3,8.45,8.79,92615.69,1.87,31.9,5.19,19.61,3.78
2016-11-08,144.3478589564558,145.87696766008938,143.95466224207541,145.6585235595703,442531,35015.0,57658.671,0.005,0.028679,0.068,0.005,0.005,0.0164,46.02,47.14,47.99,49.75,1.1026,8.913,7.975,8.35,8.75,93315.44,1.86,32.1,5.19,19.76,3.81
2016-11-09,141.6828208060652,143.73620043104452,140.28478673466424,143.21192932128906,950880,35015.0,57658.671,0.005,0.028679,0.068,0.005,0.005,0.0164,45.93,47.01,47.89,49.75,1.09095,8.89,8.455,8.9,9.075,91748.06,1.89,31.6,5.19,19.43,3.75
2016-11-10,143.99833046835573,143.99833046835573,137.7508222030223,138.88673400878906,1081367,35015.0,57658.671,0.005,0.028679,0.068,0.005,0.005,0.0164,45.84,46.91,47.75,49.63,1.0893,8.9,8.79,9.325,9.495,88977.06,1.95,30.6,5.19,18.84,3.63
2016-11-11,139.23625276998965,140.11002903253677,136.7459850886233,137.31393432617188,929184,35015.0,57658.671,0.005,0.028679,0.068,0.005,0.005,0.0164,44.34,45.44,46.29,48.15,1.0856,9.5,9.2,9.875,9.95,87969.5,1.97,30.3,5.19,18.63,3.59
2016-11-14,138.49352560833,140.02263393523586,137.00810875731761,137.182861328125,688517,35015.0,57658.671,0.005,0.028679,0.068,0.005,0.005,0.0164,43.78,44.87,45.7,47.51,1.0737,10.1,9.54,10.4,10.3,87885.56,1.97,30.2,5.19,18.61,3.59
2016-11-15,137.88191441991927,139.3673315884777,137.4887177183552,137.9692840576172,580091,35015.0,57658.671,0.006999999999999999,0.022357,0.069,0.006,0.006999999999999999,0.0169,46.18,47.18,47.94,49.56,1.07215,10.7,9.4,10.2,10.2,88389.31,1.96,30.4,5.19,18.72,3.61
2016-11-16,138.66831953504177,138.7993940018133,136.9644581291755,137.44503784179688,489531,35015.0,57658.671,0.006999999999999999,0.022357,0.069,0.006,0.006999999999999999,0.0169,46.63,47.62,48.41,50.05,1.06895,10.925,9.575,10.4625,10.45,88053.5,1.97,30.3,5.19,18.65,3.6
2016-11-17,137.66346740722656,138.10035558475963,136.7896910521604,137.66346740722656,515595,35015.0,57658.671,0.006999999999999999,0.022357,0.069,0.006,0.006999999999999999,0.0169,46.49,47.57,48.4,50.08,1.0626,11.5,10.2,11.05,10.8,88193.38,1.97,30.3,5.19,18.68,3.6
2016-11-18,138.31880696137677,139.54208858981497,137.75084430099704,139.2799530029297,819613,35015.0,57658.671,0.006999999999999999,0.022357,0.069,0.006,0.006999999999999999,0.0169,46.38,47.46,48.31,50.04,1.0588,11.505,10.05,11.05,10.675,89229.0,1.94,30.7,5.19,18.9,3.64
2016-11-21,139.93529284095058,139.97898432991306,138.40618405665708,139.2362823486328,466961,35015.0,57658.671,0.006999999999999999,0.022357,0.069,0.006,0.006999999999999999,0.0169,48.65,49.75,50.6,52.27,1.06295,11.0,9.725,10.6,10.375,89201.0,1.95,30.7,5.19,18.89,3.64
2016-11-22,139.80421035715875,140.41585111091763,139.49838331389506,139.71682739257812,491698,35015.0,57658.671,0.006999999999999999,0.022357,0.069,0.006,0.006999999999999999,0.0169,48.57,49.62,50.45,52.18,1.0626,10.3975,9.323,10.25,10.125,89508.94,1.94,30.8,5.19,18.95,3.66
2016-11-23,139.76052783291877,141.11488387411586,139.54208374023438,139.54208374023438,958821,35015.0,57658.671,0.006999999999999999,0.022357,0.069,0.006,0.006999999999999999,0.0169,48.83,49.86,50.63,52.27,1.05595,11.133,9.75,10.6,10.37,89396.94,1.94,30.8,5.19,18.93,3.65
2016-11-24,140.06637162808119,140.98383959351,139.1925951529625,139.97898864746094,329604,35015.0,57658.671,0.006999999999999999,0.022357,0.069,0.006,0.006999999999999999,0.0169,48.95,49.96,50.73,52.33,1.0554,10.875,9.75,10.6,10.35,89676.88,1.94,30.9,5.19,18.99,3.66
2016-11-25,140.06634413608484,141.770205261581,139.97896117261598,141.4207000732422,348617,35015.0,57658.671,0.006999999999999999,0.022357,0.069,0.006,0.006999999999999999,0.0169,47.24,48.24,49.02,50.66,1.0587,10.05,9.475,10.45,10.225,90600.44,1.92,31.2,5.19,19.19,3.7
2016-11-28,141.5080756749303,141.5954586420863,139.80421447753906,139.80421447753906,392143,35015.0,57658.671,0.006999999999999999,0.022357,0.069,0.006,0.006999999999999999,0.0169,48.24,49.21,49.97,51.61,1.06145,10.425,9.6,10.4,10.25,89564.88,1.94,30.8,5.19,18.97,3.66
2016-11-29,140.98381744745973,141.3333226494978,140.02265814270183,140.80905151367188,575615,35015.0,57658.671,0.006999999999999999,0.022357,0.069,0.006,0.006999999999999999,0.0169,46.38,47.32,48.09,49.79,1.065,10.75,9.738,10.59,10.4,90208.63,1.92,31.0,5.19,19.1,3.68
2016-11-30,140.8964322857969,143.29931717749264,140.7216796875,140.7216796875,777050,35015.0,57658.671,0.006999999999999999,0.022357,0.069,0.006,0.006999999999999999,0.0169,49.78,50.92,51.63,53.0,1.0588,11.75,10.3,10.845,10.55,90152.63,1.92,31.0,5.19,19.09,3.68
2016-12-01,140.19739540695232,140.19739540695232,137.96926332258994,138.58091735839844,790271,35015.0,57658.671,0.006999999999999999,0.022357,0.069,0.006,0.006999999999999999,0.0169,53.94,54.58,55.02,55.76,1.0662,11.125,10.1,10.8,10.525,88781.19,1.95,30.5,5.19,18.8,3.63
2016-12-02,138.3188281980376,139.1489132399792,137.05185488846658,138.79940795898438,466687,35015.0,57658.671,0.006999999999999999,0.022357,0.069,0.006,0.006999999999999999,0.0169,54.15,54.82,55.31,56.16,1.06725,10.7875,10.125,10.95,10.65,88921.13,1.95,30.6,5.19,18.83,3.63
2016-12-05,138.88674781379592,141.24594128626035,138.58093409173273,139.017822265625,478283,35015.0,57658.671,0.006999999999999999,0.022357,0.069,0.006,0.006999999999999999,0.0169,54.94,55.59,56.08,56.9,1.0764,9.625,9.605,10.528,10.403,89061.06,1.95,30.6,5.19,18.86,3.64
2016-12-06,139.3673229812067,140.89643154056165,138.44985517904004,140.50323486328125,532378,35015.0,57658.671,0.006999999999999999,0.022357,0.069,0.006,0.006999999999999999,0.0169,53.93,54.64,55.18,56.2,1.0719,9.587,9.705,10.677,10.5,90012.75,1.93,31.0,5.19,19.06,3.68
2016-12-07,142.38185456199076,142.51292901506912,140.76537630284395,141.68283081054688,680818,35015.0,57658.671,0.006999999999999999,0.022357,0.069,0.006,0.006999999999999999,0.0169,53.0,53.78,54.37,55.43,1.0753,9.35,9.578,10.8,10.6,90768.38,1.91,31.2,5.19,19.22,3.71
2016-12-08,142.55660085426564,142.99348901297654,141.24593637813288,142.07603454589844,588326,35015.0,57658.671,0.006999999999999999,0.022357,0.069,0.006,0.006999999999999999,0.0169,53.48,54.24,54.79,55.79,1.06155,9.038,9.9,10.95,10.725,91020.31,1.91,31.3,5.19,19.27,3.72
2016-12-09,142.3818337205303,147.1439114977302,142.16338966347737,146.0953826904297,901391,35015.0,57658.671,0.006999999999999999,0.022357,0.069,0.006,0.006999999999999999,0.0169,54.09,54.83,55.38,56.27,1.0562,9.4775,10.15,11.2,10.925,93595.31,1.85,32.2,5.19,19.82,3.82
2016-12-12,145.8332691250103,146.13909618406367,144.5226045852429,145.26531982421875,612124,35015.0,57658.671,0.006999999999999999,0.022357,0.069,0.006,0.006999999999999999,0.0169,54.09,54.83,55.38,56.27,1.06345,9.588,10.137,11.1,10.85,93063.5,1.86,32.0,5.19,19.71,3.8
2016-12-13,145.30902598149305,147.18764001174696,145.00319889155847,146.838134765625,659906,35015.0,57658.671,0.006999999999999999,0.022357,0.069,0.006,0.006999999999999999,0.0169,55.52,56.17,56.7,57.51,1.0627,9.3,9.8,10.95,10.7875,94071.13,1.84,32.4,5.19,19.92,3.84
2016-12-14,146.18276316423749,147.7118715376442,144.74102441250812,147.01284790039062,533478,35015.0,57658.671,0.006999999999999999,0.022357,0.069,0.006,0.006999999999999999,0.0169,53.9,54.65,55.26,56.27,1.05365,9.45,10.05,11.262,11.025,94183.06,1.84,32.4,5.19,19.94,3.85
2016-12-15,146.96918959854474,148.2798542144642,144.74105708492775,146.6633758544922,818604,35015.0,57658.671,0.006999999999999999,0.022357,0.069,0.011,0.008,0.0207,53.39,54.08,54.66,55.66,1.0414,9.962,11.15,11.65,11.278,93959.19,1.85,32.3,5.19,19.9,3.84
2016-12-16,146.61965766453312,148.54196275123084,145.96432547592477,147.7555694580078,1333913,35015.0,57658.671,0.006999999999999999,0.022357,0.069,0.011,0.008,0.0207,55.1,55.74,56.28,57.23,1.0451,10.088,11.138,11.675,11.25,94658.88,1.83,32.6,5.19,20.05,3.87
2016-12-19,147.79926171095988,148.54197692871094,147.3186953929938,148.54197692871094,484303,35015.0,57658.671,0.006999999999999999,0.022357,0.069,0.011,0.008,0.0207,54.87,55.49,56.01,56.92,1.04025,10.725,11.15,11.5,11.125,95162.69,1.82,32.7,5.19,20.15,3.89
2016-12-20,148.54199095686806,149.4157673742614,148.06141126074772,149.32838439941406,503490,35015.0,57658.671,0.006999999999999999,0.022357,0.069,0.011,0.008,0.0207,55.35,56.02,56.62,57.74,1.0387,10.555,10.905,11.375,10.925,95666.5,1.81,32.9,5.19,20.26,3.91
2016-12-21,149.1099373893982,149.63420856272586,148.1924828352294,149.02256774902344,428896,35015.0,57658.671,0.006999999999999999,0.022357,0.069,0.011,0.008,0.0207,54.46,55.22,55.87,57.07,1.04245,10.005,10.6,11.035,10.725,95470.56,1.82,32.8,5.19,20.22,3.9
2016-12-22,148.7604254230466,149.85264587402344,148.27984575806295,149.85264587402344,331224,35015.0,57658.671,0.006999999999999999,0.022357,0.069,0.011,0.008,0.0207,55.05,55.78,56.4,57.56,1.0437,10.075,10.6,10.95,10.625,96002.38,1.81,33.0,5.19,20.33,3.92
2016-12-23,150.02739585719488,151.25069074056765,149.6778906520992,150.77011108398438,348012,35015.0,57658.671,0.006999999999999999,0.022357,0.069,0.011,0.008,0.0207,54.44,55.19,55.81,56.93,1.04565,10.275,10.75,11.0,10.675,96590.13,1.8,33.2,5.19,20.45,3.94
2016-12-27,150.4642806602723,151.07592142187642,150.3332195444888,150.9011688232422,179876,35015.0,57658.671,0.006999999999999999,0.022357,0.069,0.011,0.008,0.0207,54.44,55.19,55.81,56.93,1.0457,10.637,10.775,11.075,10.725,96674.06,1.8,33.3,5.19,20.47,3.95
2016-12-28,150.42060923411483,150.98857192136754,149.7652769022797,150.63905334472656,367579,35015.0,57658.671,0.006999999999999999,0.022357,0.069,0.011,0.008,0.0207,56.22,56.96,57.57,58.65,1.04115,10.813,10.8,11.125,10.738,96506.13,1.8,33.2,5.19,20.44,3.94
2016-12-29,150.20214291159266,151.1196107070407,150.02739031549982,150.8137969970703,256725,35015.0,57658.671,0.006999999999999999,0.022357,0.069,0.011,0.008,0.0207,56.14,56.85,57.5,58.67,1.04915,10.212,10.6,10.863,10.563,96618.13,1.8,33.2,5.19,20.46,3.95
2016-12-30,151.03225104502707,151.5128173828125,150.02740021881814,151.5128173828125,410465,35015.0,57658.671,0.006999999999999999,0.022357,0.069,0.011,0.008,0.0207,56.62,57.27,57.81,58.6,1.0516,10.3,10.55,10.825,10.55,97065.94,1.79,33.4,5.19,20.55,3.96
2017-01-02,150.85749474672676,151.68759301836337,150.24585391454994,151.5565185546875,165897,35015.0,57658.671,0.006999999999999999,0.022357,0.069,0.011,0.008,0.0207,56.62,57.27,57.81,58.6,1.04595,11.042,10.672,10.883,10.573,97093.94,1.79,33.4,5.19,19.81,3.91
2017-01-03,151.9933873316079,152.03707881391273,148.67303466796875,148.67303466796875,690394,35015.0,57658.671,0.006999999999999999,0.022357,0.069,0.011,0.008,0.0207,55.47,56.14,56.71,57.6,1.0406,11.025,10.5,10.8,10.5,95246.63,1.82,32.8,5.19,19.43,3.84
2017-01-04,149.1972972359897,149.1972972359897,147.7992498790022,148.41090393066406,594894,35015.0,57658.671,0.006999999999999999,0.022357,0.069,0.011,0.008,0.0207,55.87,56.53,57.09,57.98,1.0488,10.388,10.1,10.505,10.313,95078.75,1.83,32.7,5.19,19.4,3.83
2017-01-05,148.23616026766862,148.8041229248047,147.1876312588855,148.8041229248047,440092,35015.0,57658.671,0.006999999999999999,0.022357,0.069,0.011,0.008,0.0207,56.08,56.67,57.17,58.0,1.0607,10.4,10.1,10.453,10.225,95330.63,1.82,32.8,5.19,19.45,3.84
2017-01-06,148.541962431741,148.76040649414062,147.5808032240757,148.76040649414062,482102,35015.0,57658.671,0.006999999999999999,0.022357,0.069,0.011,0.008,0.0207,56.93,57.5,57.98,58.78,1.0533,9.675,9.7,10.125,9.975,95302.63,1.82,32.8,5.19,19.44,3.84
2017-01-09,149.1536406886731,149.98372566820836,148.01772861168075,149.7216033935547,344763,35015.0,57658.671,0.006999999999999999,0.022357,0.069,0.011,0.008,0.0207,54.94,55.56,56.09,57.01,1.0574,10.075,10.025,10.475,10.15,95918.38,1.81,33.0,5.19,19.57,3.87
2017-01-10,149.98368461847446,150.77009122551272,148.27982363570902,149.4594268798828,419500,35015.0,57658.671,0.006999999999999999,0.022357,0.069,0.011,0.008,0.0207,53.64,54.26,54.79,55.79,1.05545,9.775,9.765,10.225,10.0,95750.44,1.81,32.9,5.19,19.53,3.86
2017-01-11,151.16331529744826,151.46914236670702,148.89149135293368,150.15847778320312,547265,35015.0,57658.671,0.006999999999999999,0.022357,0.069,0.011,0.008,0.0207,55.1,55.6,56.09,56.94,1.0582,10.0625,9.977,10.425,10.2,96198.31,1.8,33.1,5.19,19.62,3.88
2017-01-12,149.72157766182974,149.85263877663192,148.58566578005957,148.8914794921875,542769,35015.0,57658.671,0.006999999999999999,0.022357,0.069,0.011,0.008,0.0207,56.01,56.49,56.98,57.85,1.06125,9.605,9.653,10.09,9.88,95386.56,1.82,32.8,5.19,19.46,3.84
2017-01-13,149.10993617976126,149.8089599609375,148.76043095555798,149.8089599609375,790644,35015.0,57658.671,0.006999999999999999,0.022357,0.069,0.011,0.008,0.0207,55.45,55.91,56.38,57.23,1.0644,9.225,9.45,9.9,9.725,95974.38,1.81,33.0,5.19,19.58,3.87
2017-01-16,148.5419584083654,150.07106680374562,148.2798228740325,149.24098205566406,445578,35015.0,57658.671,0.006999999999999999,0.022357,0.069,0.017,0.016,0.025,55.45,55.91,56.38,57.23,1.0603,9.65,9.675,10.125,9.925,95610.5,1.81,32.9,5.19,19.5,3.85
2017-01-17,149.02255923158458,149.1536203510408,147.7118947059467,148.19247436523438,673821,35015.0,57658.671,0.006999999999999999,0.022357,0.069,0.017,0.016,0.025,55.47,55.94,56.44,57.37,1.07135,9.275,9.245,9.8,9.725,94938.75,1.83,32.7,5.19,19.37,3.83
2017-01-18,149.10994983188138,149.72160402939312,147.7119154742982,148.1488037109375,502085,35015.0,57658.671,0.006999999999999999,0.022357,0.069,0.017,0.016,0.025,53.92,54.41,54.93,55.93,1.06305,9.015,9.25,9.84,9.85,94910.81,1.83,32.7,5.19,19.36,3.82
2017-01-19,148.54199361940982,149.1536344559945,147.58083420994083,148.9788818359375,650960,35015.0,57658.671,0.006999999999999999,0.022357,0.069,0.017,0.016,0.025,54.16,54.69,55.21,56.19,1.0664,8.95,9.35,10.055,9.97,95442.56,1.82,32.8,5.19,19.47,3.85
2017-01-20,149.0225509928561,149.72157470110452,147.8429476518889,148.58566284179688,743067,35015.0,57658.671,0.006999999999999999,0.022357,0.069,0.017,0.016,0.025,55.49,55.98,56.5,57.44,1.0703,8.675,9.225,10.0,10.0,95190.69,1.82,32.8,5.19,19.42,3.84
2017-01-23,148.27985607886768,149.80896481666664,147.53715412017021,149.5468292236328,555723,35015.0,57658.671,0.006999999999999999,0.022357,0.069,0.017,0.016,0.025,55.23,55.63,56.11,57.02,1.0765,8.525,9.05,9.7,9.7,95806.44,1.81,33.0,5.19,19.54,3.86
2017-01-24,149.41575139914542,150.20214475761242,148.93517175440732,149.67788696289062,489465,35015.0,57658.671,0.006999999999999999,0.022357,0.069,0.017,0.016,0.025,55.44,55.85,56.32,57.21,1.0731,8.225,9.155,9.655,9.675,95890.38,1.81,33.0,5.19,19.56,3.86
2017-01-25,150.28952846829245,150.94486071452047,149.76525733820256,149.89633178710938,464029,35015.0,57658.671,0.006999999999999999,0.022357,0.069,0.017,0.016,0.025,55.08,55.42,55.83,56.67,1.0748,7.875,9.0,9.575,9.75,96030.38,1.81,33.0,5.19,19.59,3.87
2017-01-26,150.24583624036472,150.24583624036472,148.93517175440732,149.67788696289062,543734,35015.0,57658.671,0.006999999999999999,0.022357,0.069,0.017,0.016,0.025,56.24,56.49,56.87,57.55,1.0682,8.3,9.325,9.862,9.875,95890.38,1.81,33.0,5.19,19.56,3.86
2017-01-27,150.15846660762872,150.42058883860534,149.54681251463373,149.67788696289062,442644,35015.0,57658.671,0.006999999999999999,0.022357,0.069,0.017,0.016,0.025,55.52,55.7,56.05,56.64,1.0699,8.1,9.163,9.862,9.9,95890.38,1.81,33.0,5.19,19.56,3.86
2017-01-30,149.066251017815,149.67789179779868,147.88664760924223,149.41575622558594,454571,35015.0,57658.671,0.006999999999999999,0.022357,0.069,0.017,0.016,0.025,55.23,55.32,55.69,56.38,1.06945,8.5,9.713,10.125,10.213,95722.44,1.81,32.9,5.19,19.53,3.86
2017-01-31,149.19730809954802,149.4594436646661,147.10025024414062,147.10025024414062,785192,35015.0,57658.671,0.006999999999999999,0.022357,0.069,0.017,0.016,0.025,55.7,55.58,55.91,56.54,1.0798,8.2,9.25,9.862,9.95,94239.06,1.84,32.4,5.19,19.22,3.8
2017-02-01,147.9303290637176,148.84779683787326,147.23130536280053,147.580810546875,696908,35015.0,57658.671,0.006999999999999999,0.022357,0.069,0.017,0.016,0.025,56.8,57.12,57.4,57.72,1.0769,7.975,9.05,9.85,9.925,94546.94,1.84,32.5,5.19,19.29,3.81
2017-02-02,146.88182777805272,149.76527942039255,146.57600068494608,149.06626892089844,553937,35015.0,57658.671,0.006999999999999999,0.022357,0.069,0.017,0.016,0.025,56.56,56.85,57.11,57.4,1.07585,7.9,8.875,9.625,9.713,95498.56,1.82,32.9,5.19,19.48,3.85
2017-02-03,149.28467430035226,150.59533864598217,149.06623024274728,149.4594268798828,442246,35015.0,57658.671,0.006999999999999999,0.022357,0.069,0.017,0.016,0.025,56.81,57.15,57.44,57.73,1.0784,7.662,8.775,9.625,9.7875,95750.44,1.81,32.9,5.19,19.53,3.86
2017-02-06,149.45942041912372,149.85261703926233,147.93031208198838,148.71670532226562,430337,35015.0,57658.671,0.006999999999999999,0.022357,0.069,0.017,0.016,0.025,55.72,56.1,56.44,56.86,1.075,7.8,9.063,9.95,10.0375,95274.63,1.82,32.8,5.19,19.44,3.84
2017-02-07,148.89148654405614,150.68273075021202,148.7167339384537,149.85264587402344,378083,35015.0,57658.671,0.006999999999999999,0.022357,0.069,0.017,0.016,0.025,55.05,55.33,55.62,56.04,1.0681,7.9,9.25,9.98,10.065,96002.38,1.81,33.0,5.19,19.58,3.87
2017-02-08,150.77010774225968,151.73125370135406,149.41575177018672,151.46913146972656,566869,35015.0,57658.671,0.006999999999999999,0.022357,0.069,0.017,0.016,0.025,55.12,55.47,55.79,56.25,1.06985,7.95,10.425,10.0,10.125,97037.94,1.79,33.4,5.19,19.79,3.91
2017-02-09,151.512838147495,152.037109375,150.59538349851795,152.037109375,531297,35015.0,57658.671,0.006999999999999999,0.022357,0.069,0.017,0.016,0.025,55.63,56.0,56.33,56.78,1.0656,7.963,10.375,9.975,10.15,97401.81,1.9,31.3,5.55,19.87,3.92
2017-02-10,149.8963524566538,151.55652237624855,147.79928097989304,148.62937927246094,856511,35015.0,57658.671,0.006999999999999999,0.022357,0.069,0.017,0.016,0.025,55.63,56.0,56.33,56.78,1.0641,8.063,10.362,10.065,10.15,95218.69,1.94,30.6,5.55,19.42,3.84
2017-02-13,149.32837169304136,152.168144807933,149.10992760728047,151.7749481201172,885205,35015.0,57658.671,0.006999999999999999,0.022357,0.069,0.017,0.016,0.025,55.59,55.96,56.25,56.6,1.05985,8.1,10.45,9.987,10.0,97233.88,1.9,31.3,5.55,19.83,3.92
2017-02-14,151.07592480525085,152.0807756022466,150.77011108398438,150.77011108398438,741034,35015.0,57658.671,0.006999999999999999,0.022357,0.069,0.017,0.016,0.025,55.97,56.29,56.55,56.86,1.05775,7.825,10.325,9.85,9.975,96590.13,1.91,31.1,5.55,19.7,3.89
2017-02-15,151.07592847535517,152.16814893377378,150.6827317768783,151.86233520507812,651118,35015.0,57658.671,0.009000000000000001,0.019618,0.07,0.02,0.014,0.0274,55.75,56.1,56.35,56.65,1.0601,7.75,10.25,9.805,9.973,97289.81,1.9,31.3,5.55,19.85,3.92
2017-02-16,151.16331529744826,151.16331529744826,148.84781319969923,150.15847778320312,756058,35015.0,57658.671,0.009000000000000001,0.019618,0.07,0.02,0.014,0.0274,55.65,56.0,56.25,56.58,1.0674,8.363,10.05,9.63,9.763,96198.31,1.92,30.9,5.55,19.62,3.88
2017-02-17,149.50312784792192,153.87200927734375,148.89147378158845,153.87200927734375,1352434,35015.0,57658.671,0.009000000000000001,0.019618,0.07,0.02,0.014,0.0274,55.81,55.68,56.33,56.64,1.0614,8.475,10.3,9.75,9.89,98577.31,1.87,31.7,5.55,20.11,3.97
2017-02-20,152.91086268503437,152.91086268503437,150.3332250948976,150.85748291015625,711588,35015.0,57658.671,0.009000000000000001,0.019618,0.07,0.02,0.014,0.0274,55.89,56.11,56.33,56.64,1.06135,8.3,10.5,9.85,9.932,96646.13,1.91,31.1,5.55,19.71,3.89
2017-02-21,150.1584842715362,151.64390153047142,150.1584842715362,151.5565185546875,631626,35015.0,57658.671,0.009000000000000001,0.019618,0.07,0.02,0.014,0.0274,56.66,56.76,56.82,56.88,1.0537,8.925,11.0,10.15,10.2,97093.94,1.9,31.2,5.55,19.81,3.91
2017-02-22,150.9885423044785,154.2215118408203,150.7264067566091,154.2215118408203,975577,35015.0,57658.671,0.009000000000000001,0.019618,0.07,0.02,0.014,0.0274,55.84,56.04,56.18,56.36,1.0556,8.8,11.025,10.175,10.15,98801.25,1.87,31.8,5.55,20.15,3.98
2017-02-23,153.78462110674442,154.65839736303275,152.99822780919197,154.57101440429688,613702,35015.0,57658.671,0.009000000000000001,0.019618,0.07,0.02,0.014,0.0274,56.58,56.82,56.98,57.13,1.05815,8.763,11.075,10.25,10.1,99025.13,1.87,31.9,5.55,20.2,3.99
2017-02-24,154.65842208217495,154.87686618116106,152.736116677651,153.39144897460938,666000,35015.0,57658.671,0.009000000000000001,0.019618,0.07,0.02,0.014,0.0274,55.99,56.31,56.55,56.78,1.0563,8.225,10.75,10.063,10.112,98269.5,1.88,31.6,5.55,20.05,3.96
2017-02-27,154.17784166786126,154.83317396171682,152.99825153858308,153.17300415039062,498571,35015.0,57658.671,0.009000000000000001,0.019618,0.07,0.02,0.014,0.0274,55.93,56.42,56.72,56.93,1.05875,8.2875,10.675,9.915,9.9375,98129.5,1.88,31.6,5.55,20.02,3.95
2017-02-28,153.74095419987927,153.82833717258163,151.9060317680577,153.39144897460938,614893,35015.0,57658.671,0.009000000000000001,0.019618,0.07,0.02,0.014,0.0274,55.59,56.51,56.84,57.11,1.0577,8.075,10.225,9.54,9.65,98269.5,1.88,31.6,5.55,20.05,3.96
2017-03-01,154.4399905803334,154.87687881394112,153.87204120975164,154.30892944335938,721117,35015.0,57658.671,0.009000000000000001,0.019618,0.07,0.02,0.014,0.0274,55.25,56.66,56.83,56.9,1.05475,8.075,10.1625,9.55,9.625,98857.25,1.87,31.8,5.55,20.17,3.98
2017-03-02,153.78464713628372,153.95939975056643,152.08078581468,153.82833862304688,693973,35015.0,57658.671,0.009000000000000001,0.019618,0.07,0.02,0.014,0.0274,54.97,55.37,55.56,55.8,1.05065,7.93,10.175,9.472,9.625,98549.38,1.87,31.7,5.55,20.1,3.97
2017-03-03,153.87202745000738,154.3962852837933,153.43513925546762,154.17784118652344,543852,35015.0,57658.671,0.009000000000000001,0.019618,0.07,0.02,0.014,0.0274,55.13,56.16,56.36,56.53,1.0623,7.4,9.35,9.05,9.4,98773.31,1.87,31.8,5.55,20.15,3.98
2017-03-06,153.82833934519428,154.22153606236873,153.3040681671151,154.04678344726562,542579,35015.0,57658.671,0.009000000000000001,0.019618,0.07,0.02,0.014,0.0274,55.18,56.26,56.45,56.67,1.05815,7.2625,9.245,8.985,9.335,98689.31,1.87,31.7,5.55,20.13,3.98
2017-03-07,153.78462067085115,154.52733581969807,152.99822737552768,153.3477325439453,524289,35015.0,57658.671,0.009000000000000001,0.019618,0.07,0.02,0.014,0.0274,55.12,56.13,56.3,56.51,1.0566,7.2,9.175,9.0,9.295,98241.44,1.88,31.6,5.55,20.04,3.96
2017-03-08,152.77980115029985,153.47881156875002,152.47397409265108,152.9982452392578,609714,35015.0,57658.671,0.009000000000000001,0.019618,0.07,0.02,0.014,0.0274,53.11,53.37,53.57,53.9,1.0541,7.45,9.338,9.025,9.3125,98017.56,1.88,31.5,5.55,19.99,3.95
2017-03-09,152.47395521839357,154.13412475585938,151.94968413668468,154.13412475585938,715477,35015.0,57658.671,0.009000000000000001,0.019618,0.07,0.02,0.014,0.0274,52.19,52.46,52.68,53.02,1.0577,7.235,9.355,9.0625,9.45,98745.25,1.87,31.8,5.55,20.14,3.98
2017-03-10,154.65842158651822,155.48850649345127,153.95939780544896,154.96424865722656,643934,35015.0,57658.671,0.009000000000000001,0.019618,0.07,0.02,0.014,0.0274,51.37,51.63,51.83,52.14,1.0672,7.2625,9.35,9.1,9.375,99277.13,1.86,31.9,5.55,20.25,4.0
2017-03-13,154.83317347833307,154.83317347833307,154.17784118652344,154.17784118652344,455479,35015.0,57658.671,0.009000000000000001,0.019618,0.07,0.02,0.014,0.0274,51.35,51.59,51.79,52.15,1.06535,7.3,9.35,9.05,9.325,98773.31,1.87,31.8,5.55,20.15,3.98
2017-03-14,154.48364485822609,155.27003815618525,153.91568229168436,155.13897705078125,481090,35015.0,57658.671,0.009000000000000001,0.019618,0.07,0.02,0.014,0.0274,50.92,51.11,51.31,51.68,1.0604,7.15,9.35,9.0,9.25,99389.06,1.86,32.0,5.55,20.27,4.0
2017-03-15,155.18268305345998,155.31374417112977,154.57102895028405,154.92054748535156,424839,35015.0,57658.671,0.009000000000000001,0.019618,0.07,0.015,0.014,0.0238,51.81,51.97,52.14,52.43,1.07345,6.85,9.175,8.775,9.05,99249.06,1.86,31.9,5.55,20.25,4.0
2017-03-16,155.0079241552339,155.532195315247,154.30891371890903,155.31375122070312,477349,35015.0,57658.671,0.009000000000000001,0.019618,0.07,0.015,0.014,0.0238,51.74,51.9,52.07,52.34,1.0766,6.45,8.455,8.175,8.45,99501.0,1.86,32.0,5.55,20.3,4.01
2017-03-17,154.7894696622126,155.09529670713692,154.04676779031846,155.05160522460938,927301,35015.0,57658.671,0.009000000000000001,0.019618,0.07,0.015,0.014,0.0238,51.76,51.95,52.15,52.44,1.0738,6.8,8.828,8.417,8.575,99333.06,1.86,31.9,5.55,20.26,4.0
2017-03-20,154.2652007142565,155.838000642129,154.2652007142565,154.57101440429688,423874,35015.0,57658.671,0.009000000000000001,0.019618,0.07,0.015,0.014,0.0238,51.62,51.79,51.98,52.32,1.0739,7.4,9.388,8.9,8.85,99025.13,1.87,31.9,5.55,20.2,3.99
2017-03-21,154.74579707247716,155.31374636743612,154.00308184112865,155.00791931152344,516500,35015.0,57658.671,0.009000000000000001,0.019618,0.07,0.015,0.014,0.0238,50.96,51.19,51.44,51.88,1.0811,7.325,9.15,8.7,8.65,99305.06,1.86,31.9,5.55,20.26,4.0
2017-03-22,154.65841485403297,156.93023871042018,154.3525877966377,155.79432678222656,663903,35015.0,57658.671,0.009000000000000001,0.019618,0.07,0.015,0.014,0.0238,50.64,50.87,51.12,51.62,1.0797,7.725,9.203,8.825,8.8,99808.88,1.85,32.1,5.55,20.36,4.02
2017-03-23,155.57587376389398,156.44965006884954,154.22151782465917,155.9690704345703,426038,35015.0,57658.671,0.009000000000000001,0.019618,0.07,0.015,0.014,0.0238,50.56,50.66,50.86,51.32,1.0783,8.375,9.2875,8.85,8.8,100291.2,1.85,32.1,5.55,20.38,4.03
2017-03-24,155.61956712575295,156.44965195893542,154.65840784558262,155.401123046875,478901,35015.0,57658.671,0.009000000000000001,0.019618,0.07,0.015,0.014,0.0238,50.8,50.92,51.16,51.62,1.0799,8.2,9.0625,8.7,8.725,99926.0,1.86,32.0,5.55,20.31,4.01
2017-03-27,154.30888871957538,156.84283447265625,154.09044466042127,156.84283447265625,546422,35015.0,57658.671,0.009000000000000001,0.019618,0.07,0.015,0.014,0.0238,50.75,50.9,51.17,51.69,1.0865,8.6,9.1,8.703,8.653,100853.1,1.84,32.3,5.55,20.5,4.05
2017-03-28,156.8428684115993,156.8428684115993,155.53220377306226,156.1438446044922,434879,35015.0,57658.671,0.009000000000000001,0.019618,0.07,0.015,0.014,0.0238,51.33,51.42,51.66,52.1,1.0813,8.4,9.002,8.675,8.7275,100403.6,1.85,32.2,5.55,20.41,4.03
2017-03-29,156.9302278763468,157.41079417226356,155.1389838054856,157.10498046875,480597,35015.0,57658.671,0.009000000000000001,0.019618,0.07,0.015,0.014,0.0238,52.42,52.54,52.78,53.12,1.0767,8.65,9.25,8.825,8.815,101021.6,1.84,32.4,5.55,20.53,4.06
2017-03-30,156.79916646874707,157.01761056060454,155.92539010131713,156.4496612548828,473301,35015.0,57658.671,0.009000000000000001,0.019618,0.07,0.015,0.014,0.0238,52.96,53.13,53.39,53.77,1.06755,8.6,9.24,8.75,8.75,100600.3,1.84,32.2,5.55,20.45,4.04
2017-03-31,156.1001175206891,157.41078186035156,155.1826631491391,157.41078186035156,706089,35015.0,57658.671,0.009000000000000001,0.019618,0.07,0.015,0.014,0.0238,52.83,53.53,53.79,54.16,1.0652,8.45,9.088,8.737,8.763,101218.3,1.83,32.4,5.55,20.57,4.06
2017-04-03,157.27972259096447,157.89136329004253,156.58069893511785,156.84283447265625,410484,35015.0,57658.671,0.009000000000000001,0.019618,0.07,0.015,0.014,0.0238,53.12,53.41,53.64,53.92,1.06705,8.55,9.025,8.675,8.675,100853.1,1.84,32.3,5.55,20.5,4.05
2017-04-04,157.10498196563276,157.9350667870331,156.84284640814627,157.5418701171875,394484,35015.0,57658.671,0.009000000000000001,0.019618,0.07,0.015,0.014,0.0238,54.12,54.17,54.65,54.86,1.06735,8.85,9.112,8.7,8.675,101302.5,1.83,32.5,5.55,20.59,4.07
2017-04-05,157.23603295685226,157.27972443574902,156.10012116937392,156.27488708496094,475263,35015.0,57658.671,0.009000000000000001,0.019618,0.07,0.015,0.014,0.0238,54.07,54.12,54.83,55.04,1.0663,8.805,9.165,8.7,8.675,100487.8,1.85,32.2,5.55,20.42,4.03
2017-04-06,155.66323456074252,157.0612819024387,155.35742087102417,156.71177673339844,460965,35015.0,57658.671,0.009000000000000001,0.019618,0.07,0.015,0.014,0.0238,54.29,54.32,55.35,55.53,1.06445,12.05,9.6,9.0,8.915,100768.8,1.84,32.3,5.55,20.48,4.05
2017-04-07,156.62441486511761,157.89138793945312,155.92539110014204,157.89138793945312,478166,35015.0,57658.671,0.009000000000000001,0.019618,0.07,0.015,0.014,0.0238,54.62,54.65,55.72,55.89,1.059,12.35,9.7,9.05,9.012,101527.3,1.83,32.5,5.55,20.63,4.08
2017-04-10,156.88652640978674,158.28456039280067,156.31856385466492,158.0661163330078,464870,35015.0,57658.671,0.009000000000000001,0.019618,0.07,0.015,0.014,0.0238,55.37,55.4,56.54,56.75,1.0596,12.575,9.612,8.975,8.9,101639.6,1.82,32.6,5.55,20.66,4.08
2017-04-11,157.62924753588197,158.5467153660302,157.32343381434518,158.1535186767578,541314,35015.0,57658.671,0.009000000000000001,0.019618,0.07,0.015,0.014,0.0238,55.67,55.7,56.84,57.06,1.06025,12.5,9.638,8.975,8.875,101695.8,1.82,32.6,5.55,20.67,4.08
2017-04-12,158.24089493855507,159.02728828377406,158.0224508612422,158.9835968017578,442256,35015.0,57658.671,0.009000000000000001,0.019618,0.07,0.015,0.014,0.0238,55.81,55.84,56.6,56.93,1.0666,13.075,10.0,9.175,9.025,102229.6,1.81,32.8,5.55,20.78,4.1
2017-04-13,159.11468773496685,159.11468773496685,157.9350842621417,158.1972198486328,623284,35015.0,57658.671,0.009000000000000001,0.019618,0.07,0.015,0.014,0.0238,55.82,55.85,56.69,57.06,1.0614,12.975,9.765,9.05,8.875,101723.9,1.82,32.6,5.55,20.67,4.08
2017-04-18,159.02731162174064,159.24575573111116,157.32345023520463,157.3671417236328,774787,35015.0,57658.671,0.009000000000000001,0.019618,0.07,0.019,0.014,0.022,54.89,55.39,55.8,56.28,1.07335,12.65,9.575,8.95,8.9,101190.2,1.83,32.4,5.55,20.57,4.06
2017-04-19,157.36712267521813,158.9836008892321,157.23604822579944,158.50302124023438,928554,35015.0,57658.671,0.009000000000000001,0.019618,0.07,0.019,0.014,0.022,52.93,53.43,53.77,54.31,1.0711,12.575,9.525,8.952,8.888,101920.6,1.82,32.7,5.55,20.71,4.09
2017-04-20,157.89138530648123,159.9010735974843,157.84769382200457,158.80885314941406,749589,35015.0,57658.671,0.009000000000000001,0.019618,0.07,0.019,0.014,0.022,52.99,53.46,53.79,54.31,1.0717,12.6,9.75,9.025,8.94,102117.3,1.82,32.7,5.55,20.75,4.1
2017-04-21,158.28458876327684,158.63410732125251,156.66811043073713,157.97877502441406,923412,35015.0,57658.671,0.009000000000000001,0.019618,0.07,0.019,0.014,0.022,51.96,52.44,52.8,53.43,1.0728,13.0,10.025,9.325,9.2,101583.5,1.83,32.6,5.55,20.65,4.08
2017-04-24,161.64863174592864,162.39134700867993,160.4253501360943,162.12921142578125,1302253,35015.0,57658.671,0.009000000000000001,0.019618,0.07,0.019,0.014,0.022,51.6,52.13,52.47,53.07,1.08675,8.425,7.955,8.075,8.275,104252.3,1.78,33.4,5.55,21.19,4.19
2017-04-25,162.43502443496024,162.69716001668584,161.25543431634927,161.34280395507812,615645,35015.0,57658.671,0.009000000000000001,0.019618,0.07,0.019,0.014,0.022,52.1,52.57,52.86,53.34,1.0926,8.525,8.138,8.125,8.262,103746.6,1.79,33.2,5.55,21.09,4.17
2017-04-26,160.9932780241009,162.34763391148135,160.38163730060361,161.95443725585938,644013,35015.0,57658.671,0.009000000000000001,0.019618,0.07,0.019,0.014,0.022,51.82,52.41,52.74,53.25,1.09035,8.4625,8.26,8.175,8.218,104139.9,1.78,33.4,5.55,21.17,4.18
2017-04-27,161.648632470062,162.87191408537623,160.99330017626446,162.34765625,720889,35015.0,57658.671,0.009000000000000001,0.019618,0.07,0.019,0.014,0.022,51.44,51.82,52.13,52.63,1.0873,7.85,7.8,7.9,8.025,104392.8,1.78,33.5,5.55,21.22,4.19
2017-04-28,162.79244283983536,163.54858803120192,162.25869169606423,162.6590118408203,848406,35015.0,57658.671,0.009000000000000001,0.019618,0.07,0.019,0.014,0.022,51.73,52.05,52.37,52.92,1.0897,7.8,7.8,7.875,7.975,102735.3,1.8,32.9,5.55,20.88,4.12
2017-05-02,162.70347539439123,164.0823211669922,162.61452592207007,164.0823211669922,521428,35015.0,57658.671,0.009000000000000001,0.019618,0.07,0.019,0.014,0.022,50.46,50.76,50.97,51.4,1.093,7.8,7.7,7.7775,7.9,103634.2,1.79,33.2,5.55,21.06,4.16
2017-05-03,164.393673942979,164.393673942979,163.50409779996923,164.17127990722656,335586,35015.0,57658.671,0.009000000000000001,0.019618,0.07,0.019,0.014,0.022,50.79,51.07,51.26,51.69,1.0885,7.475,7.6,7.7,7.875,103690.4,1.79,33.2,5.55,21.07,4.16
2017-05-04,164.48263551836394,166.12835693359375,164.08232893931918,166.12835693359375,550012,35015.0,57658.671,0.009000000000000001,0.019618,0.07,0.019,0.014,0.022,48.38,48.72,48.97,49.48,1.09845,7.825,7.775,7.775,7.85,104926.5,1.77,33.6,5.55,21.32,4.21
2017-05-05,165.86148350744486,168.04094253171593,165.63908945244054,167.72959899902344,680887,35015.0,57658.671,0.009000000000000001,0.019618,0.07,0.019,0.014,0.022,49.1,49.48,49.74,50.3,1.09975,8.0,7.75,7.65,7.7,105937.9,1.75,33.9,5.55,21.53,4.25
2017-05-08,167.8630308820138,168.04094341217825,166.5286665449964,167.1513671875,619756,35015.0,57658.671,0.009000000000000001,0.019618,0.07,0.019,0.014,0.022,49.34,49.75,50.02,50.61,1.0924,7.4125,7.0,7.15,7.325,105572.6,1.76,33.8,5.55,21.46,4.24
2017-05-09,167.24031231963227,168.70810750353402,166.88448729743016,168.57467651367188,534321,35015.0,57658.671,0.009000000000000001,0.019618,0.07,0.019,0.014,0.022,48.73,49.11,49.38,50.03,1.08735,7.15,6.85,7.025,7.225,106471.6,1.74,34.1,5.55,21.64,4.27
2017-05-10,167.90750617760906,168.57468832136115,166.5286603657503,168.08541870117188,643455,35015.0,57658.671,0.009000000000000001,0.019618,0.07,0.019,0.014,0.022,50.22,50.54,50.76,51.27,1.0868,7.1,6.95,7.125,7.35,106162.6,1.75,34.0,5.55,21.58,4.26
2017-05-11,168.218852975075,169.06394759064918,167.5071893505398,168.26332092285156,605077,35015.0,57658.671,0.009000000000000001,0.019618,0.07,0.019,0.014,0.022,50.77,51.05,51.23,51.71,1.08615,6.762,6.7,7.075,7.425,106274.9,1.74,34.1,5.55,21.6,4.27
2017-05-12,168.263322907719,169.06394958496094,167.41822828217593,169.06394958496094,452150,35015.0,57658.671,0.009000000000000001,0.019618,0.07,0.019,0.014,0.022,50.84,51.05,51.2,51.62,1.0931,6.7,6.577,6.94,7.3875,106780.6,1.74,34.2,5.55,21.7,4.29
2017-05-15,169.01948978914587,169.24188385465789,168.26334453686232,168.93052673339844,345446,35015.0,57658.671,0.008,0.022584,0.07,0.014,0.009000000000000001,0.0187,51.82,52.01,52.14,52.44,1.0975,7.475,6.85,7.2,7.475,106696.4,1.74,34.2,5.55,21.68,4.28
2017-05-16,169.33082945718283,169.95353006166238,167.99646520164586,168.97499084472656,543555,35015.0,57658.671,0.008,0.022584,0.07,0.014,0.009000000000000001,0.0187,51.65,51.91,52.09,52.5,1.10825,8.05,7.2,7.4,7.675,106724.4,1.74,34.2,5.55,21.69,4.28
2017-05-17,168.26330959784,169.10841773038854,166.75103298114604,167.3737335205078,616931,35015.0,57658.671,0.008,0.022584,0.07,0.014,0.009000000000000001,0.0187,52.21,52.44,52.61,53.0,1.1159,8.525,7.45,7.635,7.9125,105713.1,1.75,33.9,5.55,21.48,4.24
2017-05-18,167.9074907374385,168.70810380677733,164.3047047777054,165.10533142089844,1051420,35015.0,57658.671,0.008,0.022584,0.07,0.014,0.009000000000000001,0.0187,52.51,52.67,52.82,53.2,1.1103,7.988,7.25,7.45,7.825,104280.4,1.78,33.4,5.55,21.19,4.19
2017-05-19,165.4166765846395,166.6620912953365,164.92740700450335,166.439697265625,875654,35015.0,57658.671,0.008,0.022584,0.07,0.014,0.009000000000000001,0.0187,53.58,53.63,53.9,54.23,1.1207,7.825,7.155,7.45,7.8,105123.1,1.76,33.7,5.55,21.36,4.22
2017-05-22,166.30627783128992,167.10690460353345,166.03940224054207,166.79554748535156,386671,35015.0,57658.671,0.008,0.022584,0.07,0.014,0.009000000000000001,0.0187,53.86,53.9,54.3,54.68,1.1238,7.875,7.15,7.4,7.775,105347.9,1.76,33.8,5.55,21.41,4.23
2017-05-23,166.66208700657103,167.90748811136538,166.35072994344543,167.86300659179688,487662,35015.0,57658.671,0.008,0.022584,0.07,0.014,0.009000000000000001,0.0187,53.98,54.02,54.61,54.96,1.11835,8.0,7.3,7.515,7.94,106022.1,1.75,34.0,5.55,21.55,4.26
2017-05-24,166.92897161880725,168.08542341518168,166.26178945634382,167.4627227783203,448903,35015.0,57658.671,0.008,0.022584,0.07,0.014,0.009000000000000001,0.0187,53.51,53.54,54.45,54.71,1.1219,7.628,7.168,7.485,7.895,105769.3,1.75,33.9,5.55,21.5,4.25
2017-05-25,168.12988213535394,168.70810116818262,167.32926907853673,167.86300659179688,302330,35015.0,57658.671,0.008,0.022584,0.07,0.014,0.009000000000000001,0.0187,51.46,51.77,52.0,52.41,1.12105,7.075,6.85,7.25,7.725,106022.1,1.75,34.0,5.55,21.55,4.26
2017-05-26,167.24031760873882,168.21885681152344,166.66209853591016,168.21885681152344,519515,35015.0,57658.671,0.008,0.022584,0.07,0.014,0.009000000000000001,0.0187,52.15,52.51,52.75,53.17,1.1183,7.25,6.9,7.3,7.75,106246.9,1.75,34.0,5.55,21.59,4.27
2017-05-29,167.81852046101517,168.48570251464844,167.2847829624207,168.48570251464844,227702,35015.0,57658.671,0.008,0.022584,0.07,0.014,0.009000000000000001,0.0187,52.15,52.51,52.75,53.17,1.11655,7.5,7.0,7.325,7.7625,106415.4,1.74,34.1,5.55,21.63,4.27
2017-05-30,167.95198684820627,168.6636505126953,166.6621040916136,168.6636505126953,530548,35015.0,57658.671,0.008,0.022584,0.07,0.014,0.009000000000000001,0.0187,51.84,52.24,52.51,53.03,1.11855,7.4,7.0,7.675,7.95,106527.8,1.74,34.1,5.55,21.65,4.28
2017-05-31,168.48572682128903,170.62071784523278,168.4412588703812,169.41978454589844,821229,35015.0,57658.671,0.008,0.022584,0.07,0.014,0.009000000000000001,0.0187,50.31,50.76,51.09,51.69,1.12435,7.1,6.9,7.6,7.875,106463.3,1.73,34.3,5.55,21.75,4.3
2017-06-01,169.5087379581153,170.84310218201986,169.37529339141196,169.86456298828125,533897,35015.0,57658.671,0.008,0.022584,0.07,0.014,0.009000000000000001,0.0187,50.63,50.97,51.22,51.73,1.1213,6.8,6.7375,7.525,7.875,106742.8,1.73,34.4,5.55,21.8,4.31
2017-06-02,171.154439845826,171.99954801785958,170.30934524764677,171.59922790527344,572037,35015.0,57658.671,0.008,0.022584,0.07,0.014,0.009000000000000001,0.0187,49.95,50.24,50.49,51.07,1.1282,6.762,6.7,7.575,7.875,107832.8,1.71,34.7,5.55,22.03,4.35
2017-06-05,171.19891468530074,171.64370272738978,169.90903207801327,170.08694458007812,278242,35015.0,57658.671,0.008,0.022584,0.07,0.014,0.009000000000000001,0.0187,49.47,49.81,50.09,50.74,1.12545,6.725,6.7,7.5,7.7875,106882.5,1.73,34.4,5.55,21.83,4.31
2017-06-06,169.7756141774356,171.0654968841184,169.24186305625764,170.13143920898438,523811,35015.0,57658.671,0.008,0.022584,0.07,0.014,0.009000000000000001,0.0187,50.12,50.42,50.67,51.21,1.12775,6.975,6.677,7.488,7.713,106910.4,1.73,34.4,5.55,21.84,4.31
2017-06-07,169.41976431058904,171.46579204063065,168.39675723249522,169.24185180664062,563255,35015.0,57658.671,0.008,0.022584,0.07,0.014,0.009000000000000001,0.0187,48.06,48.43,48.72,49.39,1.1257,7.14,7.0,7.62,7.8975,106351.4,1.73,34.3,5.55,21.72,4.29
2017-06-08,169.15290998369014,169.95353671265727,167.41823909837817,167.5072021484375,592160,35015.0,57658.671,0.008,0.022584,0.07,0.014,0.009000000000000001,0.0187,47.86,48.26,48.58,49.37,1.1214,6.525,6.773,7.27,7.713,105261.4,1.75,33.9,5.55,21.5,4.25
2017-06-09,168.12989191510607,170.17591976958465,167.77406688556837,169.06394958496094,525672,35015.0,57658.671,0.008,0.022584,0.07,0.014,0.009000000000000001,0.0187,48.15,48.53,48.84,49.6,1.11955,6.15,6.505,7.05,7.55,106239.6,1.74,34.2,5.55,21.7,4.29
2017-06-12,168.48573693699387,168.66366304673005,166.52867189460372,166.79554748535156,724256,35015.0,57658.671,0.008,0.022584,0.07,0.014,0.009000000000000001,0.0187,48.29,48.64,48.94,49.67,1.1203,6.1,6.4,6.8,7.4,104814.1,1.76,33.8,5.55,21.41,4.23
2017-06-13,167.37372884030506,167.37372884030506,166.2172908311932,166.66207885742188,479715,35015.0,57658.671,0.008,0.022584,0.07,0.014,0.009000000000000001,0.0187,48.72,49.05,49.33,50.03,1.12155,6.125,6.363,6.875,7.45,104730.3,1.76,33.7,5.55,21.39,4.23
2017-06-14,167.28478788952327,168.75258302120656,166.88448136032366,167.3292694091797,513222,35015.0,57658.671,0.008,0.022584,0.07,0.014,0.009000000000000001,0.0187,47.0,47.29,47.61,48.45,1.1218,5.925,6.427,6.975,7.525,105149.6,1.75,33.9,5.55,21.48,4.24
2017-06-15,166.84001999455938,167.68511467470054,165.99492531441823,167.5072021484375,788853,35015.0,57658.671,0.008,0.022584,0.07,0.013,0.008,0.0163,46.92,47.19,47.49,48.38,1.1145,5.95,6.455,7.0125,7.525,105261.4,1.75,33.9,5.55,21.5,4.25
2017-06-16,167.95196248653116,169.90902709960938,167.90748096885483,169.90902709960938,1145316,35015.0,57658.671,0.008,0.022584,0.07,0.013,0.008,0.0163,47.37,47.63,47.9,48.76,1.11975,5.675,6.25,6.85,7.4125,106770.7,1.73,34.4,5.55,21.81,4.31
2017-06-19,171.02101686443945,171.7771620304432,169.82008361816406,169.82008361816406,452092,35015.0,57658.671,0.008,0.022584,0.07,0.013,0.008,0.0163,46.91,47.13,47.39,48.26,1.11485,6.0,6.25,6.8,7.325,106714.8,1.73,34.4,5.55,21.8,4.31
2017-06-20,170.4872642405331,171.5992344314415,170.13143920898438,170.13143920898438,460963,35015.0,57658.671,0.008,0.022584,0.07,0.013,0.008,0.0163,46.02,46.25,46.51,47.4,1.11345,6.075,6.25,6.8,7.45,106910.4,1.73,34.4,5.55,21.84,4.31
2017-06-21,169.9535432397057,169.9535432397057,167.5516901082727,169.0194854736328,549201,35015.0,57658.671,0.008,0.022584,0.07,0.013,0.008,0.0163,44.82,45.05,45.31,46.24,1.1168,6.025,6.6,7.0,7.54,106211.7,1.74,34.2,5.55,21.7,4.29
2017-06-22,168.84156303535372,169.01947555801212,167.81854227582093,168.6636505126953,472378,35015.0,57658.671,0.008,0.022584,0.07,0.013,0.008,0.0163,45.22,45.41,45.64,46.5,1.11525,5.825,6.5,6.975,7.475,105988.1,1.74,34.1,5.55,21.65,4.28
2017-06-23,168.21884550689174,168.44123953131975,166.75103680135442,167.3292694091797,349491,35015.0,57658.671,0.008,0.022584,0.07,0.013,0.008,0.0163,45.54,45.75,45.98,46.8,1.1194,5.7,6.45,6.9,7.5,105149.6,1.75,33.9,5.55,21.48,4.24
2017-06-26,170.79861632820823,175.37992795121994,170.79861632820823,173.77870178222656,1152037,35015.0,57658.671,0.008,0.022584,0.07,0.013,0.008,0.0163,45.83,46.04,46.28,47.08,1.1182,5.825,6.4,6.8,7.4,109202.4,1.69,35.2,5.55,22.31,4.41
2017-06-27,173.42285489574593,173.42285489574593,170.08694458007812,170.08694458007812,633717,35015.0,57658.671,0.008,0.022584,0.07,0.013,0.008,0.0163,46.65,46.92,47.19,48.04,1.1339,6.7,6.85,7.15,7.7,106882.5,1.73,34.4,5.55,21.83,4.31
2017-06-28,169.86455451519575,170.84309366012343,168.48570883783552,169.19737243652344,601818,35015.0,57658.671,0.008,0.022584,0.07,0.013,0.008,0.0163,47.31,47.54,47.81,48.61,1.1378,7.262,7.238,7.35,7.75,106323.5,1.74,34.2,5.55,21.72,4.29
2017-06-29,169.73112356662799,169.90903607287586,162.83690875215265,163.19273376464844,809420,35015.0,57658.671,0.008,0.022584,0.07,0.013,0.008,0.0163,47.42,47.63,47.93,48.77,1.1441,7.088,7.2,7.3,7.71,102550.2,1.8,33.0,5.55,20.95,4.14
2017-06-30,164.08231604987614,164.5271041191758,162.08076973802764,162.25868225097656,836029,37060.0,58703.144,0.008,0.022584,0.07,0.013,0.008,0.0163,48.77,49.04,49.33,50.07,1.1426,6.725,6.975,7.1,7.55,101963.2,1.81,32.8,5.55,20.83,4.11
2017-07-03,162.97034936167125,163.14826187842476,161.90286068729523,162.74795532226562,467542,37060.0,58703.144,0.008,0.022584,0.07,0.013,0.008,0.0163,48.77,49.04,49.33,50.07,1.1364,6.725,6.8025,6.925,7.4,102270.7,1.8,32.9,5.55,20.89,4.13
2017-07-04,162.03631140853682,162.03631140853682,161.3246612548828,161.3246612548828,393742,37060.0,58703.144,0.008,0.022584,0.07,0.013,0.008,0.0163,48.77,49.04,49.33,50.07,1.13455,6.825,6.9,6.95,7.425,101376.3,1.82,32.7,5.55,20.71,4.09
2017-07-05,161.05774707986382,161.8583600978706,160.56847753603597,161.4580535888672,517119,37060.0,58703.144,0.008,0.022584,0.07,0.013,0.008,0.0163,47.79,48.07,48.38,49.23,1.1353,6.825,7.005,7.0275,7.475,101460.1,1.82,32.7,5.55,20.73,4.09
2017-07-06,161.32464783933523,161.41359731421676,158.0776865944113,158.83383178710938,987687,37060.0,58703.144,0.008,0.022584,0.07,0.013,0.008,0.0163,48.11,48.39,48.68,49.5,1.1423,6.9,7.05,7.1125,7.525,99811.0,1.85,32.1,5.55,20.39,4.03
2017-07-07,159.27861089290306,159.72339896377193,158.4335162730232,159.5454864501953,433384,37060.0,58703.144,0.008,0.022584,0.07,0.013,0.008,0.0163,46.71,46.98,47.27,48.12,1.1401,6.625,6.85,7.0,7.4375,100258.3,1.84,32.3,5.55,20.48,4.05
2017-07-10,159.9902546228085,160.96878011270627,158.61140905983348,160.1681671142578,319678,37060.0,58703.144,0.008,0.022584,0.07,0.013,0.008,0.0163,46.88,47.17,47.51,48.41,1.14,6.45,6.7,6.85,7.338,100649.6,1.83,32.4,5.55,20.56,4.06
2017-07-11,159.9902716941239,160.12370268348502,159.05621404703268,159.32308959960938,412126,37060.0,58703.144,0.008,0.022584,0.07,0.013,0.008,0.0163,47.52,47.81,48.13,48.99,1.14675,6.7,6.9,6.9875,7.452,100118.5,1.84,32.2,5.55,20.45,4.04
2017-07-12,160.1237102131267,163.05931428180506,159.63444060603783,161.90286254882812,639003,37060.0,58703.144,0.008,0.022584,0.07,0.013,0.008,0.0163,47.74,48.03,48.34,49.14,1.1412,6.512,6.9,6.965,7.54,101739.6,1.81,32.8,5.55,20.78,4.11
2017-07-13,161.90286943560483,163.63754032192946,161.05777475497032,162.88140869140625,445968,37060.0,58703.144,0.008,0.022584,0.07,0.013,0.008,0.0163,48.42,48.68,48.96,49.68,1.13985,6.262,6.75,6.9,7.425,102354.5,1.8,33.0,5.55,20.91,4.13
2017-07-14,163.41512316630732,164.43814380252616,162.61451012392192,163.8154296875,365448,37060.0,58703.144,0.008,0.022584,0.07,0.013,0.008,0.0163,48.91,49.17,49.47,50.21,1.1469,6.2,6.75,6.9,7.425,102941.4,1.79,33.2,5.55,21.03,4.15
2017-07-17,163.68200965167063,164.61606731282336,163.59304660818762,163.90440368652344,422725,37060.0,58703.144,0.008,0.022584,0.07,0.013,0.008,0.0173,48.42,48.68,49.0,49.8,1.14785,6.425,6.85,7.025,7.5,102997.4,1.79,33.2,5.55,21.04,4.16
2017-07-18,163.85992900235578,165.1053437938132,163.2372283935547,163.2372283935547,652437,37060.0,58703.144,0.008,0.022584,0.07,0.013,0.008,0.0173,48.84,49.08,49.38,50.12,1.15545,7.15,7.412,7.45,7.75,102578.1,1.8,33.0,5.55,20.95,4.14
2017-07-19,164.17127526236018,164.79397583007812,163.63752416211375,164.79397583007812,360681,37060.0,58703.144,0.008,0.022584,0.07,0.013,0.008,0.0173,49.7,49.93,50.22,50.93,1.15155,6.875,7.3125,7.325,7.7,103556.4,1.78,33.4,5.55,21.15,4.18
2017-07-20,165.1943002272324,165.68356985971008,163.41514779920865,164.2157745361328,623991,37060.0,58703.144,0.008,0.022584,0.07,0.013,0.008,0.0173,49.3,49.52,49.81,50.52,1.1631,6.725,7.375,7.375,7.725,103193.1,1.79,33.2,5.55,21.08,4.16
2017-07-21,164.03781730566718,165.01635638493042,159.99025715908164,160.92430114746094,788264,37060.0,58703.144,0.008,0.022584,0.07,0.013,0.008,0.0173,48.06,48.31,48.6,49.38,1.1663,6.512,7.275,7.35,7.6125,101124.7,1.82,32.6,5.55,20.66,4.08
2017-07-24,161.81392243162242,161.94736702002226,159.4120691528526,159.8568572998047,526798,37060.0,58703.144,0.008,0.022584,0.07,0.013,0.008,0.0173,48.6,48.82,49.09,49.81,1.1642,6.725,7.3625,7.425,7.55,100453.9,1.84,32.4,5.55,20.52,4.05
2017-07-25,159.36756280548607,161.81389723276112,159.2341318117221,160.30162048339844,533187,37060.0,58703.144,0.008,0.022584,0.07,0.013,0.008,0.0173,50.2,50.36,50.59,51.18,1.16525,7.0,7.65,7.575,7.775,100733.4,1.83,32.4,5.55,20.58,4.06
2017-07-26,160.168175607313,162.16972178342087,160.12369408862875,160.83535766601562,460782,37060.0,58703.144,0.008,0.022584,0.07,0.013,0.008,0.0173,50.97,51.1,51.31,51.82,1.1734,6.955,7.713,7.55,7.713,101068.8,1.83,32.6,5.55,20.65,4.08
2017-07-27,160.25715825364665,162.2587048441944,160.12372724381942,161.0577850341797,605504,37060.0,58703.144,0.008,0.022584,0.07,0.013,0.008,0.0173,51.49,51.52,51.69,52.12,1.1677,7.425,7.735,7.625,7.795,101208.6,1.82,27.6,6.55,20.67,4.08
2017-07-28,158.34456468595366,158.34456468595366,154.87522291170256,156.60989379882812,1302350,37060.0,58703.144,0.008,0.022584,0.07,0.013,0.008,0.0173,52.52,52.22,52.34,52.69,1.1752,7.4,7.75,7.6,7.8,98413.5,1.87,26.9,6.55,20.1,3.97
2017-07-31,156.38748634272696,156.96570539758883,155.58685968154757,155.76478576660156,689795,37060.0,58703.144,0.008,0.022584,0.07,0.013,0.008,0.0173,52.65,52.72,52.87,53.23,1.1842,7.775,7.875,7.7175,7.86,97882.44,1.88,26.7,6.55,19.99,3.95
2017-08-01,157.23258559192047,157.2770671144968,154.7862511626261,156.4764404296875,700825,37060.0,58703.144,0.008,0.022584,0.07,0.013,0.008,0.0173,51.78,51.94,52.11,52.51,1.18015,7.825,7.85,7.675,7.85,98329.63,1.88,26.9,6.55,20.09,3.97
2017-08-02,156.38749282752036,156.83228091088995,155.49791666078116,155.63134765625,550994,37060.0,58703.144,0.008,0.022584,0.07,0.013,0.008,0.0173,52.36,52.44,52.56,52.85,1.1856,7.95,8.0875,7.85,7.975,97798.63,1.89,26.7,6.55,19.98,3.95
2017-08-03,155.31999770167562,156.6988298438624,154.56385256175975,155.76478576660156,660823,37060.0,58703.144,0.008,0.022584,0.07,0.013,0.008,0.0173,52.01,52.02,52.12,52.4,1.187,8.025,8.195,7.925,8.1,97882.44,1.88,26.7,6.55,19.99,3.95
2017-08-04,155.2310233344952,157.76632054915586,155.1865418164768,157.05465698242188,441256,37060.0,58703.144,0.008,0.022584,0.07,0.013,0.008,0.0173,52.42,52.46,52.6,52.92,1.1772,7.6375,7.8875,7.725,7.9,98693.0,1.87,26.9,6.55,20.16,3.98
2017-08-07,157.05468190187855,157.4549884798528,155.85374859410013,156.60989379882812,334489,37060.0,58703.144,0.008,0.022584,0.07,0.013,0.008,0.0173,52.37,52.42,52.57,52.94,1.17955,8.0875,7.713,7.5125,7.75,98413.5,1.87,26.9,6.55,20.1,3.97
2017-08-08,156.29852922546226,157.81080598876977,155.76479167162992,157.01019287109375,374895,37060.0,58703.144,0.008,0.022584,0.07,0.013,0.008,0.0173,52.14,52.19,52.34,52.73,1.175,8.175,7.76,7.575,7.775,98665.06,1.87,26.9,6.55,20.15,3.98
2017-08-09,156.12060117193752,156.38747670922442,154.69727402231,156.20956420898438,565242,37060.0,58703.144,0.008,0.022584,0.07,0.013,0.008,0.0173,52.7,52.65,52.7,52.95,1.1759,8.288,7.875,7.6875,7.9125,98161.94,1.88,26.8,6.55,20.05,3.96
2017-08-10,156.1205876557712,156.52089414011806,153.8521661460023,154.51934814453125,660722,37060.0,58703.144,0.008,0.022584,0.07,0.013,0.008,0.0173,51.9,51.78,51.77,51.93,1.1772,8.325,7.988,7.825,8.025,97099.81,1.9,26.5,6.55,19.83,3.92
2017-08-11,154.03008458940042,155.63132416258335,153.49634711424147,154.43040466308594,607128,37060.0,58703.144,0.008,0.022584,0.07,0.013,0.008,0.0173,52.1,51.94,51.92,52.08,1.18205,8.125,7.9,7.825,8.063,97043.94,1.9,26.5,6.55,19.82,3.92
2017-08-14,154.78624278332867,156.2095699855906,154.29697320918524,155.8092498779297,360603,37060.0,58703.144,0.008,0.022584,0.07,0.013,0.008,0.0173,50.73,50.63,50.65,50.92,1.178,8.15,7.8,7.675,7.95,97910.38,1.88,26.7,6.55,20.0,3.95
2017-08-15,156.29852828080797,157.01019192213823,155.36447059992793,155.9427032470703,279280,37060.0,58703.144,0.006999999999999999,0.031916,0.069,0.015,0.01,0.0194,50.8,50.63,50.62,50.8,1.1735,8.15,7.8,7.6,7.8625,97994.25,1.88,26.8,6.55,20.02,3.95
2017-08-16,156.29851831580297,157.4104884426568,155.98717482459637,156.9212188720703,374986,37060.0,58703.144,0.006999999999999999,0.031916,0.069,0.015,0.01,0.0194,50.27,50.1,50.07,50.27,1.177,7.85,7.725,7.6,7.85,98609.19,1.87,26.9,6.55,20.14,3.98
2017-08-17,156.87677217528412,157.89977940101593,156.60989659391967,156.83229064941406,437250,37060.0,58703.144,0.006999999999999999,0.031916,0.069,0.015,0.01,0.0194,51.03,50.75,50.63,50.74,1.1724,7.775,7.7,7.6125,7.85,98553.25,1.87,26.9,6.55,20.13,3.98
2017-08-18,155.6758217084381,156.16509129143552,154.2524944804192,156.03164672851562,661885,37060.0,58703.144,0.006999999999999999,0.031916,0.069,0.015,0.01,0.0194,52.72,52.41,52.26,52.33,1.1762,7.675,7.575,7.6,7.888,98050.13,1.88,26.8,6.55,20.03,3.96
2017-08-21,155.27552047164178,155.94270258746909,154.5193753108289,155.6758270263672,320487,37060.0,58703.144,0.006999999999999999,0.031916,0.069,0.015,0.01,0.0194,51.66,51.28,51.12,51.19,1.1816,8.3,7.71,7.675,7.95,97826.56,1.89,26.7,6.55,19.98,3.95
2017-08-22,156.25404519983687,157.67737246830282,156.12061420697964,157.58840942382812,485201,37060.0,58703.144,0.006999999999999999,0.031916,0.069,0.015,0.01,0.0194,51.87,51.58,51.51,51.73,1.1762,8.15,7.6775,7.6,7.95,99028.44,1.86,27.0,6.55,20.23,4.0
2017-08-23,157.3215391933683,159.27860390455405,157.3215391933683,158.5669403076172,706711,37060.0,58703.144,0.006999999999999999,0.031916,0.069,0.015,0.01,0.0194,52.57,52.24,52.16,52.35,1.18075,8.163,7.7325,7.65,7.95,99643.31,1.85,27.2,6.55,20.35,4.02
2017-08-24,158.92277407306054,160.47953233854923,158.6114305642757,160.0347442626953,720466,37060.0,58703.144,0.006999999999999999,0.031916,0.069,0.015,0.01,0.0194,52.04,51.66,51.57,51.76,1.1799,7.875,7.65,7.65,7.95,100565.7,1.83,27.5,6.55,20.54,4.06
2017-08-25,159.7233869392999,160.16817497668373,158.21111032696567,158.38902282714844,410176,37060.0,58703.144,0.006999999999999999,0.031916,0.069,0.015,0.01,0.0194,52.41,51.98,51.89,52.07,1.1926,7.665,7.625,7.7,8.025,99531.56,1.85,27.2,6.55,20.33,4.02
2017-08-28,157.4994687432251,158.6559205166632,156.38749849450684,157.72186279296875,337866,37060.0,58703.144,0.006999999999999999,0.031916,0.069,0.015,0.01,0.0194,51.89,51.42,51.36,51.57,1.1979,8.125,7.813,7.8,8.1,99112.25,1.86,27.1,6.55,20.25,4.0
2017-08-29,156.43197379431163,157.49946247583134,155.94270418957404,157.01019287109375,543408,37060.0,58703.144,0.006999999999999999,0.031916,0.069,0.015,0.01,0.0194,52.0,51.66,51.69,51.97,1.19725,8.45,8.025,7.975,8.178,98665.06,1.87,26.9,6.55,20.15,3.98
2017-08-30,157.5439411755387,157.63289064598925,156.69883297620248,156.7877960205078,323221,37060.0,58703.144,0.006999999999999999,0.031916,0.069,0.015,0.01,0.0194,50.86,50.73,50.79,51.13,1.1883,8.337,8.05,8.0,8.2275,98525.31,1.87,26.9,6.55,20.13,3.98
2017-08-31,157.45498506815477,158.744867824281,156.69883987981075,157.76634216308594,569717,37060.0,58703.144,0.006999999999999999,0.031916,0.069,0.015,0.01,0.0194,52.38,52.86,52.84,53.11,1.191,8.288,8.012,7.95,8.1,99140.19,1.86,27.1,6.55,20.25,4.0
2017-09-01,158.12215158190216,159.0117276808158,157.85527603745726,158.30006408691406,495002,37060.0,58703.144,0.006999999999999999,0.031916,0.069,0.015,0.01,0.0194,52.75,52.79,52.89,53.19,1.1859,7.95,7.905,7.838,8.025,99475.63,1.85,27.2,6.55,20.32,4.01
2017-09-04,157.36602416906555,158.2111324171759,157.05468064373778,157.72186279296875,317800,37060.0,58703.144,0.006999999999999999,0.031916,0.069,0.015,0.01,0.0194,52.75,52.79,52.89,53.19,1.1896,8.375,8.035,8.0,8.15,99112.25,1.86,27.1,6.55,20.25,4.0
2017-09-05,157.85530132122793,158.83384061630775,156.87677560000435,157.32156372070312,466392,37060.0,58703.144,0.006999999999999999,0.031916,0.069,0.015,0.01,0.0194,53.38,53.36,53.41,53.65,1.1914,8.6,8.1225,8.05,8.175,98860.69,1.87,27.0,6.55,20.19,3.99
2017-09-06,156.43197472700317,158.2111270647622,155.98718664256342,158.0776824951172,436083,37060.0,58703.144,0.006999999999999999,0.031916,0.069,0.015,0.01,0.0194,54.2,54.07,54.05,54.21,1.1917,8.55,8.205,8.15,8.2,99335.88,1.86,27.1,6.55,20.29,4.01
2017-09-07,158.83381154880084,159.23411806940007,158.03318493374857,158.65589904785156,543212,37060.0,58703.144,0.006999999999999999,0.031916,0.069,0.015,0.01,0.0194,54.49,54.33,54.26,54.35,1.2023,8.15,8.1625,8.2,8.2,99699.25,1.85,27.2,6.55,20.37,4.02
2017-09-08,158.25558177323882,159.01172688306352,157.89975676500012,158.8782958984375,333064,37060.0,58703.144,0.006999999999999999,0.031916,0.069,0.015,0.01,0.0194,53.78,53.58,53.47,53.5,1.2035,8.225,8.15,8.1875,8.225,99839.0,1.85,27.3,6.55,20.39,4.03
2017-09-11,159.5010129530218,160.9243267070979,159.3675683807346,160.7464141845703,418845,37060.0,58703.144,0.006999999999999999,0.031916,0.069,0.015,0.01,0.0194,53.84,53.69,53.64,53.76,1.1953,7.79,7.885,8.01,8.045,101012.9,1.83,27.6,6.55,20.63,4.08
2017-09-12,160.83537094354526,160.9688019367595,159.67891923155412,160.0347442626953,372689,37060.0,58703.144,0.006999999999999999,0.031916,0.069,0.015,0.01,0.0194,54.27,54.03,53.94,53.99,1.1967,7.875,7.9,7.975,8.1,100565.7,1.83,27.5,6.55,20.54,4.06
2017-09-13,160.03474492201562,160.34610200593806,159.14516876664288,160.30162048339844,530905,37060.0,58703.144,0.006999999999999999,0.031916,0.069,0.015,0.01,0.0194,55.16,54.89,54.74,54.63,1.18865,8.0,8.0,7.955,8.075,100733.4,1.83,27.5,6.55,20.58,4.06
2017-09-14,160.30159884574257,160.6574374041732,159.50098584351653,159.58993530273438,448093,37060.0,58703.144,0.006999999999999999,0.031916,0.069,0.015,0.01,0.0194,55.47,55.22,55.09,55.02,1.1919,7.775,8.1625,7.875,8.0,100286.2,1.84,27.4,6.55,20.49,4.05
2017-09-15,159.6344570353735,160.07924516507575,158.56696823885935,159.1451873779297,1363091,37060.0,58703.144,0.006999999999999999,0.031916,0.069,0.016,0.011,0.0223,55.62,55.42,55.3,55.28,1.1943,7.625,8.115,7.8525,7.9725,100006.7,1.84,27.3,6.55,20.43,4.04
2017-09-18,159.32307863660813,159.767866669012,158.56693355198013,159.23411560058594,274820,37060.0,58703.144,0.006999999999999999,0.031916,0.069,0.016,0.011,0.0223,55.48,55.25,55.08,54.98,1.1954,7.775,8.163,7.9,8.0,100062.6,1.84,27.3,6.55,20.44,4.04
2017-09-19,158.4779687620437,158.87828884585957,157.5883927070811,157.89974975585938,408813,37060.0,58703.144,0.006999999999999999,0.031916,0.069,0.016,0.011,0.0223,55.14,54.9,54.72,54.57,1.1994,7.8,8.225,7.9,8.05,99224.06,1.86,27.1,6.55,20.27,4.0
2017-09-20,158.03320227766102,158.7448659334158,157.54394623981887,158.61143493652344,378067,37060.0,58703.144,0.006999999999999999,0.031916,0.069,0.016,0.011,0.0223,56.29,55.93,55.68,55.37,1.1893,7.512,8.055,7.81,7.95,99671.31,1.85,27.2,6.55,20.36,4.02
2017-09-21,158.967268799559,159.0117503256101,156.6988467095134,157.0991668701172,461995,37060.0,58703.144,0.006999999999999999,0.031916,0.069,0.016,0.011,0.0223,56.43,56.09,55.82,55.5,1.1941,7.3,8.125,7.9,8.0,98721.0,1.87,27.0,6.55,20.17,3.98
2017-09-22,167.24032597395052,167.68511407494506,160.79089850952954,160.96881103515625,1549467,37060.0,58703.144,0.006999999999999999,0.031916,0.069,0.016,0.011,0.0223,56.86,56.42,56.1,55.7,1.1954,7.613,8.4,8.075,8.175,101152.6,1.82,27.6,6.55,20.66,4.08
2017-09-25,161.05774562906248,162.48105915645928,160.0347250332099,161.7694091796875,527792,37060.0,58703.144,0.006999999999999999,0.031916,0.069,0.016,0.011,0.0223,59.02,58.43,58.03,57.4,1.1848,7.838,8.3,8.025,8.15,101655.8,1.81,27.8,6.55,20.77,4.1
2017-09-26,162.34766789998358,162.34766789998358,159.901333178203,161.0577850341797,674121,37060.0,58703.144,0.006999999999999999,0.031916,0.069,0.016,0.011,0.0223,58.44,57.92,57.62,57.11,1.1793,8.25,8.012,7.8,7.915,101208.6,1.82,27.6,6.55,20.67,4.08
2017-09-27,160.92430867931773,161.14670270102704,158.12214943532194,158.34454345703125,859908,37060.0,58703.144,0.006999999999999999,0.031916,0.069,0.016,0.011,0.0223,57.9,57.57,57.35,56.96,1.17445,8.075,7.725,7.575,7.7,99503.56,1.85,27.2,6.55,20.33,4.02
2017-09-28,157.89974447745894,158.2555694580078,156.8767374779912,158.2555694580078,626713,37060.0,58703.144,0.006999999999999999,0.031916,0.069,0.016,0.011,0.0223,57.41,57.16,56.92,56.44,1.1786,7.925,7.675,7.5725,7.7375,99447.63,1.85,27.2,6.55,20.31,4.01
2017-09-29,158.4335180487051,160.0347442626953,158.4335180487051,160.0347442626953,769942,37060.0,58703.144,0.006999999999999999,0.031916,0.069,0.016,0.011,0.0223,56.79,56.59,56.43,56.11,1.1814,7.525,7.425,7.415,7.6,100565.7,1.83,27.5,6.55,20.54,4.06
2017-10-02,160.12370184536638,161.3246350387484,159.41203823350497,161.2356719970703,412135,37060.0,58703.144,0.006999999999999999,0.031916,0.069,0.016,0.011,0.0223,56.12,55.89,55.71,55.39,1.1732,7.775,7.25,7.356,7.6125,101320.4,1.82,27.7,6.55,20.7,4.09
2017-10-03,161.2801510295344,162.16972713717237,160.47952438834773,161.8138885498047,276732,37060.0,58703.144,0.006999999999999999,0.031916,0.069,0.016,0.011,0.0223,56.0,55.78,55.59,55.29,1.1744,7.537,7.075,7.213,7.625,101683.7,1.81,27.8,6.55,20.77,4.1
2017-10-04,161.4580660274111,162.34764214877424,161.2356719970703,161.2356719970703,428982,37060.0,58703.144,0.006999999999999999,0.031916,0.069,0.016,0.011,0.0223,55.8,55.6,55.41,55.16,1.17595,7.525,7.125,7.3,7.7,101320.4,1.82,27.7,6.55,20.7,4.09
2017-10-05,161.63598019004164,162.57003784179688,161.191192124811,162.57003784179688,346866,37060.0,58703.144,0.006999999999999999,0.031916,0.069,0.016,0.011,0.0223,57.0,56.71,56.46,56.08,1.1711,7.275,7.05,7.2425,7.725,102158.9,1.81,27.9,6.55,20.87,4.12
2017-10-06,162.30317033669635,162.43661490719595,160.25714242039956,160.7908935546875,457329,37060.0,58703.144,0.006999999999999999,0.031916,0.069,0.016,0.011,0.0223,55.62,55.36,55.13,54.77,1.1734,7.025,6.925,7.175,7.675,101040.8,1.83,27.6,6.55,20.64,4.08
2017-10-09,160.83537878572332,162.08078002929688,160.61298473695263,162.08078002929688,345809,37060.0,58703.144,0.006999999999999999,0.031916,0.069,0.016,0.011,0.0223,55.79,55.54,55.3,54.92,1.17405,7.1,6.85,7.15,7.7,101851.4,1.81,27.8,6.55,20.81,4.11
2017-10-10,162.39211890615044,164.26022056190322,162.08076184326467,164.03782653808594,564322,37060.0,58703.144,0.006999999999999999,0.031916,0.069,0.016,0.011,0.0223,56.61,56.36,56.12,55.72,1.18065,7.425,7.085,7.3625,7.895,103081.2,1.79,28.1,6.55,21.06,4.16
2017-10-11,164.5715693964791,165.016357421875,163.50408085029963,165.016357421875,432107,37060.0,58703.144,0.006999999999999999,0.031916,0.069,0.016,0.011,0.0223,56.94,56.73,56.52,56.17,1.1859,7.5,7.188,7.6,7.975,103696.1,1.78,28.3,6.55,21.18,4.18
2017-10-12,165.23875948078194,167.06239318847656,164.7494899142511,167.06239318847656,522505,37060.0,58703.144,0.006999999999999999,0.031916,0.069,0.016,0.011,0.0223,56.25,56.07,55.89,55.61,1.18305,7.375,7.15,7.525,7.85,104981.9,1.76,28.7,6.55,21.44,4.24
2017-10-13,167.24030107655005,167.95196464696568,166.35072500699394,167.68508911132812,434315,37060.0,58703.144,0.006999999999999999,0.031916,0.069,0.016,0.011,0.0223,57.17,56.95,56.71,56.33,1.1823,7.2,7.015,7.5,7.83,105373.2,1.75,28.8,6.55,21.52,4.25
2017-10-16,167.41820472012063,168.88601330156078,167.32925526218216,168.39674377441406,485073,37060.0,58703.144,0.006999999999999999,0.031916,0.069,0.014,0.012,0.0204,57.82,57.56,57.28,56.82,1.17965,7.175,6.912,7.65,7.725,105820.4,1.74,28.9,6.55,21.62,4.27
2017-10-17,168.797073892025,168.97498640665276,167.28479715690693,167.41822814941406,481223,37060.0,58703.144,0.006999999999999999,0.031916,0.069,0.014,0.012,0.0204,57.88,57.54,57.21,56.68,1.17665,7.063,6.7875,7.575,7.65,105205.5,1.75,28.7,6.55,21.49,4.25
2017-10-18,167.4182248307333,168.93050153587396,166.7510427337135,168.57467651367188,323468,37060.0,58703.144,0.006999999999999999,0.031916,0.069,0.014,0.012,0.0204,58.15,57.8,57.48,56.98,1.17875,6.903,6.7,7.3525,7.425,105932.2,1.74,28.9,6.55,21.64,4.27
2017-10-19,165.8169764847516,166.70655256798278,165.19427594126054,166.2617645263672,680353,37060.0,58703.144,0.006999999999999999,0.031916,0.069,0.014,0.012,0.0204,57.23,56.98,56.73,56.34,1.1852,6.975,6.813,7.5,7.5,104478.8,1.77,28.5,6.55,21.34,4.22
2017-10-20,166.3952316151063,166.70657514208463,164.616079207725,165.0608673095703,639419,37060.0,58703.144,0.006999999999999999,0.031916,0.069,0.014,0.012,0.0204,57.75,57.58,57.33,56.93,1.1785,7.012,6.85,7.5,7.525,103724.1,1.78,28.3,6.55,21.19,4.19
2017-10-23,164.88294982910156,166.1728325709227,164.5715927376234,164.88294982910156,354437,37060.0,58703.144,0.006999999999999999,0.031916,0.069,0.014,0.012,0.0204,57.37,57.27,57.08,56.72,1.1749,7.01,6.77,7.4125,7.47,103612.3,1.78,28.3,6.55,21.17,4.18
2017-10-24,164.4381526416667,165.14980268477245,163.94888305664062,163.94888305664062,422025,37060.0,58703.144,0.006999999999999999,0.031916,0.069,0.014,0.012,0.0204,58.33,58.17,57.91,57.47,1.1761,6.675,6.625,7.3,7.4375,103025.4,1.79,28.1,6.55,21.05,4.16
2017-10-25,163.4151242769017,164.5270943843573,162.34763568851514,162.70346069335938,514356,37060.0,58703.144,0.006999999999999999,0.031916,0.069,0.014,0.012,0.0204,58.44,58.23,57.97,57.6,1.1813,6.813,6.9,7.375,7.45,102242.8,1.8,27.9,6.55,20.89,4.13
2017-10-26,163.41514975862256,167.72959987785444,163.2372372284581,167.1513671875,824378,37060.0,58703.144,0.006999999999999999,0.031916,0.069,0.014,0.012,0.0204,59.3,59.04,58.74,58.21,1.16505,6.55,6.85,7.48,7.525,105037.8,1.76,28.7,6.55,21.46,4.24
2017-10-27,168.08540230540297,170.39830560767524,167.8185267591632,169.19737243652344,693877,37060.0,58703.144,0.006999999999999999,0.031916,0.069,0.014,0.012,0.0204,60.44,60.13,59.81,59.22,1.161,6.425,6.762,7.4,7.435,106323.5,1.74,29.0,6.55,21.72,4.29
2017-10-30,169.0194854736328,169.10844852710878,167.68512111463045,169.0194854736328,380331,37060.0,58703.144,0.006999999999999999,0.031916,0.069,0.014,0.012,0.0204,60.9,60.59,60.31,59.74,1.1651,6.375,6.685,7.35,7.4,106211.7,1.74,29.0,6.55,21.7,4.29
2017-10-31,169.68664617572261,170.3983097918858,168.84155157009016,169.95352172851562,448502,37060.0,58703.144,0.006999999999999999,0.031916,0.069,0.014,0.012,0.0204,60.94,60.66,60.44,59.84,1.1646,6.125,6.463,7.1375,7.225,106798.6,1.73,29.2,6.55,21.82,4.31
2017-11-01,170.13144488747824,172.84465495862477,170.0424818396943,172.22195434570312,730055,37060.0,58703.144,0.006999999999999999,0.031916,0.069,0.014,0.012,0.0204,60.49,60.23,59.99,59.4,1.1619,5.975,6.427,7.0,7.35,108224.1,1.7,29.6,6.55,22.11,4.37
2017-11-02,172.177483382016,172.57778997388522,170.30936785481808,171.19894409179688,373565,37060.0,58703.144,0.006999999999999999,0.031916,0.069,0.014,0.012,0.0204,60.62,60.37,60.11,59.48,1.1658,5.988,6.55,7.09,7.225,107581.3,1.71,29.4,6.55,21.98,4.34
2017-11-03,173.2449501807683,173.42286269083004,169.24185762203427,171.33236694335938,542960,37060.0,58703.144,0.006999999999999999,0.031916,0.069,0.014,0.012,0.0204,62.07,61.8,61.52,60.81,1.1609,5.653,6.35,7.0,7.2,107665.1,1.71,29.4,6.55,21.99,4.34
2017-11-06,170.88758850097656,171.86611414832703,170.44280041385673,170.88758850097656,640470,37060.0,58703.144,0.006999999999999999,0.031916,0.069,0.014,0.012,0.0204,64.27,63.96,63.63,62.79,1.161,5.475,6.1,6.7,7.0625,107385.6,1.72,29.3,6.55,21.94,4.33
2017-11-07,171.5992277348139,171.5992277348139,167.99645531595212,168.61915588378906,599158,37060.0,58703.144,0.006999999999999999,0.031916,0.069,0.014,0.012,0.0204,63.69,63.47,63.21,62.55,1.15865,5.59,6.1,6.715,7.075,105960.1,1.74,28.9,6.55,21.64,4.28
2017-11-08,169.1529005493697,170.3538337889118,168.21885644512017,168.75259399414062,568697,37060.0,58703.144,0.006999999999999999,0.031916,0.069,0.014,0.012,0.0204,63.49,63.28,63.02,62.39,1.15945,5.5,6.11,6.675,7.025,106044.0,1.74,29.0,6.55,21.66,4.28
2017-11-09,168.97497704563457,169.1973710700626,166.97343082578246,167.3292694091797,538418,37060.0,58703.144,0.006999999999999999,0.031916,0.069,0.014,0.012,0.0204,63.93,63.74,63.49,62.89,1.1642,5.7375,6.288,6.775,7.1125,105149.6,1.75,28.7,6.55,21.48,4.24
2017-11-10,163.85991638742232,166.35073220472378,163.77096692093016,165.63906860351562,712623,37060.0,58703.144,0.006999999999999999,0.031916,0.069,0.014,0.012,0.0204,63.93,63.74,63.49,62.89,1.1665,5.6375,6.175,6.75,7.075,104087.4,1.77,28.4,6.55,21.26,4.2
2017-11-13,165.72804062537355,166.61761678163015,163.5485817573159,164.9274139404297,477420,37060.0,58703.144,0.006999999999999999,0.031916,0.069,0.014,0.012,0.0204,63.93,63.74,63.49,62.89,1.1667,5.725,6.2,6.75,7.1,103640.3,1.78,28.3,6.55,21.17,4.18
2017-11-14,164.74950649263556,164.9719005385419,163.14826664733894,163.77098083496094,483605,37060.0,58703.144,0.006999999999999999,0.031916,0.069,0.014,0.012,0.0204,63.93,63.74,63.49,62.89,1.1798,7.205,6.6125,7.0375,7.35,102913.5,1.79,28.1,6.55,21.02,4.15
2017-11-15,162.79243351225935,164.52710426934038,162.74795199051786,163.90440368652344,635083,37060.0,58703.144,0.008,0.04585,0.068,0.015,0.012,0.022,63.93,63.74,63.49,62.89,1.1792,7.25,6.6425,7.05,7.3625,102997.4,1.79,28.1,6.55,21.04,4.16
2017-11-16,164.66052999418417,166.12832502672646,164.30469143482176,165.59457397460938,532024,37060.0,58703.144,0.008,0.04585,0.068,0.015,0.012,0.022,63.93,63.74,63.49,62.89,1.177,6.6,6.3,6.8,7.277,104059.5,1.77,28.4,6.55,21.26,4.2
2017-11-17,165.86147161927008,166.35074121998218,164.57158890746902,164.9274139404297,501751,37060.0,58703.144,0.008,0.04585,0.068,0.015,0.012,0.022,63.93,63.74,63.49,62.89,1.1795,6.675,6.3,6.9,7.2875,103640.3,1.78,28.3,6.55,21.17,4.18
2017-11-20,164.6605637557537,166.30627161848224,164.438169700748,166.08387756347656,380836,37060.0,58703.144,0.008,0.04585,0.068,0.015,0.012,0.022,63.93,63.74,63.49,62.89,1.17325,6.912,6.425,6.9875,7.363,104366.9,1.77,28.5,6.55,21.32,4.21
2017-11-21,166.26176023103525,166.79551129672618,165.2832347090732,166.35072326660156,441242,37060.0,58703.144,0.008,0.04585,0.068,0.015,0.012,0.022,63.93,63.74,63.49,62.89,1.1738,6.727,6.275,6.825,7.275,104534.6,1.76,28.5,6.55,21.35,4.22
2017-11-22,166.17283002728152,167.59614374431763,165.19429081806197,165.46116638183594,411032,37060.0,58703.144,0.008,0.04585,0.068,0.015,0.012,0.022,63.93,63.74,63.49,62.89,1.1822,6.715,6.305,6.925,7.3,103975.7,1.77,28.4,6.55,21.24,4.2
2017-11-23,164.61608222998137,166.79554125426594,164.61608222998137,166.08387756347656,300111,37060.0,58703.144,0.008,0.04585,0.068,0.015,0.012,0.022,63.32,62.99,62.72,62.05,1.18515,6.7,6.355,6.9,7.3,104366.9,1.77,28.5,6.55,21.32,4.21
2017-11-24,166.61761905223935,168.21885887009336,166.17283096804965,166.52865600585938,328526,37060.0,58703.144,0.008,0.04585,0.068,0.015,0.012,0.022,63.86,63.47,63.18,62.51,1.19305,7.175,6.702,7.35,7.55,104646.4,1.76,28.6,6.55,21.38,4.22
2017-11-27,166.0838598334706,166.52864789599937,165.32772827148438,165.32772827148438,403511,37060.0,58703.144,0.008,0.04585,0.068,0.015,0.012,0.022,63.84,63.38,63.09,62.42,1.1898,6.965,6.662,7.2,7.423,103891.8,1.78,28.4,6.55,21.22,4.19
2017-11-28,165.37219506392634,167.0623978340463,165.10533308735603,166.439697265625,465151,37060.0,58703.144,0.008,0.04585,0.068,0.015,0.012,0.022,63.61,63.24,62.99,62.38,1.1841,6.855,6.59,7.1325,7.4175,104590.6,1.76,28.6,6.55,21.36,4.22
2017-11-29,167.64062338530857,167.72958643018617,165.86147107859506,166.30625915527344,469264,37060.0,58703.144,0.008,0.04585,0.068,0.015,0.012,0.022,63.11,62.53,62.24,61.6,1.18475,6.775,6.613,7.15,7.4,104506.7,1.77,28.5,6.55,21.35,4.22
2017-11-30,166.7065625756688,167.68510175550804,165.2832489013672,165.2832489013672,749518,37060.0,58703.144,0.008,0.04585,0.068,0.015,0.012,0.022,62.63,62.34,62.07,61.4,1.1904,6.6,6.7375,7.25,7.5,103863.8,1.78,28.4,6.55,21.22,4.19
2017-12-01,165.90596391321304,166.08387644124426,163.72650490365513,164.2157745361328,681927,37060.0,58703.144,0.008,0.04585,0.068,0.015,0.012,0.022,63.73,63.46,63.19,62.45,1.1891,6.775,6.8125,7.3025,7.525,103193.1,1.79,28.2,6.55,21.08,4.16
2017-12-04,165.14977783861212,166.61758637286408,163.77094590714393,166.57310485839844,434580,37060.0,58703.144,0.008,0.04585,0.068,0.015,0.012,0.022,62.45,62.24,62.04,61.5,1.1866,6.675,6.753,7.255,7.5,104674.4,1.76,28.6,6.55,21.38,4.22
2017-12-05,166.35072500699394,168.3522711634952,165.81697393571883,167.68508911132812,488156,37060.0,58703.144,0.008,0.04585,0.068,0.015,0.012,0.022,62.86,62.64,62.43,61.91,1.1826,6.525,6.965,7.15,7.35,105373.2,1.75,28.8,6.55,21.52,4.25
2017-12-06,166.7955421271711,167.72959987785444,165.81700285048262,167.1513671875,664810,37060.0,58703.144,0.008,0.04585,0.068,0.015,0.012,0.022,61.22,61.03,60.87,60.51,1.1796,6.475,7.0,7.1625,7.365,105037.8,1.76,28.7,6.55,21.46,4.24
2017-12-07,167.0179229143446,167.99646211329153,166.61761635981358,167.9519805908203,374809,37060.0,58703.144,0.008,0.04585,0.068,0.015,0.012,0.022,62.2,61.95,61.74,61.3,1.1773,6.225,7.031,7.106,7.375,105540.9,1.75,28.8,6.55,21.56,4.26
2017-12-08,168.61916637355017,168.61916637355017,165.90595633005702,167.5961456298828,665147,37060.0,58703.144,0.008,0.04585,0.068,0.015,0.012,0.022,63.4,63.03,62.76,62.23,1.17645,5.875,6.838,7.0,7.2375,105317.3,1.75,28.8,6.55,21.51,4.25
2017-12-11,169.01946141620678,169.64216198033773,167.55166625976562,167.55166625976562,691465,37060.0,58703.144,0.008,0.04585,0.068,0.015,0.012,0.022,64.69,64.0,63.59,62.94,1.17685,5.975,6.875,7.1,7.325,105289.3,1.75,28.8,6.55,21.51,4.25
2017-12-12,168.39677110991968,168.70811462402344,166.79553129471935,168.70811462402344,401549,37060.0,58703.144,0.008,0.04585,0.068,0.015,0.012,0.022,63.34,62.73,62.39,61.8,1.1742,6.0,7.025,7.006,7.294,106016.1,1.74,28.9,6.55,21.66,4.28
2017-12-13,168.70810150155015,168.8415460605194,167.19582485021047,167.3292694091797,411820,37060.0,58703.144,0.008,0.04585,0.068,0.015,0.012,0.022,62.44,61.81,61.46,60.84,1.18265,5.755,6.9,6.9725,7.29,105149.6,1.75,28.7,6.55,21.48,4.24
2017-12-14,167.86299628835454,168.04090878185428,165.8614501953125,165.8614501953125,567336,37060.0,58703.144,0.008,0.04585,0.068,0.015,0.012,0.022,63.31,62.66,62.28,61.62,1.1778,5.225,6.747,6.925,7.225,104227.2,1.77,28.5,6.55,21.29,4.21
2017-12-15,165.81695983403964,166.70653582794296,165.0163468690676,166.57310485839844,1089661,37060.0,58703.144,0.008,0.04585,0.068,0.013,0.012,0.0211,63.23,62.65,62.26,61.59,1.1754,5.2,6.725,6.925,7.225,104674.4,1.76,28.6,6.55,21.38,4.22
2017-12-18,167.7740788547735,169.73114380455968,167.3737587006658,169.37530517578125,545884,37060.0,58703.144,0.008,0.04585,0.068,0.013,0.012,0.0211,63.41,62.91,62.56,61.99,1.17815,5.287,6.778,6.9,7.2,106435.3,1.73,29.1,6.55,21.74,4.29
2017-12-19,168.84155458164352,169.68664920234954,167.81853387333226,167.9964599609375,421707,37060.0,58703.144,0.008,0.04585,0.068,0.013,0.012,0.0211,63.8,63.4,63.04,62.46,1.184,5.55,6.8775,7.025,7.28,105568.8,1.75,28.8,6.55,21.56,4.26
2017-12-20,167.951986520611,167.951986520611,165.7280460570803,166.21731567382812,405595,37060.0,58703.144,0.008,0.04585,0.068,0.013,0.012,0.0211,64.56,64.11,63.72,63.04,1.1871,5.6,6.9,7.13,7.35,104450.8,1.77,28.5,6.55,21.34,4.21
2017-12-21,166.21729928703962,167.3292694091797,164.83845362081513,167.3292694091797,447629,37060.0,58703.144,0.008,0.04585,0.068,0.013,0.012,0.0211,64.9,64.43,64.04,63.35,1.18735,5.775,7.03,7.0125,7.35,105149.6,1.75,28.7,6.55,21.48,4.24
2017-12-22,167.01791563964588,167.7740607671567,165.5501204790123,166.17282104492188,356697,37060.0,58703.144,0.008,0.04585,0.068,0.013,0.012,0.0211,65.25,64.73,64.33,63.63,1.18585,5.625,6.9,7.0,7.338,104422.9,1.77,28.5,6.55,21.33,4.21
2017-12-27,165.95041812227555,167.41821320424515,165.72802410537992,166.8844757080078,237259,37060.0,58703.144,0.008,0.04585,0.068,0.013,0.012,0.0211,66.44,65.99,65.6,64.8,1.1888,5.7,6.97,7.025,7.35,104870.1,1.76,28.6,6.55,21.42,4.23
2017-12-28,166.9734248865263,167.15133738496954,164.79396623942606,165.23875427246094,290330,37060.0,58703.144,0.008,0.04585,0.068,0.013,0.012,0.0211,66.16,65.77,65.46,64.61,1.1943,6.05,7.1625,7.125,7.338,103835.9,1.78,28.4,6.55,21.21,4.19
2017-12-29,165.23876321551822,165.86146378069816,164.527099609375,164.527099609375,319592,37060.0,58703.144,0.008,0.04585,0.068,0.013,0.012,0.0211,66.44,66.09,65.78,64.76,1.1998,6.4,7.275,7.275,7.475,103388.7,1.78,28.2,6.55,21.12,4.17
2018-01-02,164.39370123258712,164.48265071734102,161.36913369995813,162.03631591796875,527426,37060.0,58703.144,0.008,0.04585,0.068,0.013,0.012,0.0211,66.57,66.13,65.79,64.93,1.2059,6.615,7.335,7.265,7.45,101823.4,1.81,27.8,6.55,19.69,3.79
2018-01-03,161.7694356504387,163.32619398360652,161.45807855426295,162.6590118408203,493920,37060.0,58703.144,0.008,0.04585,0.068,0.013,0.012,0.0211,67.84,67.29,66.9,65.87,1.2014,6.325,7.095,7.05,7.2875,102214.8,1.8,27.9,6.55,19.76,3.8
2018-01-04,163.1927276879819,164.66053635104328,162.7034581336281,164.1267852783203,482967,37060.0,58703.144,0.008,0.04585,0.068,0.013,0.012,0.0211,67.93,67.38,66.98,65.93,1.2068,6.175,6.955,6.95,7.15,103137.1,1.79,28.2,6.55,19.94,3.83
2018-01-05,164.21575039401853,166.39520908316416,164.21575039401853,166.2617645263672,394947,37060.0,58703.144,0.008,0.04585,0.068,0.013,0.012,0.0211,67.62,67.1,66.73,65.76,1.203,5.875,6.755,6.81,7.05,104478.8,1.77,28.5,6.55,20.2,3.88
2018-01-08,165.9059628814738,166.43971403610396,165.32774377550427,166.12835693359375,410709,37060.0,58703.144,0.008,0.04585,0.068,0.013,0.012,0.0211,67.78,67.31,66.95,66.02,1.1967,5.75,6.55,6.555,6.85,104394.9,1.77,28.5,6.55,20.18,3.88
2018-01-09,165.9059622643589,167.9964717760526,165.9059622643589,167.5072021484375,535998,37060.0,58703.144,0.008,0.04585,0.068,0.013,0.012,0.0211,68.82,68.34,67.96,66.92,1.1937,5.725,6.4,6.4375,6.7,105261.4,1.75,28.7,6.55,20.35,3.91
2018-01-10,166.9734281077229,167.6406101701463,165.1053264772497,166.2617645263672,641340,37060.0,58703.144,0.008,0.04585,0.068,0.013,0.012,0.0211,69.2,68.73,68.35,67.27,1.1947,5.995,6.525,6.55,6.85,104478.8,1.77,28.5,6.55,20.2,3.88
2018-01-11,166.48419459587623,167.06242731949308,164.26025390625,164.26025390625,516825,37060.0,58703.144,0.008,0.04585,0.068,0.013,0.012,0.0211,69.26,68.77,68.37,67.27,1.2032,6.325,6.825,6.8,7.0,103221.0,1.79,28.2,6.55,19.96,3.84
2018-01-12,164.08231122148183,164.39366829037127,163.3261796702356,163.7264862060547,487323,37060.0,58703.144,0.008,0.04585,0.068,0.013,0.012,0.0211,69.87,69.38,68.98,67.82,1.2187,7.11,7.2,7.125,7.2175,102885.6,1.79,28.1,6.55,19.89,3.82
2018-01-15,163.63753308382124,165.14980985183144,163.1927450006503,164.0823211669922,350373,37060.0,58703.144,0.008,0.04585,0.068,0.013,0.015,0.0207,69.87,69.38,68.98,67.82,1.2263,7.675,7.45,7.338,7.375,103109.2,1.79,28.2,6.55,19.93,3.83
2018-01-16,164.8384563465823,165.1053318950798,163.41512913716528,163.7264862060547,429400,37060.0,58703.144,0.008,0.04585,0.068,0.013,0.015,0.0207,69.15,68.78,68.45,67.47,1.22605,7.075,6.963,6.975,7.1875,102885.6,1.79,28.1,6.55,19.89,3.82
2018-01-17,162.83690695378502,165.46115372005815,162.83690695378502,164.03782653808594,388263,37060.0,58703.144,0.008,0.04585,0.068,0.013,0.015,0.0207,69.38,69.0,68.65,67.63,1.21855,7.3125,7.088,7.05,7.225,103081.2,1.79,28.1,6.55,19.93,3.83
2018-01-18,164.21577195242352,164.61607852765943,161.85838687806879,163.1482696533203,560051,37060.0,58703.144,0.008,0.04585,0.068,0.013,0.015,0.0207,69.31,68.92,68.59,67.64,1.22385,7.4875,7.325,7.2,7.3,102522.3,1.8,28.0,6.55,19.82,3.81
2018-01-19,163.19273955073544,165.41667989232045,163.14825802913282,165.2832489013672,527077,37060.0,58703.144,0.008,0.04585,0.068,0.013,0.015,0.0207,68.61,68.24,67.9,66.99,1.22215,7.588,7.45,7.33,7.375,103863.8,1.78,28.4,6.55,20.08,3.86
2018-01-22,164.83847325864767,165.68356793738263,164.34920363184668,165.0608673095703,475748,37060.0,58703.144,0.008,0.04585,0.068,0.013,0.015,0.0207,69.03,68.63,68.26,67.3,1.2262,7.2,7.253,7.213,7.3,103724.1,1.78,28.3,6.55,20.05,3.86
2018-01-23,166.3062638425512,166.3062638425512,165.10534414598507,165.68356323242188,370255,37060.0,58703.144,0.008,0.04585,0.068,0.013,0.015,0.0207,69.96,69.54,69.15,68.08,1.2299,7.075,7.0625,7.0625,7.175,104115.4,1.77,28.4,6.55,20.13,3.87
2018-01-24,165.32773915630523,165.55013320221153,163.77098083496094,163.77098083496094,433502,37060.0,58703.144,0.008,0.04585,0.068,0.013,0.015,0.0207,70.53,70.02,69.6,68.44,1.2408,7.85,7.5425,7.375,7.425,102913.5,1.79,28.1,6.55,19.9,3.83
2018-01-25,164.03783488949944,165.28324963059455,160.92431839754366,161.72494506835938,764531,37060.0,58703.144,0.008,0.04585,0.068,0.013,0.015,0.0207,70.42,69.97,69.6,68.54,1.23965,7.65,7.7,7.525,7.475,101627.8,1.82,27.8,6.55,19.65,3.78
2018-01-26,162.61454278597117,163.50411904456635,162.3476671936213,162.43663024902344,484978,37060.0,58703.144,0.008,0.04585,0.068,0.013,0.015,0.0207,70.52,70.15,69.8,68.71,1.2421,7.688,7.7875,7.55,7.475,102075.1,1.81,27.9,6.55,19.73,3.79
2018-01-29,162.30316377267746,162.6145208507291,161.68046319042887,162.25868225097656,332711,37060.0,58703.144,0.008,0.04585,0.068,0.013,0.015,0.0207,69.46,69.2,68.94,68.0,1.23825,7.887,7.85,7.575,7.45,101963.2,1.81,27.8,6.55,19.71,3.79
2018-01-30,161.90286750505143,162.79244370013416,161.4580794075101,162.08078002929688,592335,37060.0,58703.144,0.008,0.04585,0.068,0.013,0.015,0.0207,69.02,68.52,68.21,67.18,1.2402,7.988,7.9125,7.6,7.5,101851.4,1.81,27.8,6.55,19.69,3.79
2018-01-31,162.79244564129496,164.12680994983018,162.03630043691606,162.88140869140625,547559,37060.0,58703.144,0.008,0.04585,0.068,0.013,0.015,0.0207,69.05,68.89,68.57,67.5,1.2421,7.425,7.625,7.35,7.338,102354.5,1.8,27.9,6.55,19.79,3.81
2018-02-01,163.68198866203818,163.94886418440993,161.0132605860267,161.28013610839844,596839,37060.0,58703.144,0.008,0.04585,0.068,0.013,0.015,0.0207,69.65,69.35,69.02,67.84,1.251,7.6875,7.8125,7.625,7.575,101348.3,1.82,27.7,6.55,19.59,3.77
2018-02-02,160.7464316021577,161.9918465425078,159.54551176458,160.7019500732422,835145,37060.0,58703.144,0.008,0.04585,0.068,0.013,0.015,0.0207,68.58,68.28,67.93,66.74,1.24615,7.688,7.9125,7.725,7.62,100984.9,1.83,27.6,6.55,19.52,3.75
2018-02-05,159.32308657216117,159.50099907921347,157.05466477914533,157.45497131347656,698332,37060.0,58703.144,0.008,0.04585,0.068,0.013,0.015,0.0207,67.62,67.28,66.93,65.82,1.23675,8.45,8.112,7.85,7.725,98944.56,1.86,27.0,6.55,19.13,3.68
2018-02-06,153.89665828520316,156.6988174429357,151.49480563945332,152.9626007080078,1477172,37060.0,58703.144,0.008,0.04585,0.068,0.013,0.015,0.0207,66.86,66.48,66.11,65.0,1.2377,8.75,8.2,7.827,7.675,96121.56,1.92,26.2,6.55,18.58,3.57
2018-02-07,154.78623705935686,156.74330170970444,153.71874848406307,156.20956420898438,860814,37060.0,58703.144,0.008,0.04585,0.068,0.013,0.015,0.0207,65.51,65.15,64.79,63.73,1.2264,8.55,8.0,7.75,7.63,98161.94,1.88,26.8,6.55,18.98,3.65
2018-02-08,154.3414699329475,155.8537467506606,151.9840984442055,152.82919311523438,842071,37060.0,58703.144,0.008,0.04585,0.068,0.013,0.015,0.0207,64.81,64.49,64.18,63.18,1.2247,9.445,8.335,7.98,7.8125,96037.75,2.07,26.8,6.4,18.57,3.57
2018-02-09,155.00864013959998,157.2325804572413,152.25094871618296,153.31845092773438,1400325,37060.0,58703.144,0.008,0.04585,0.068,0.013,0.015,0.0207,62.79,62.48,62.16,61.18,1.2235,9.39,8.335,8.015,7.93,96345.19,2.06,26.9,6.4,18.63,3.58
2018-02-12,154.7862416580526,157.72184550771752,154.03009654225036,156.9212188720703,1083325,37060.0,58703.144,0.008,0.04585,0.068,0.013,0.015,0.0207,62.59,62.33,62.04,61.1,1.2292,8.85,7.988,7.713,7.6375,98609.19,2.01,27.5,6.4,19.06,3.67
2018-02-13,156.83227874190547,157.05467278051455,155.231038949149,155.6758270263672,674603,37060.0,58703.144,0.008,0.04585,0.068,0.013,0.015,0.0207,62.72,62.44,62.15,61.25,1.2352,8.637,7.7625,7.54,7.55,97826.56,2.03,27.3,6.4,18.91,3.64
2018-02-14,156.4319728488508,157.0991549675001,154.16355093067216,155.9427032470703,817862,37060.0,58703.144,0.008,0.04585,0.068,0.013,0.015,0.0207,64.36,64.02,63.68,62.64,1.245,8.845,7.762,7.6375,7.65,97994.25,2.03,27.4,6.4,18.94,3.64
2018-02-15,157.0101905916244,157.0101905916244,153.80771101970373,155.40895080566406,953963,37060.0,58703.144,0.002,0.032936,0.069,0.011,0.013,0.0221,64.33,64.0,63.68,62.62,1.2506,8.877,7.832,7.75,7.838,97658.88,2.03,27.3,6.4,18.88,3.63
2018-02-16,156.03163917531583,157.85527285610686,155.80924515506945,157.2770538330078,705630,37060.0,58703.144,0.002,0.032936,0.069,0.011,0.013,0.0221,64.84,64.53,64.21,63.18,1.2406,8.7,7.7375,7.65,7.75,98832.75,2.01,27.6,6.4,19.11,3.67
2018-02-19,157.45496961805557,157.89975766782408,155.6758174189815,156.12060546875,393048,37060.0,58703.144,0.002,0.032936,0.069,0.011,0.013,0.0221,64.84,64.53,64.21,63.18,1.24075,8.4,7.65,7.575,7.7,98106.06,2.02,27.4,6.4,18.97,3.65
2018-02-20,155.85372563465066,156.92121420994445,155.67581313441065,156.20956420898438,466363,37060.0,58703.144,0.002,0.032936,0.069,0.011,0.013,0.0221,65.25,65.05,64.79,63.86,1.2338,8.7,7.745,7.565,7.6675,98161.94,2.02,27.4,6.4,18.98,3.65
2018-02-21,155.76478874685526,156.07613225394766,153.8077103646527,155.14207458496094,517173,37060.0,58703.144,0.002,0.032936,0.069,0.011,0.013,0.0221,65.42,65.15,64.88,63.93,1.2284,8.3925,7.45,7.3825,7.53,97491.13,2.04,27.2,6.4,18.85,3.62
2018-02-22,154.07457984710726,156.52091415452736,153.31844829639903,156.0761260986328,523726,37060.0,58703.144,0.002,0.032936,0.069,0.011,0.013,0.0221,66.39,66.11,65.83,64.79,1.2331,8.4,7.4075,7.4,7.55,98078.13,2.02,27.4,6.4,18.96,3.65
2018-02-23,156.69883275069847,159.05621768284917,155.32000058293372,158.96725463867188,591522,37060.0,58703.144,0.002,0.032936,0.069,0.011,0.013,0.0221,67.31,67.04,66.77,65.7,1.22935,8.288,7.425,7.377,7.5,99894.88,1.99,27.9,6.4,19.31,3.71
2018-02-26,160.12369340806785,161.54702055679215,159.76786840781364,160.5684814453125,447522,37060.0,58703.144,0.002,0.032936,0.069,0.011,0.013,0.0221,67.5,67.29,67.04,66.02,1.2318,7.775,7.145,7.275,7.44,100901.1,1.97,28.2,6.4,19.51,3.75
2018-02-27,161.2801414794879,161.36909094067212,157.23256771463744,157.89974975585938,536067,37060.0,58703.144,0.002,0.032936,0.069,0.011,0.013,0.0221,66.63,66.52,66.28,65.29,1.22325,7.975,7.3,7.34,7.45,99224.06,2.0,27.7,6.4,19.18,3.69
2018-02-28,157.1881088487364,158.96726121504662,157.1881088487364,157.4994659423828,513735,37060.0,58703.144,0.002,0.032936,0.069,0.011,0.013,0.0221,65.78,64.73,64.46,63.44,1.21945,8.0875,7.285,7.3,7.425,98972.5,2.01,27.6,6.4,19.13,3.68
2018-03-01,157.0546660797397,157.41049109679093,153.6742741223357,154.16354370117188,773820,37060.0,58703.144,0.002,0.032936,0.069,0.011,0.013,0.0221,63.83,63.59,63.29,62.31,1.22675,7.9225,7.45,7.338,7.45,96876.25,2.05,27.1,6.4,18.73,3.6
2018-03-02,153.71874323599516,154.38592526950742,151.85062811261955,152.2064666748047,737027,37060.0,58703.144,0.002,0.032936,0.069,0.011,0.013,0.0221,64.37,64.11,63.8,62.81,1.23175,7.725,7.39,7.3,7.4125,95646.38,2.07,26.7,6.4,18.49,3.56
2018-03-05,152.29543703097806,156.03165421651164,151.67273642903163,155.63134765625,574030,37060.0,58703.144,0.002,0.032936,0.069,0.011,0.013,0.0221,65.54,65.3,65.01,64.02,1.2336,7.45,7.325,7.35,7.4875,97798.63,2.03,27.3,6.4,18.91,3.64
2018-03-06,156.16512104790897,156.298552062399,154.5638810047431,154.9641876220703,472256,37060.0,58703.144,0.002,0.032936,0.069,0.011,0.013,0.0221,65.79,65.55,65.25,64.25,1.2404,7.375,7.286,7.4,7.55,97379.31,2.04,27.2,6.4,18.83,3.62
2018-03-07,154.78623918879393,156.29851582241943,154.47488212870022,156.1650848388672,471110,37060.0,58703.144,0.002,0.032936,0.069,0.011,0.013,0.0221,64.34,64.15,63.88,62.94,1.24135,7.363,7.35,7.45,7.5925,98134.0,2.02,27.4,6.4,18.97,3.65
2018-03-08,155.67581720376083,161.01327379360407,155.54238621855637,160.47952270507812,683758,37060.0,58703.144,0.002,0.032936,0.069,0.011,0.013,0.0221,63.61,63.44,63.17,62.31,1.2312,7.075,7.275,7.375,7.525,100845.2,1.97,28.2,6.4,19.5,3.75
2018-03-09,160.12371169699412,162.65900922840527,159.18965399732394,161.5915069580078,580322,37060.0,58703.144,0.002,0.032936,0.069,0.011,0.013,0.0221,65.49,65.27,64.95,63.97,1.2307,6.725,6.925,7.175,7.35,101543.9,1.95,28.4,6.4,19.63,3.78
2018-03-12,162.61452120891818,162.65900273071705,160.87985044959947,161.72494506835938,429874,37060.0,58703.144,0.002,0.032936,0.069,0.011,0.013,0.0221,64.95,64.79,64.52,63.64,1.2334,6.7,6.85,7.125,7.325,101627.8,1.95,28.4,6.4,19.65,3.78
2018-03-13,161.50254152774986,162.16972359390098,159.1451567497036,159.99026489257812,542960,37060.0,58703.144,0.002,0.032936,0.069,0.011,0.013,0.0221,64.64,64.52,64.29,63.46,1.239,6.65,6.787,7.075,7.3,100537.8,1.97,28.1,6.4,19.44,3.74
2018-03-14,159.85683174712472,161.32464054175554,159.54548823833989,160.0347442626953,421519,37060.0,58703.144,0.002,0.032936,0.069,0.011,0.013,0.0221,64.89,64.76,64.5,63.64,1.2367,6.475,6.85,6.975,7.2,100565.7,1.97,28.1,6.4,19.44,3.74
2018-03-15,161.01327629248522,161.01327629248522,158.30006643576917,159.90130615234375,555424,37060.0,58703.144,0.002,0.032936,0.069,0.014,0.017,0.0236,65.12,64.95,64.68,63.77,1.23045,6.375,6.825,6.9875,7.275,100481.9,1.97,28.1,6.4,19.43,3.74
2018-03-16,160.12368559793222,161.102224661683,159.10067859170886,160.1681671142578,1295080,37060.0,58703.144,0.002,0.032936,0.069,0.014,0.017,0.0236,66.21,66.05,65.75,64.71,1.2289,6.688,7.05,7.15,7.35,100649.6,1.97,28.1,6.4,19.46,3.74
2018-03-19,159.54549085449213,161.85838074254522,158.07768203579286,161.1022491455078,605663,37060.0,58703.144,0.002,0.032936,0.069,0.014,0.017,0.0236,66.05,65.82,65.48,64.39,1.2335,7.012,7.125,7.25,7.45,101236.5,1.96,28.3,6.4,19.57,3.76
2018-03-20,161.19120039353638,161.76943305231086,159.05622300045187,161.5915069580078,545491,37060.0,58703.144,0.002,0.032936,0.069,0.014,0.017,0.0236,67.42,67.13,66.76,65.57,1.2242,6.813,6.975,7.1,7.3,101543.9,1.95,28.4,6.4,19.63,3.78
2018-03-21,161.7249412523537,162.0807662706394,159.50100095343203,160.43505859375,391588,37060.0,58703.144,0.002,0.032936,0.069,0.014,0.017,0.0236,69.47,69.07,68.64,67.42,1.2338,6.475,6.875,7.025,7.275,100817.3,1.97,28.2,6.4,19.49,3.75
2018-03-22,159.41203161278747,161.32462833859668,158.0776674861617,159.723388671875,653810,37060.0,58703.144,0.002,0.032936,0.069,0.014,0.017,0.0236,69.47,69.07,68.64,67.42,1.23015,6.475,7.037,7.125,7.3625,100370.1,1.98,28.0,6.4,19.4,3.73
2018-03-23,158.1221441586588,158.61141370486274,156.03163499481167,156.52090454101562,679806,37060.0,58703.144,0.002,0.032936,0.069,0.014,0.017,0.0236,70.45,69.81,69.35,68.04,1.2353,6.45,7.0,7.2,7.3875,98357.56,2.02,27.5,6.4,19.02,3.66
2018-03-26,156.96570906932038,157.54394171156278,154.34146213964212,155.40895080566406,582439,37060.0,58703.144,0.002,0.032936,0.069,0.014,0.017,0.0236,70.12,69.52,69.07,67.72,1.24425,6.825,7.05,7.2,7.4,97658.88,2.03,27.3,6.4,18.88,3.63
2018-03-27,157.45497178667682,157.45497178667682,155.54238857587188,156.0761260986328,567815,37060.0,58703.144,0.002,0.032936,0.069,0.014,0.017,0.0236,70.11,69.46,69.02,67.73,1.2403,6.675,7.012,7.15,7.35,98078.13,2.02,27.4,6.4,18.96,3.65
2018-03-28,155.36447022005456,161.9473419189453,155.14207618104854,161.9473419189453,846910,37060.0,58703.144,0.002,0.032936,0.069,0.014,0.017,0.0236,69.53,68.76,68.32,67.05,1.23085,6.8,7.069,7.2,7.35,102042.4,1.95,28.4,6.4,19.67,3.78
2018-03-29,162.52552723997502,164.12676670306806,160.74637529739434,163.103759765625,651512,37060.0,58703.144,0.002,0.032936,0.069,0.014,0.017,0.0236,69.34,68.85,68.36,67.09,1.23015,6.65,6.925,7.1,7.275,102771.1,1.94,28.6,6.4,19.81,3.81
2018-04-03,163.5485898024118,164.30472142811172,162.2142255023884,163.1482696533203,649933,37060.0,58703.144,0.002,0.032936,0.069,0.014,0.017,0.0236,68.12,67.67,67.21,66.01,1.22705,6.875,6.905,7.075,7.2875,102799.1,1.94,28.6,6.4,19.82,3.81
2018-04-04,163.72650388546958,166.12835693359375,161.94735146851008,166.12835693359375,912835,37060.0,58703.144,0.002,0.032936,0.069,0.014,0.017,0.0236,68.02,67.55,67.08,65.91,1.2278,6.725,6.8,7.075,7.2875,104676.9,1.9,29.2,6.4,20.18,3.88
2018-04-05,167.24030838613436,169.73112420452847,166.17281977078093,169.46424865722656,857102,37060.0,58703.144,0.002,0.032936,0.069,0.014,0.017,0.0236,68.33,67.9,67.45,66.3,1.224,6.475,6.725,7.05,7.25,106778.8,1.86,29.7,6.4,20.59,3.96
2018-04-06,168.8415452792932,170.08694638078603,167.2847871155002,169.24185180664062,680286,37060.0,58703.144,0.002,0.032936,0.069,0.014,0.017,0.0236,67.11,66.68,66.24,65.09,1.2283,6.15,6.5,6.825,7.15,106638.7,1.87,29.7,6.4,20.56,3.95
2018-04-09,169.19737028719004,170.57621594703463,168.53018821699303,169.24185180664062,466130,37060.0,58703.144,0.002,0.032936,0.069,0.014,0.017,0.0236,68.65,68.18,67.7,66.38,1.23205,6.3625,6.475,6.835,7.125,106638.7,1.87,29.7,6.4,20.56,3.95
2018-04-10,170.3538317557689,171.1544448566719,168.57467946589142,170.4427947998047,578140,37060.0,58703.144,0.002,0.032936,0.069,0.014,0.017,0.0236,71.04,70.42,69.87,68.31,1.2356,6.375,6.4875,6.8,7.12,107395.4,1.85,29.9,6.4,20.71,3.98
2018-04-11,170.79860462711488,170.8430861451739,169.37527749234752,169.59767150878906,500938,37060.0,58703.144,0.002,0.032936,0.069,0.014,0.017,0.0236,72.06,71.46,70.93,69.41,1.2367,6.225,6.5375,6.85,7.2,106862.9,1.86,29.8,6.4,20.6,3.96
2018-04-12,169.55323191934465,169.8200939246196,168.1299045465511,169.64218139648438,567641,37060.0,58703.144,0.002,0.032936,0.069,0.014,0.017,0.0236,72.02,71.4,70.85,69.22,1.2327,6.175,6.525,6.825,7.194,106890.9,1.86,29.8,6.4,20.61,3.96
2018-04-13,172.31090243039858,172.53329647421012,167.50719651361175,170.04248046875,738370,37060.0,58703.144,0.002,0.032936,0.069,0.014,0.017,0.0236,72.58,71.93,71.38,69.74,1.2331,5.963,6.4,6.7,7.1375,107143.2,1.86,29.8,6.4,20.66,3.97
2018-04-16,169.90903061404535,170.62069419002677,169.4642425757887,170.39830017089844,390728,37060.0,58703.144,0.002,0.032936,0.069,0.012,0.018,0.0246,71.42,70.81,70.29,68.82,1.23795,6.1125,6.3675,6.775,7.1625,107367.4,1.85,29.9,6.4,20.7,3.98
2018-04-17,170.66518796009882,172.44434024084478,170.08695532454357,172.35537719726562,651062,37060.0,58703.144,0.002,0.032936,0.069,0.012,0.018,0.0246,71.58,70.97,70.44,69.0,1.23705,6.088,6.4125,6.8,7.2,108600.5,1.83,30.3,6.4,20.94,4.03
2018-04-18,172.08848928673225,172.4443278616498,169.28633007525679,170.39830017089844,675303,37060.0,58703.144,0.002,0.032936,0.069,0.012,0.018,0.0246,73.48,72.84,72.28,70.61,1.23735,6.1125,6.375,6.775,7.125,107612.7,1.85,29.9,6.4,20.7,3.98
2018-04-19,169.19736315758814,170.26485171015096,168.57466263308095,169.10841369628906,481261,37060.0,58703.144,0.002,0.032936,0.069,0.012,0.018,0.0246,73.78,73.11,72.54,70.98,1.2346,6.0625,6.463,6.775,7.125,106798.1,1.87,29.7,6.4,20.54,3.95
2018-04-20,169.10843913153658,170.4872713668136,168.21886294162604,170.26487731933594,620454,37060.0,58703.144,0.002,0.032936,0.069,0.012,0.018,0.0246,74.06,73.35,72.78,71.22,1.2288,6.1375,6.55,6.825,7.1625,107528.4,1.85,29.9,6.4,20.68,3.98
2018-04-23,169.01947329675906,170.30935603609487,167.72959055742325,170.04248046875,531987,37060.0,58703.144,0.002,0.032936,0.069,0.012,0.018,0.0246,74.71,74.01,73.45,71.85,1.2209,6.8125,6.8825,7.088,7.3,107387.9,1.86,29.8,6.4,20.66,3.97
2018-04-24,169.90905206709584,171.99956154039546,169.90905206709584,171.1099853515625,784034,37060.0,58703.144,0.002,0.032936,0.069,0.012,0.018,0.0246,73.86,73.07,72.53,71.0,1.2232,6.675,6.75,6.9375,7.1625,108062.1,1.85,30.0,6.4,20.79,4.0
2018-04-25,171.2005892003081,172.78661906150924,170.74743781139347,172.46942138671875,796280,37060.0,58703.144,0.002,0.032936,0.069,0.012,0.018,0.0246,74.0,73.23,72.72,71.22,1.2161,6.9,6.963,7.075,7.2,106910.4,1.87,29.7,6.4,20.57,3.95
2018-04-26,172.4241067625478,174.50860595703125,171.2459103631369,174.50860595703125,752587,37060.0,58703.144,0.002,0.032936,0.069,0.012,0.018,0.0246,74.74,73.88,73.34,71.74,1.2103,6.775,7.088,7.1,7.15,108174.4,1.84,30.1,6.4,20.81,4.0
2018-04-27,174.01014101167402,178.45101928710938,173.87420112064206,178.45101928710938,891173,37060.0,58703.144,0.002,0.032936,0.069,0.012,0.018,0.0246,74.64,73.79,73.25,71.66,1.213,6.305,6.735,6.9,7.0,110618.3,1.8,30.7,6.4,21.28,4.09
2018-04-30,176.72905133690315,180.62615626040545,175.82274850953442,180.21832275390625,1129468,37060.0,58703.144,0.002,0.032936,0.069,0.012,0.018,0.0246,75.17,74.69,74.17,72.54,1.20785,6.3875,6.75,6.9,7.0,111713.8,1.79,31.1,6.4,21.49,4.13
2018-05-02,180.3089161759059,180.35423407591213,176.77434124072414,177.1821746826172,957818,37060.0,58703.144,0.002,0.032936,0.069,0.012,0.018,0.0246,73.36,72.94,72.4,70.92,1.19515,6.975,7.1375,7.1125,7.1,109831.8,1.82,30.5,6.4,21.13,4.06
2018-05-03,176.72904128534623,177.6806619657762,175.95867839426413,177.54470825195312,736791,37060.0,58703.144,0.002,0.032936,0.069,0.012,0.018,0.0246,73.62,73.22,72.65,71.12,1.19885,6.825,7.075,7.025,7.05,110056.5,1.81,30.6,6.4,21.17,4.07
2018-05-04,177.63535481361887,180.35426330566406,177.63535481361887,180.35426330566406,729246,37060.0,58703.144,0.002,0.032936,0.069,0.012,0.018,0.0246,74.87,74.52,73.99,72.54,1.196,6.65,6.925,6.963,7.0375,111798.1,1.78,31.1,6.4,21.51,4.14
2018-05-07,179.71986180894638,180.26363523326017,178.76824103004182,179.5839080810547,310200,37060.0,58703.144,0.002,0.032936,0.069,0.012,0.018,0.0246,76.17,75.83,75.33,73.83,1.1922,6.831,7.0,7.025,7.025,111320.6,1.79,30.9,6.4,21.41,4.12
2018-05-08,179.76516500123776,181.89496827300172,179.53858930238522,181.26055908203125,559564,37060.0,58703.144,0.002,0.032936,0.069,0.012,0.018,0.0246,74.85,74.57,74.06,72.53,1.1864,7.125,7.215,7.15,7.15,112359.9,1.77,31.2,6.4,21.61,4.16
2018-05-09,180.67144709639066,182.25747680664062,179.99172007771213,182.25747680664062,423987,37060.0,58703.144,0.002,0.032936,0.069,0.012,0.018,0.0246,77.21,76.93,76.44,74.87,1.18505,6.95,7.225,7.2625,7.275,112977.9,1.77,31.4,6.4,21.73,4.18
2018-05-10,181.623070394861,182.89190257602874,181.12461493238092,182.5293731689453,245161,37060.0,58703.144,0.002,0.032936,0.069,0.012,0.018,0.0246,77.47,77.24,76.81,75.32,1.1915,6.625,7.0625,7.1,7.175,113146.4,1.76,31.4,6.4,21.77,4.19
2018-05-11,182.6200006993294,182.8012584801128,180.7620773308647,181.53244018554688,325333,37060.0,58703.144,0.002,0.032936,0.069,0.012,0.018,0.0246,77.12,76.94,76.54,75.15,1.1944,6.275,6.725,6.9,7.05,112528.4,1.77,31.3,6.4,21.65,4.16
2018-05-14,181.26057268800784,183.0731784148879,181.12463279012553,182.80128479003906,360913,37060.0,58703.144,0.002,0.032936,0.069,0.012,0.018,0.0246,78.23,77.99,77.52,76.01,1.1927,6.863,6.75,6.9,7.05,113314.9,1.76,31.5,6.4,21.8,4.19
2018-05-15,182.16686717845775,183.79821502348454,181.03398865122855,183.5263214111328,429324,37060.0,58703.144,0.006,0.021403,0.069,0.02,0.023,0.028,78.43,78.27,77.88,76.53,1.18375,7.2875,6.96,7.01,7.1025,113764.4,1.75,31.6,6.4,21.88,4.21
2018-05-16,182.98253553780816,183.7982163808874,182.25750433829378,183.70758056640625,353938,37060.0,58703.144,0.006,0.021403,0.069,0.02,0.023,0.028,79.28,79.17,78.79,77.38,1.18075,7.725,7.275,7.2,7.25,113876.8,1.75,31.7,6.4,21.91,4.21
2018-05-17,183.07314646592482,184.6138582990791,183.07314646592482,184.3419647216797,458453,37060.0,58703.144,0.006,0.021403,0.069,0.02,0.023,0.028,79.3,79.25,78.88,77.58,1.1795,7.35,7.1,7.065,7.1025,114270.0,1.75,31.8,6.4,21.98,4.23
2018-05-18,184.25136894179943,187.0608994301118,184.16073312675422,185.5201873779297,975800,37060.0,58703.144,0.006,0.021403,0.069,0.02,0.023,0.028,78.51,78.49,78.15,77.0,1.17775,7.275,6.99,7.015,7.125,115000.3,1.73,32.0,6.4,22.12,4.25
2018-05-21,185.70143953795022,187.24216537241404,185.70143953795022,186.51712036132812,244947,37060.0,58703.144,0.006,0.021403,0.069,0.02,0.023,0.028,79.22,79.26,78.87,77.61,1.17915,7.775,7.3,7.285,7.3,115618.3,1.72,32.1,6.4,22.24,4.28
2018-05-22,186.33587372661705,187.42343439384487,184.70452581123325,186.06398010253906,541377,37060.0,58703.144,0.006,0.021403,0.069,0.02,0.023,0.028,79.57,79.59,79.2,77.97,1.1779,7.6375,7.1375,7.175,7.2375,115337.4,1.73,32.1,6.4,22.19,4.27
2018-05-23,185.79206838121442,187.4234161376953,184.9764014175154,187.4234161376953,822649,37060.0,58703.144,0.006,0.021403,0.069,0.02,0.023,0.028,79.8,79.84,79.45,78.23,1.1697,7.9,7.375,7.38,7.41,116180.1,1.72,32.3,6.4,22.35,4.3
2018-05-24,188.05783510339975,190.50484995097668,186.24522946384891,186.879638671875,689168,37060.0,58703.144,0.006,0.021403,0.069,0.02,0.023,0.028,78.79,78.83,78.48,77.35,1.17195,7.1375,6.975,7.05,7.25,115843.1,1.72,32.2,6.4,22.28,4.29
2018-05-25,187.42340366171578,188.96411550674577,186.69835872608934,187.69529724121094,893521,37060.0,58703.144,0.006,0.021403,0.069,0.02,0.023,0.028,76.44,76.47,76.14,75.06,1.1652,7.375,7.1375,7.1875,7.325,116348.6,1.71,32.3,6.4,22.38,4.3
2018-05-28,188.51097106933594,189.6891674043358,187.78592610709893,188.51097106933594,410597,37060.0,58703.144,0.006,0.021403,0.069,0.02,0.023,0.028,76.44,76.47,76.14,75.06,1.16235,7.775,7.3125,7.35,7.4,116854.3,1.71,32.5,6.4,22.48,4.32
2018-05-29,187.42340366171578,189.41726686287706,185.8826918166858,187.69529724121094,829922,37060.0,58703.144,0.006,0.021403,0.069,0.02,0.023,0.028,75.39,75.49,75.23,74.25,1.154,8.875,8.5,8.4375,8.35,116348.6,1.71,32.3,6.4,22.38,4.3
2018-05-30,188.2391025288798,188.6922539619436,186.06398118180735,187.8765869140625,514567,37060.0,58703.144,0.006,0.021403,0.069,0.02,0.023,0.028,77.5,77.72,77.4,76.26,1.1663,8.025,7.875,7.95,7.9275,116461.0,1.71,32.4,6.4,22.4,4.31
2018-05-31,188.87346704952677,190.14229905913285,185.338892240149,186.33583068847656,776361,37060.0,58703.144,0.006,0.021403,0.069,0.02,0.023,0.028,77.59,77.56,77.25,76.15,1.1692,7.55,7.425,7.5,7.568,115506.0,1.73,32.1,6.4,22.22,4.27
2018-06-01,187.69530973528927,188.14846112158492,186.15458395861782,187.4234161376953,605509,37060.0,58703.144,0.006,0.021403,0.069,0.02,0.023,0.028,76.79,76.51,76.22,75.24,1.16605,7.162,7.075,7.319,7.55,116180.1,1.72,32.3,6.4,22.35,4.3
2018-06-04,188.14844443675855,189.87041402034623,187.60465728979318,188.964111328125,324470,37060.0,58703.144,0.006,0.021403,0.069,0.02,0.023,0.028,75.29,75.1,74.88,74.12,1.16985,7.125,7.015,7.27,7.5,117135.2,1.7,32.6,6.4,22.53,4.33
2018-06-05,189.05476788218994,191.04863125813372,188.6016164863353,189.59854125976562,411055,37060.0,58703.144,0.006,0.021403,0.069,0.02,0.023,0.028,75.38,75.13,74.85,74.01,1.1718,7.3,7.113,7.3125,7.55,117528.4,1.7,32.7,6.4,22.61,4.35
2018-06-06,189.32665092959618,189.5985445376262,183.97946989770028,184.88577270507812,735999,37060.0,58703.144,0.006,0.021403,0.069,0.02,0.023,0.028,75.36,74.96,74.58,73.66,1.17735,7.45,7.2,7.365,7.55,114607.1,1.74,31.9,6.4,22.05,4.24
2018-06-07,186.15459250731695,186.51712193045145,183.4356840646838,184.97640991210938,556198,37060.0,58703.144,0.006,0.021403,0.069,0.02,0.023,0.028,77.32,76.98,76.6,75.61,1.1799,7.475,7.23,7.405,7.51,114663.3,1.74,31.9,6.4,22.06,4.24
2018-06-08,183.61695685380263,187.51404791632714,183.07316963019832,186.7890167236328,514536,37060.0,58703.144,0.006,0.021403,0.069,0.02,0.023,0.028,76.46,76.19,75.86,74.98,1.1768,7.622,7.3875,7.56,7.64,115786.9,1.72,32.2,6.4,22.27,4.28
2018-06-11,187.6046683238103,189.1453802253874,186.78900138447017,188.51097106933594,475853,37060.0,58703.144,0.006,0.021403,0.069,0.02,0.023,0.028,76.46,76.19,75.82,74.94,1.1784,7.665,7.412,7.5425,7.63,116854.3,1.71,32.5,6.4,22.48,4.32
2018-06-12,189.2360384528073,189.32666044064757,187.3327969300689,187.6046905517578,438990,37060.0,58703.144,0.006,0.021403,0.069,0.02,0.023,0.028,75.88,75.65,75.3,74.47,1.1745,7.725,7.45,7.625,7.675,116292.5,1.71,32.3,6.4,22.37,4.3
2018-06-13,187.96721400793618,190.5048648678264,187.4234405709427,190.14234924316406,548967,37060.0,58703.144,0.006,0.021403,0.069,0.02,0.023,0.028,76.74,76.48,76.1,75.32,1.1791,7.225,7.3125,7.475,7.5,117865.5,1.69,32.8,6.4,22.67,4.36
2018-06-14,189.1453911111517,192.13619310933055,186.24522492437467,191.32052612304688,852568,37060.0,58703.144,0.006,0.021403,0.069,0.02,0.023,0.028,75.94,75.62,75.2,74.33,1.1569,7.465,7.688,7.75,7.69,118595.9,1.68,33.0,6.4,22.81,4.39
2018-06-15,192.5893388430762,194.31130857639292,191.5924002633142,192.4080810546875,1048170,37060.0,58703.144,0.006,0.021403,0.069,0.02,0.023,0.0287,73.44,73.08,72.66,71.84,1.1609,7.188,7.481,7.585,7.575,119270.1,1.67,33.2,6.4,22.94,4.41
2018-06-18,192.2268248846006,192.4987046549311,187.6953109913199,189.23602294921875,552056,37060.0,58703.144,0.006,0.021403,0.069,0.02,0.023,0.0287,75.34,74.94,74.52,73.6,1.1623,7.6,7.625,7.5625,7.675,117303.7,1.7,32.6,6.4,22.57,4.34
2018-06-19,187.33278716017932,189.4172863789703,186.78901377424472,188.2390899658203,581665,37060.0,58703.144,0.006,0.021403,0.069,0.02,0.023,0.0287,75.08,74.64,74.16,73.18,1.159,7.7,7.77,7.869,7.844,116685.8,1.71,32.4,6.4,22.45,4.32
2018-06-20,189.23602567471517,191.22988905065895,188.32972288300587,189.59854125976562,583073,37060.0,58703.144,0.006,0.021403,0.069,0.02,0.023,0.0287,74.74,74.33,73.89,72.9,1.1572,7.463,7.625,7.8,7.775,117528.4,1.7,32.7,6.4,22.61,4.35
2018-06-21,190.2329632935546,191.77368920676383,187.06090330837998,187.6046905517578,508479,37060.0,58703.144,0.006,0.021403,0.069,0.02,0.023,0.0287,73.05,72.8,72.42,71.56,1.1603,7.6,7.725,7.9,7.806,116292.5,1.71,32.3,6.4,22.37,4.3
2018-06-22,187.78593978397058,190.23295460929492,187.42342419099046,189.96107482910156,490610,37060.0,58703.144,0.006,0.021403,0.069,0.02,0.023,0.0287,75.55,75.32,74.94,73.91,1.1657,7.375,7.475,7.75,7.75,117753.2,1.69,32.7,6.4,22.65,4.36
2018-06-25,189.0547695711845,190.23295214766583,186.42648315429688,186.42648315429688,342538,37060.0,58703.144,0.006,0.021403,0.069,0.02,0.023,0.0287,74.73,74.55,74.22,73.29,1.1704,7.35,7.375,7.625,7.625,115562.1,1.73,32.1,6.4,22.23,4.27
2018-06-26,187.1515252640113,189.1453886269154,186.5171160797804,187.7859344482422,413697,37060.0,58703.144,0.006,0.021403,0.069,0.02,0.023,0.0287,76.31,76.14,75.83,74.88,1.1647,7.425,7.406,7.55,7.6,116404.9,1.71,32.4,6.4,22.39,4.31
2018-06-27,188.32973123697536,190.5954883167535,187.9672018067606,188.87350463867188,418053,37060.0,58703.144,0.006,0.021403,0.069,0.02,0.023,0.0287,77.62,77.46,77.17,76.21,1.15535,7.7,7.525,7.615,7.65,117079.0,1.7,32.5,6.4,22.52,4.33
2018-06-28,188.51097106933594,190.1423187770986,187.51403251762477,188.51097106933594,623190,37060.0,58703.144,0.006,0.021403,0.069,0.02,0.023,0.0287,77.85,77.61,77.33,76.32,1.1569,7.625,7.6375,7.68,7.725,116854.3,1.71,32.5,6.4,22.48,4.32
2018-06-29,190.77672643638954,192.13618054401226,189.4172723287668,191.6830291748047,722458,39859.0,60127.21,0.006,0.021403,0.069,0.02,0.023,0.0287,79.23,78.86,78.53,77.2,1.1685,7.05,7.28,7.375,7.525,118820.6,1.68,33.0,6.4,22.86,4.4
2018-07-02,190.14231319014502,191.13923788348112,188.3297077523535,189.50790405273438,515500,39859.0,60127.21,0.006,0.021403,0.069,0.02,0.023,0.0287,77.3,76.98,76.69,75.53,1.16405,7.5625,7.5,7.6125,7.6125,117472.3,1.7,32.7,6.4,22.6,4.35
2018-07-03,190.0516828402728,192.22681772548864,189.6891672739447,191.86428833007812,476193,39859.0,60127.21,0.006,0.021403,0.069,0.02,0.023,0.0287,77.76,77.41,77.09,75.9,1.1657,7.3,7.35,7.4,7.55,118932.9,1.68,33.1,6.4,22.88,4.4
2018-07-04,192.04557122021993,192.49872265191377,190.32360131141698,191.2299041748047,331737,39859.0,60127.21,0.006,0.021403,0.069,0.02,0.023,0.0287,77.76,77.41,77.09,75.9,1.1656,7.075,7.3,7.35,7.525,118539.7,1.68,32.9,6.4,22.8,4.38
2018-07-05,191.50177718510224,191.50177718510224,187.06088533509936,187.33277893066406,870964,39859.0,60127.21,0.006,0.021403,0.069,0.02,0.023,0.0287,77.39,77.1,76.83,75.84,1.1691,6.838,7.1375,7.25,7.475,116123.9,1.72,32.3,6.4,22.34,4.3
2018-07-06,186.60774234453677,188.60161958229386,185.42955975924093,186.51712036132812,745462,39859.0,60127.21,0.006,0.021403,0.069,0.02,0.023,0.0287,77.11,76.91,76.72,75.94,1.1747,6.3925,6.6775,7.0,7.291,115618.3,1.72,32.1,6.4,22.24,4.28
2018-07-09,186.879638671875,187.9671992897888,186.15459365023796,186.879638671875,516140,39859.0,60127.21,0.006,0.021403,0.069,0.02,0.023,0.0287,78.07,77.85,77.66,76.85,1.1751,6.4,6.6625,6.95,7.213,115843.1,1.72,32.2,6.4,22.28,4.29
2018-07-10,186.60772838472954,188.60160547332805,185.70142564594195,188.4203338623047,540322,39859.0,60127.21,0.006,0.021403,0.069,0.02,0.023,0.0287,78.86,78.62,78.4,77.47,1.1744,6.425,6.7375,7.05,7.3,116798.1,1.71,32.5,6.4,22.47,4.32
2018-07-11,187.33277334157606,189.32663660109228,186.97025777769394,188.4203338623047,509378,39859.0,60127.21,0.006,0.021403,0.069,0.02,0.023,0.0287,73.4,73.33,73.31,72.97,1.1674,6.875,7.0025,7.2,7.3,116798.1,1.71,32.5,6.4,22.47,4.32
2018-07-12,188.873511198363,191.32053999277716,188.5109955846416,191.2299041748047,448634,39859.0,60127.21,0.006,0.021403,0.069,0.02,0.023,0.0287,74.45,74.44,74.46,74.15,1.16725,6.55,6.875,7.15,7.4,118539.7,1.68,32.9,6.4,22.8,4.38
2018-07-13,190.23296415078883,191.41116063069404,189.32666129379777,191.04864501953125,452643,39859.0,60127.21,0.006,0.021403,0.069,0.02,0.023,0.0287,75.33,75.26,75.23,74.78,1.16855,6.725,6.8625,7.2,7.45,118427.3,1.68,32.9,6.4,22.78,4.38
2018-07-16,188.87350035675306,190.6861059794823,188.23909115461453,190.05169677734375,341059,39859.0,60127.21,0.006,0.021403,0.069,0.022,0.026,0.0295,71.84,71.82,71.85,71.6,1.171,6.525,6.825,7.1,7.35,117809.3,1.69,32.7,6.4,22.66,4.36
2018-07-17,190.68609895450157,191.13925034348955,188.87349339854973,190.95799255371094,373238,39859.0,60127.21,0.006,0.021403,0.069,0.022,0.026,0.0295,72.16,72.24,72.3,72.02,1.1661,6.6375,6.825,7.1,7.35,118371.1,1.68,32.9,6.4,22.77,4.38
2018-07-18,191.411139824767,193.2237453417233,190.2329434729289,190.41421508789062,443023,39859.0,60127.21,0.006,0.021403,0.069,0.022,0.026,0.0295,72.9,72.99,73.01,72.68,1.16385,6.6375,6.925,7.1,7.3,118034.1,1.69,32.8,6.4,22.71,4.37
2018-07-19,190.41421362534703,192.40807691286784,188.9641236912869,191.95492553710938,543449,39859.0,60127.21,0.006,0.021403,0.069,0.022,0.026,0.0295,72.58,72.67,72.74,72.5,1.1643,6.775,7.045,7.2425,7.48,118989.1,1.68,33.1,6.4,22.89,4.4
2018-07-20,192.31745635697354,193.22375918036087,189.7798056856723,192.04556274414062,629852,39859.0,60127.21,0.006,0.021403,0.069,0.022,0.026,0.0295,73.07,73.14,73.22,73.0,1.172,6.6,6.95,7.18,7.4125,119045.3,1.68,33.1,6.4,22.9,4.4
2018-07-23,191.77365520564345,191.77365520564345,188.51095998201438,188.964111328125,396063,39859.0,60127.21,0.006,0.021403,0.069,0.022,0.026,0.0295,73.06,73.38,73.58,73.63,1.1692,6.675,6.8875,7.15,7.4,117135.2,1.7,32.6,6.4,22.53,4.33
2018-07-24,189.32663382036802,190.23293654584432,188.14845134051453,189.6891632080078,516126,39859.0,60127.21,0.006,0.021403,0.069,0.022,0.026,0.0295,73.44,73.8,74.05,74.18,1.1686,6.55,6.838,7.1625,7.4375,117584.6,1.7,32.7,6.4,22.62,4.35
2018-07-25,190.5048343436759,190.59547014986143,187.51403251762477,188.51097106933594,601051,39859.0,60127.21,0.006,0.021403,0.069,0.022,0.026,0.0295,73.93,74.41,74.7,74.88,1.17285,6.475,6.825,7.05,7.35,116854.3,1.71,32.5,6.4,22.48,4.32
2018-07-26,189.59854401479006,190.14233122935056,188.14846782443428,189.8704376220703,679222,39859.0,60127.21,0.006,0.021403,0.069,0.022,0.026,0.0295,74.54,75.12,75.38,75.47,1.16425,6.2875,6.85,7.05,7.35,117792.4,1.69,30.7,6.82,22.64,4.35
2018-07-27,183.52630467090793,186.6983642578125,181.98559278022788,186.6983642578125,979201,39859.0,60127.21,0.006,0.021403,0.069,0.022,0.026,0.0295,74.29,74.76,74.98,74.92,1.16575,6.25,6.725,7.088,7.35,115824.5,1.72,30.2,6.82,22.26,4.28
2018-07-30,186.24522247822918,188.78287304423577,185.33891969244704,187.7859344482422,480436,39859.0,60127.21,0.006,0.021403,0.069,0.022,0.026,0.0295,74.97,75.55,75.75,75.62,1.1706,6.225,6.725,7.05,7.35,116499.3,1.71,30.4,6.82,22.39,4.31
2018-07-31,188.8734990050705,190.50484681966867,187.60468060987378,189.8704376220703,508421,39859.0,60127.21,0.006,0.021403,0.069,0.022,0.026,0.0295,74.21,74.39,74.43,74.09,1.16915,6.175,6.725,7.05,7.35,117792.4,1.69,30.7,6.82,22.64,4.35
2018-08-01,190.8673803659666,192.31745658767565,189.8704417274112,190.32359313964844,443421,39859.0,60127.21,0.006,0.021403,0.069,0.022,0.026,0.0295,72.39,72.67,72.76,72.48,1.166,5.9125,6.65,7.025,7.31,118073.6,1.69,30.8,6.82,22.69,4.36
2018-08-02,190.41421508789062,191.2298820388879,189.32664071445075,190.41421508789062,516266,39859.0,60127.21,0.006,0.021403,0.069,0.022,0.026,0.0295,73.45,73.68,73.74,73.39,1.1584,6.3625,7.05,7.25,7.47,118129.8,1.69,30.8,6.82,22.71,4.37
2018-08-03,191.13924751864982,192.58933747361365,190.5048383492592,192.22682189941406,338018,39859.0,60127.21,0.006,0.021403,0.069,0.022,0.026,0.0295,73.21,73.53,73.63,73.35,1.15675,6.4,7.1625,7.4125,7.575,119254.3,1.67,31.1,6.82,22.92,4.41
2018-08-06,192.49870440058191,193.67690077709474,191.86429522217745,192.58934020996094,336605,39859.0,60127.21,0.006,0.021403,0.069,0.022,0.026,0.0295,73.75,74.07,74.2,73.93,1.15535,6.795,7.335,7.525,7.68,119479.2,1.67,31.1,6.82,22.97,4.42
2018-08-07,192.86122822656262,194.49257594458467,191.41113829296913,193.58627319335938,431431,39859.0,60127.21,0.006,0.021403,0.069,0.022,0.026,0.0295,74.65,74.99,75.16,74.96,1.1599,6.338,7.1375,7.338,7.55,120097.7,1.66,31.3,6.82,23.08,4.44
2018-08-08,193.40500577380806,194.76445993012558,192.0455516174905,192.4987030029297,324452,39859.0,60127.21,0.006,0.021403,0.069,0.022,0.026,0.0295,72.28,72.64,72.84,72.77,1.1611,6.213,7.125,7.319,7.6,119422.9,1.67,31.1,6.82,22.95,4.41
2018-08-09,188.96414701633543,191.5924197885261,188.5109955846416,191.2299041748047,423723,39859.0,60127.21,0.006,0.021403,0.069,0.022,0.026,0.0295,72.07,72.39,72.57,72.53,1.1527,6.6625,7.44,7.5125,7.725,118635.8,1.68,30.9,6.82,22.8,4.38
2018-08-10,189.326647964211,189.7797993608023,185.88270841338365,186.24522399902344,682064,39859.0,60127.21,0.006,0.021403,0.069,0.022,0.026,0.0295,72.81,73.11,73.26,73.2,1.1411,7.7875,8.1,8.05,8.08,115543.4,1.73,30.1,6.82,22.21,4.27
2018-08-13,186.607747802689,187.51405063578432,185.7014449695937,187.1515350341797,372772,39859.0,60127.21,0.006,0.021403,0.069,0.022,0.026,0.0295,72.61,72.92,73.07,72.99,1.1409,7.9625,8.05,8.018,8.025,116105.6,1.72,30.3,6.82,22.32,4.29
2018-08-14,188.32971465539623,190.05168435278247,187.785927472494,188.69223022460938,354018,39859.0,60127.21,0.006,0.021403,0.069,0.022,0.026,0.0295,72.46,72.78,72.93,72.85,1.1344,7.975,8.113,8.025,8.0,117061.5,1.71,30.5,6.82,22.5,4.33
2018-08-15,189.1453718254634,189.68915898026222,183.43566201640283,184.3419647216797,618042,39859.0,60127.21,0.002,0.025182,0.067,0.021,0.026,0.027,70.76,71.1,71.26,71.24,1.1345,7.938,8.125,8.095,8.112,114362.7,1.75,29.8,6.82,21.98,4.23
2018-08-16,184.97641401253685,185.61082323073103,181.894976078462,185.4295654296875,615256,39859.0,60127.21,0.002,0.025182,0.067,0.021,0.026,0.027,71.43,71.75,71.88,71.8,1.1377,7.425,7.813,7.825,7.963,115037.4,1.74,30.0,6.82,22.11,4.25
2018-08-17,185.9733123569944,186.78899308919264,183.34504004332425,184.3419647216797,433504,39859.0,60127.21,0.002,0.025182,0.067,0.021,0.026,0.027,71.83,72.07,72.15,72.01,1.1439,7.225,7.535,7.66,7.85,114362.7,1.75,29.8,6.82,21.98,4.23
2018-08-20,184.7951477998698,186.6983893393316,183.61696514400543,186.06398010253906,459794,39859.0,60127.21,0.002,0.025182,0.067,0.021,0.026,0.027,72.21,72.57,72.63,72.4,1.14805,7.3875,7.637,7.6875,7.85,115430.9,1.73,30.1,6.82,22.19,4.27
2018-08-21,185.79207535024221,187.87657457120795,185.52018174244958,186.51712036132812,345112,39859.0,60127.21,0.002,0.025182,0.067,0.021,0.026,0.027,72.63,72.91,72.92,72.58,1.1571,7.35,7.5375,7.55,7.7,115712.1,1.72,30.2,6.82,22.24,4.28
2018-08-22,186.78900006335698,188.14845417203037,186.42647067026135,186.6983642578125,342618,39859.0,60127.21,0.002,0.025182,0.067,0.021,0.026,0.027,74.78,75.07,75.06,74.63,1.1597,7.375,7.525,7.6125,7.75,115824.5,1.72,30.2,6.82,22.26,4.28
2018-08-23,187.0609060370971,188.42036033628847,186.87964822968846,187.8765869140625,359747,39859.0,60127.21,0.002,0.025182,0.067,0.021,0.026,0.027,74.73,75.09,75.1,74.72,1.1539,7.585,7.8775,7.8475,7.93,116555.4,1.71,30.4,6.82,22.4,4.31
2018-08-24,187.87658146327752,188.14847508104432,186.60774919006047,187.24217224121094,251552,39859.0,60127.21,0.002,0.025182,0.067,0.021,0.026,0.027,75.82,76.13,76.07,75.52,1.1623,7.075,7.45,7.6,7.74,116161.9,1.72,30.3,6.82,22.33,4.29
2018-08-27,188.32972717285156,188.32972717285156,187.15153075097547,188.32972717285156,204956,39859.0,60127.21,0.002,0.025182,0.067,0.021,0.026,0.027,76.21,76.5,76.43,75.9,1.1678,6.975,7.325,7.4375,7.6,116836.6,1.71,30.4,6.82,22.46,4.32
2018-08-28,188.42035595910113,190.14233966219075,188.14847616884632,189.14540100097656,366509,39859.0,60127.21,0.002,0.025182,0.067,0.021,0.026,0.027,75.95,76.29,76.19,75.61,1.1695,6.7875,7.1125,7.275,7.4925,117342.6,1.7,30.6,6.82,22.55,4.34
2018-08-29,189.8704196086599,190.14231319014502,189.0547526932865,189.50790405273438,281232,39859.0,60127.21,0.002,0.025182,0.067,0.021,0.026,0.027,77.14,77.46,77.34,76.68,1.1708,6.925,7.175,7.3,7.46,117567.5,1.7,30.6,6.82,22.6,4.35
2018-08-30,189.32665450109303,190.8673803659666,188.6922452897776,190.32359313964844,569005,39859.0,60127.21,0.002,0.025182,0.067,0.021,0.026,0.027,77.77,78.02,77.82,77.08,1.16715,7.125,7.318,7.45,7.55,118073.6,1.69,30.8,6.82,22.69,4.36
2018-08-31,190.14232303636146,190.14232303636146,186.42647616483688,187.33277893066406,552057,39859.0,60127.21,0.002,0.025182,0.067,0.021,0.026,0.027,77.64,77.4,77.13,76.38,1.1601,7.45,7.575,7.6,7.7,116218.1,1.72,30.3,6.82,22.34,4.3
2018-09-03,186.60775188192645,187.78594835652243,186.24523627239725,187.6046905517578,201874,39859.0,60127.21,0.002,0.025182,0.067,0.021,0.026,0.027,77.64,77.4,77.13,76.38,1.1624,7.575,7.525,7.575,7.675,116386.8,1.71,30.3,6.82,22.37,4.3
2018-09-04,188.0578411391065,188.51099256353808,182.71065986244744,184.0701141357422,486302,39859.0,60127.21,0.002,0.025182,0.067,0.021,0.026,0.027,78.17,77.9,77.62,76.85,1.1582,7.7625,7.675,7.681,7.8,114194.0,1.75,29.8,6.82,21.95,4.22
2018-09-05,184.07009837346692,184.1607203531427,180.30893357531014,180.7620849609375,713896,39859.0,60127.21,0.002,0.025182,0.067,0.021,0.026,0.027,77.27,76.9,76.57,75.83,1.16295,7.2875,7.4875,7.625,7.75,112141.8,1.78,29.2,6.82,21.55,4.14
2018-09-06,180.30893091674002,180.44488462787334,178.76821899414062,178.76821899414062,444620,39859.0,60127.21,0.002,0.025182,0.067,0.021,0.026,0.027,76.5,76.15,75.83,75.14,1.1622,7.07,7.4075,7.575,7.7,110904.8,1.8,28.9,6.82,21.32,4.1
2018-09-07,179.1760530608234,180.80740079622998,178.76821958424242,180.53550720214844,438602,39859.0,60127.21,0.002,0.025182,0.067,0.021,0.026,0.027,76.83,76.47,76.16,75.47,1.1553,7.1,7.525,7.6625,7.775,112001.2,1.78,29.2,6.82,21.53,4.14
2018-09-10,180.67146918727303,182.25749909144847,179.67453057301518,181.3511962890625,382008,39859.0,60127.21,0.002,0.025182,0.067,0.021,0.026,0.027,77.37,76.92,76.55,75.8,1.1594,7.18,7.38,7.625,7.725,112507.2,1.77,29.3,6.82,21.63,4.16
2018-09-11,181.62309239354843,183.6169698013041,181.16994095161934,183.163818359375,545962,39859.0,60127.21,0.002,0.025182,0.067,0.021,0.026,0.027,79.06,78.56,78.17,77.29,1.1607,7.2375,7.4875,7.6,7.725,113631.8,1.76,29.6,6.82,21.84,4.2
2018-09-12,183.25443595968514,184.9764196952091,182.3481330975412,184.43263244628906,400228,39859.0,60127.21,0.002,0.025182,0.067,0.021,0.026,0.027,79.74,79.29,78.9,78.02,1.1626,6.85,7.225,7.375,7.6,114418.9,1.74,29.8,6.82,21.99,4.23
2018-09-13,184.4326005238401,185.9733123569944,183.70755559380225,184.3419647216797,432685,39859.0,60127.21,0.002,0.025182,0.067,0.021,0.026,0.027,78.18,77.75,77.38,76.57,1.169,6.5375,7.1625,7.3,7.5,114362.7,1.75,29.8,6.82,21.98,4.23
2018-09-14,184.70451229360432,184.70451229360432,182.98252868652344,182.98252868652344,386792,39859.0,60127.21,0.002,0.025182,0.067,0.021,0.026,0.027,78.09,77.61,77.22,76.39,1.16305,6.5125,7.225,7.35,7.5,113519.3,1.76,29.6,6.82,21.82,4.2
2018-09-17,183.16379757622306,183.34505536661092,181.80434340468975,182.62001037597656,337137,39859.0,60127.21,0.002,0.025182,0.067,0.021,0.025,0.0228,78.05,77.59,77.23,76.53,1.16835,6.588,7.1125,7.25,7.42,113294.4,1.76,29.5,6.82,21.78,4.19
2018-09-18,182.6200048648788,183.07315624171474,181.80433791820715,181.985595703125,458538,39859.0,60127.21,0.002,0.025182,0.067,0.021,0.025,0.0228,79.03,78.53,78.15,77.38,1.1667,6.713,7.125,7.2,7.4125,112900.8,1.77,29.4,6.82,21.7,4.17
2018-09-19,181.89495228241086,182.5293614176097,180.58081611040996,181.12460327148438,402912,39859.0,60127.21,0.002,0.025182,0.067,0.021,0.025,0.0228,79.4,78.92,78.53,77.72,1.1673,6.6125,7.088,7.175,7.4,112366.6,1.78,29.3,6.82,21.6,4.15
2018-09-20,181.44182077713853,183.43568420410156,180.49020005567698,183.43568420410156,576543,39859.0,60127.21,0.002,0.025182,0.067,0.021,0.025,0.0228,78.7,78.22,77.85,77.14,1.17765,6.6375,7.175,7.225,7.35,113800.4,1.75,29.7,6.82,21.87,4.21
2018-09-21,184.07010826377837,187.15153231997996,183.88883663652123,186.7890167236328,1373272,39859.0,60127.21,0.002,0.025182,0.067,0.021,0.025,0.0228,78.8,78.24,77.86,77.19,1.175,6.6,7.225,7.225,7.375,115880.8,1.72,30.2,6.82,22.27,4.28
2018-09-24,186.06396634457727,186.24522413753195,183.34505796300746,184.61387634277344,433002,39859.0,60127.21,0.002,0.025182,0.067,0.021,0.025,0.0228,81.2,80.53,80.08,79.26,1.1748,6.775,7.225,7.213,7.34,114531.3,1.74,29.8,6.82,22.01,4.23
2018-09-25,184.52327099929505,185.06704442719115,182.52939360975614,184.70452880859375,421954,39859.0,60127.21,0.002,0.025182,0.067,0.021,0.025,0.0228,81.87,81.26,80.78,79.89,1.1772,6.8875,7.213,7.2,7.35,114587.6,1.74,29.9,6.82,22.02,4.24
2018-09-26,184.88576980924952,186.51711760279483,184.34198260170672,186.24522399902344,433306,39859.0,60127.21,0.002,0.025182,0.067,0.021,0.025,0.0228,81.34,80.79,80.31,79.46,1.174,6.5375,6.95,7.095,7.29,115543.4,1.73,30.1,6.82,22.21,4.27
2018-09-27,185.792062832759,188.78286465881013,185.15765367670753,188.51097106933594,368845,39859.0,60127.21,0.002,0.025182,0.067,0.021,0.025,0.0228,81.72,81.38,80.93,80.06,1.1641,6.838,7.137,7.25,7.4,116949.1,1.71,30.5,6.82,22.48,4.32
2018-09-28,189.8704377817908,189.8704377817908,187.2421651770652,188.2390899658203,577461,39859.0,60127.21,0.002,0.025182,0.067,0.021,0.025,0.0228,82.73,82.24,81.83,80.94,1.1609,6.8125,7.2275,7.3325,7.43,116780.4,1.71,30.4,6.82,22.45,4.32
2018-10-01,187.60467107933553,189.05476102510835,187.2421555074336,188.78286743164062,320291,39859.0,60127.21,0.002,0.025182,0.067,0.021,0.025,0.0228,84.98,84.51,84.12,83.13,1.1578,7.025,7.2,7.375,7.525,117117.7,1.7,30.5,6.82,22.51,4.33
2018-10-02,187.87658826062815,188.14848188823203,185.88272470667377,188.05784606933594,386620,39859.0,60127.21,0.002,0.025182,0.067,0.021,0.025,0.0228,84.8,84.35,83.98,83.07,1.1548,7.175,7.3875,7.55,7.675,116667.9,1.71,30.4,6.82,22.42,4.31
2018-10-03,188.51097106933594,188.60160687552147,186.97025916775883,188.51097106933594,286439,39859.0,60127.21,0.002,0.025182,0.067,0.021,0.025,0.0228,86.29,85.83,85.45,84.48,1.1478,7.465,7.55,7.65,7.75,116949.1,1.71,30.5,6.82,22.48,4.32
2018-10-04,186.9702751313899,187.33279072891898,180.94335306161273,181.80435180664062,726702,39859.0,60127.21,0.002,0.025182,0.067,0.021,0.025,0.0228,84.58,84.16,83.83,83.0,1.1515,7.4125,7.4,7.625,7.725,112788.3,1.77,29.4,6.82,21.68,4.17
2018-10-05,182.4387511889866,183.43567594302962,181.26055481686043,182.5293731689453,521012,39859.0,60127.21,0.002,0.025182,0.067,0.021,0.025,0.0228,84.16,83.79,83.52,82.85,1.1524,7.19,7.35,7.53,7.7,113238.1,1.76,29.5,6.82,21.77,4.19
2018-10-08,181.98559715119487,182.89189991207823,180.12767372556746,180.53550720214844,380637,39859.0,60127.21,0.002,0.025182,0.067,0.021,0.025,0.0228,83.91,83.54,83.27,82.61,1.1492,7.675,7.475,7.65,7.8,112001.2,1.78,29.2,6.82,21.53,4.14
2018-10-09,180.67146507604366,181.26055635255628,178.26975440692252,180.89804077148438,444559,39859.0,60127.21,0.002,0.025182,0.067,0.021,0.025,0.0228,85.0,84.54,84.2,83.47,1.14905,7.625,7.525,7.725,7.9,112226.1,1.78,29.2,6.82,21.57,4.15
2018-10-10,180.35426137770833,181.35120001243462,172.10690017503396,173.375732421875,996454,39859.0,60127.21,0.002,0.025182,0.067,0.021,0.025,0.0228,83.09,82.65,82.34,81.74,1.152,7.425,7.432,7.69,7.85,107559.4,1.86,28.0,6.82,20.67,3.98
2018-10-11,172.28818768122636,173.05853685261897,169.6145830496192,170.02243041992188,766058,39859.0,60127.21,0.002,0.025182,0.067,0.021,0.025,0.0228,80.26,79.87,79.6,79.09,1.1594,7.3125,7.438,7.7,7.8,105479.0,1.89,27.5,6.82,20.27,3.9
2018-10-12,171.38185410739084,171.69905176975905,166.75970458984375,166.75970458984375,749333,39859.0,60127.21,0.002,0.025182,0.067,0.021,0.025,0.0228,80.43,80.07,79.82,79.31,1.1563,7.075,7.215,7.55,7.6875,103454.9,1.93,27.0,6.82,19.89,3.82
2018-10-15,166.3065532186757,167.07691608129434,164.94709910517153,166.75970458984375,562080,39859.0,60127.21,0.002,0.025182,0.067,0.023,0.025,0.0252,80.78,80.43,80.27,79.87,1.1579,7.075,7.14,7.45,7.63,103454.9,1.93,27.0,6.82,19.89,3.82
2018-10-16,166.75969356944842,169.4786016167764,165.0830280752969,168.8441925048828,771557,39859.0,60127.21,0.002,0.025182,0.067,0.023,0.025,0.0252,81.41,81.04,80.88,80.5,1.15745,6.8,7.013,7.305,7.521,104748.1,1.91,27.3,6.82,20.13,3.87
2018-10-17,169.3879927785623,171.4724920457886,169.11611299381929,170.15835571289062,592297,39859.0,60127.21,0.002,0.025182,0.067,0.023,0.025,0.0252,80.05,79.63,79.48,79.11,1.1501,7.025,7.125,7.425,7.6,105563.4,1.89,27.5,6.82,20.29,3.9
2018-10-18,170.7474226349809,171.1099520113399,168.93481724043085,169.2067108154297,481622,39859.0,60127.21,0.002,0.025182,0.067,0.023,0.025,0.0252,79.29,78.75,78.59,78.17,1.1453,7.225,7.325,7.6,7.7,104973.0,1.9,27.4,6.82,20.18,3.88
2018-10-19,169.6145674173018,175.05238434326284,168.88953622377386,173.375732421875,920180,39859.0,60127.21,0.002,0.025182,0.067,0.023,0.025,0.0252,79.78,79.26,79.11,78.67,1.15145,6.91,7.11,7.46,7.6,107559.4,1.86,28.0,6.82,20.67,3.98
2018-10-22,175.18833528055458,175.73210866706134,173.1038360595703,173.1038360595703,486131,39859.0,60127.21,0.002,0.025182,0.067,0.023,0.025,0.0252,79.83,79.44,79.33,78.99,1.1465,7.0225,7.085,7.415,7.57,107390.7,1.86,28.0,6.82,20.64,3.97
2018-10-23,171.29123539981165,174.19140169896525,170.88340189086693,171.97096252441406,626271,39859.0,60127.21,0.002,0.025182,0.067,0.023,0.025,0.0252,76.44,76.15,76.1,75.95,1.1471,6.975,7.225,7.463,7.6,106687.9,1.87,27.8,6.82,20.51,3.94
2018-10-24,172.51473515079923,175.00706773000968,171.8803121582796,172.01626586914062,445161,39859.0,60127.21,0.002,0.025182,0.067,0.023,0.025,0.0252,76.17,76.17,76.2,76.14,1.1392,7.463,7.595,7.75,7.85,106716.0,1.87,27.8,6.82,20.51,3.94
2018-10-25,171.6537581814598,174.689878329983,170.88340903880413,174.4633026123047,608680,39859.0,60127.21,0.002,0.025182,0.067,0.023,0.025,0.0252,76.89,76.88,76.86,76.64,1.13755,7.1,7.47,7.65,7.75,108234.1,1.84,28.2,6.82,20.8,4.0
2018-10-26,172.24285135651303,173.01320044555126,169.16141351311,171.38186645507812,727319,39859.0,60127.21,0.002,0.025182,0.067,0.023,0.025,0.0252,77.62,77.66,77.61,77.28,1.1403,7.21,7.5,7.705,7.8,106322.4,1.88,27.7,6.82,20.44,3.93
2018-10-29,171.38185818381496,172.10688933166327,169.5692526560288,170.47555541992188,441293,39859.0,60127.21,0.002,0.025182,0.067,0.023,0.025,0.0252,77.34,77.37,77.33,77.12,1.1373,7.173,7.43,7.65,7.75,105760.2,1.89,27.6,6.82,20.33,3.91
2018-10-30,169.47861690205642,170.2489797832443,166.8050265135357,168.93482971191406,661072,39859.0,60127.21,0.002,0.025182,0.067,0.023,0.025,0.0252,75.91,75.95,75.93,75.79,1.13445,7.25,7.4875,7.6,7.75,104804.3,1.9,27.3,6.82,20.14,3.87
2018-10-31,178.99480767711205,181.3512005503176,176.6837327109073,180.2636260986328,1437389,39859.0,60127.21,0.002,0.025182,0.067,0.023,0.025,0.0252,75.04,75.06,75.09,74.95,1.1312,7.2725,7.55,7.6275,7.75,111832.5,1.78,29.1,6.82,21.5,4.13
2018-11-01,180.6714816621301,181.71372442520456,179.35733144466548,181.07931518554688,610929,39859.0,60127.21,0.002,0.025182,0.067,0.023,0.025,0.0252,72.89,72.96,73.04,72.96,1.1409,7.175,7.452,7.525,7.59,112338.6,1.78,29.3,6.82,21.59,4.15
2018-11-02,182.89188592492428,182.98250789663246,180.94332684059682,182.25747680664062,552153,39859.0,60127.21,0.002,0.025182,0.067,0.023,0.025,0.0252,72.83,72.83,72.89,72.81,1.1387,6.925,7.275,7.4025,7.555,113069.5,1.77,29.5,6.82,21.73,4.18
2018-11-05,182.07623973347017,184.1607390851991,181.62308830175016,182.80128479003906,420590,39859.0,60127.21,0.002,0.025182,0.067,0.023,0.025,0.0252,73.17,73.1,73.13,73.05,1.1407,7.0975,7.327,7.5,7.6,113406.8,1.76,29.6,6.82,21.8,4.19
2018-11-06,183.616943359375,185.3389130590979,182.62000479906223,183.616943359375,508884,39859.0,60127.21,0.002,0.025182,0.067,0.023,0.025,0.0252,72.13,72.16,72.25,72.35,1.14275,7.2725,7.4,7.5,7.65,113912.8,1.75,29.7,6.82,21.9,4.21
2018-11-07,183.79820935993575,187.2421627424075,183.79820935993575,184.61387634277344,507681,39859.0,60127.21,0.002,0.025182,0.067,0.023,0.025,0.0252,72.07,72.13,72.24,72.54,1.1426,6.8,7.15,7.3,7.49,114531.3,1.74,29.8,6.82,22.01,4.23
2018-11-08,184.88577406336103,186.7890155044702,184.25136485935246,185.06703186035156,499913,39859.0,60127.21,0.002,0.025182,0.067,0.023,0.025,0.0252,70.65,70.9,71.11,71.61,1.13635,6.82,7.192,7.433,7.59,114812.4,1.74,29.9,6.82,22.07,4.24
2018-11-09,184.97637671116496,186.6077104206741,184.3419537918214,186.33583068847656,440790,39859.0,60127.21,0.002,0.025182,0.067,0.023,0.025,0.0252,70.18,70.39,70.61,71.11,1.1336,6.955,7.3525,7.575,7.685,115599.6,1.73,30.1,6.82,22.22,4.27
2018-11-12,186.60775352161087,187.5140563824814,185.4295708657465,186.06398010253906,493232,39859.0,60127.21,0.002,0.025182,0.067,0.023,0.025,0.0252,70.12,70.39,70.6,71.04,1.1218,7.57,7.625,7.775,7.815,115430.9,1.73,30.1,6.82,22.19,4.27
2018-11-13,186.42646374702068,189.32662963867188,186.15457016956674,189.32662963867188,524567,39859.0,60127.21,0.002,0.025182,0.067,0.023,0.025,0.0252,65.47,65.81,66.08,66.67,1.1291,8.0,7.8,7.8,7.865,117455.1,1.7,30.6,6.82,22.58,4.34
2018-11-14,189.05476801761233,190.5954799988051,187.33278441468133,187.96719360351562,575077,39859.0,60127.21,0.002,0.025182,0.067,0.023,0.025,0.0252,66.12,66.47,66.74,67.3,1.131,8.04,7.85,7.8625,7.98,116611.6,1.71,30.4,6.82,22.41,4.31
2018-11-15,188.96413220674322,189.5985413955775,185.88270824435764,187.96719360351562,591999,39859.0,60127.21,0.006,0.005678,0.065,0.019,0.022,0.0218,66.62,66.89,67.06,67.41,1.1328,8.1,8.05,8.03,8.05,116611.6,1.71,30.4,6.82,22.41,4.31
2018-11-16,187.69531661467363,190.14233142454123,186.0639687984008,188.14846801757812,588215,39859.0,60127.21,0.006,0.005678,0.065,0.019,0.022,0.0218,66.76,67.03,67.21,67.52,1.142,7.485,7.485,7.65,7.725,116724.1,1.71,30.4,6.82,22.44,4.31
2018-11-19,188.510995020167,189.59855568715884,185.88272225584643,186.15460205078125,439778,39859.0,60127.21,0.006,0.005678,0.065,0.019,0.022,0.0218,66.79,67.08,67.27,67.57,1.1453,7.42,7.375,7.575,7.675,115094.1,1.73,30.1,6.82,22.2,4.27
2018-11-20,184.97640015550283,186.87962766750996,182.80126521867402,185.61080932617188,644059,39859.0,60127.21,0.006,0.005678,0.065,0.019,0.022,0.0218,62.53,62.84,63.05,63.44,1.1371,7.805,7.5125,7.6,7.745,114757.9,1.73,30.0,6.82,22.13,4.26
2018-11-21,186.6077464139731,187.78594285404571,184.7951407612717,187.06089782714844,495652,39859.0,60127.21,0.006,0.005678,0.065,0.019,0.022,0.0218,63.48,63.83,64.06,64.53,1.1385,7.675,7.3975,7.54,7.71,115654.4,1.72,30.2,6.82,22.31,4.29
2018-11-22,185.79208513020262,187.24217522870612,185.33893370305577,185.88272094726562,373691,39859.0,60127.21,0.006,0.005678,0.065,0.019,0.022,0.0218,63.48,63.83,64.06,64.53,1.1408,7.5625,7.3,7.475,7.65,114926.0,1.73,30.1,6.82,22.17,4.26
2018-11-23,186.24523081506626,187.60468505459232,184.88577657554023,187.06089782714844,340676,39859.0,60127.21,0.006,0.005678,0.065,0.019,0.022,0.0218,58.8,59.04,59.23,59.78,1.13415,7.6175,7.265,7.55,7.68,115654.4,1.72,30.2,6.82,22.31,4.29
2018-11-26,186.97026485226615,188.4203409917448,185.61081069264583,185.7920684814453,475378,39859.0,60127.21,0.006,0.005678,0.065,0.019,0.022,0.0218,60.48,60.56,60.69,61.14,1.1328,7.17,7.1375,7.425,7.595,114869.9,1.73,30.0,6.82,22.15,4.26
2018-11-27,185.70142702657344,188.6922288526246,185.70142702657344,188.51097106933594,503832,39859.0,60127.21,0.006,0.005678,0.065,0.019,0.022,0.0218,60.21,60.4,60.58,61.05,1.12885,7.225,7.225,7.423,7.65,116550.9,1.71,30.5,6.82,22.48,4.32
2018-11-28,188.87349639587413,190.5954799988051,187.78593581086056,187.96719360351562,540284,39859.0,60127.21,0.006,0.005678,0.065,0.019,0.022,0.0218,58.76,59.09,59.29,59.85,1.13665,7.275,7.2275,7.45,7.65,116214.8,1.71,30.4,6.82,22.41,4.31
2018-11-29,189.41729186945213,190.776746117319,187.69532202045423,188.87350463867188,464662,39859.0,60127.21,0.006,0.005678,0.065,0.019,0.022,0.0218,59.51,59.91,60.07,60.58,1.1393,7.0325,7.175,7.4175,7.625,116775.1,1.7,30.5,6.82,22.52,4.33
2018-11-30,188.51096966781637,189.41727240660396,187.78592471096985,188.4203338623047,647882,39859.0,60127.21,0.006,0.005678,0.065,0.019,0.022,0.0218,59.46,59.58,59.69,59.99,1.1317,6.944,7.2075,7.475,7.65,116494.9,1.71,30.5,6.82,22.47,4.32
2018-12-03,192.22683712026117,194.03944279294979,190.5048534337567,192.3174591064453,708277,39859.0,60127.21,0.006,0.005678,0.065,0.019,0.022,0.0218,61.69,61.82,61.93,62.21,1.1354,6.785,7.08,7.35,7.55,118904.4,1.67,31.1,6.82,22.93,4.41
2018-12-04,191.41114383344814,194.22068797520308,191.320521853152,192.58934020996094,544884,39859.0,60127.21,0.006,0.005678,0.065,0.019,0.022,0.0218,62.08,62.22,62.36,62.76,1.13455,6.98,7.2,7.43,7.61,119072.5,1.67,31.1,6.82,22.97,4.42
2018-12-05,190.77673765480432,192.04555603156408,189.4172834672404,189.59854125976562,455354,39859.0,60127.21,0.006,0.005678,0.065,0.019,0.022,0.0218,61.56,61.76,61.94,62.4,1.13445,6.9075,7.1775,7.39,7.55,117223.4,1.7,30.7,6.82,22.61,4.35
2018-12-06,188.5110053549402,189.5079440879705,183.07318789277846,183.88885498046875,808536,39859.0,60127.21,0.006,0.005678,0.065,0.019,0.022,0.0218,60.06,60.33,60.55,61.1,1.13755,7.0,7.425,7.6375,7.7,113693.2,1.75,29.7,6.82,21.93,4.22
2018-12-07,185.3389101491391,189.7797880391726,184.79512297403681,186.6983642578125,617331,39859.0,60127.21,0.006,0.005678,0.065,0.019,0.022,0.0218,61.67,61.85,62.0,62.39,1.1378,6.8,7.307,7.525,7.65,115430.3,1.72,30.2,6.82,22.26,4.28
2018-12-10,187.1515350341797,190.14233714921093,186.607747802689,187.1515350341797,553515,39859.0,60127.21,0.006,0.005678,0.065,0.019,0.022,0.0218,59.97,60.1,60.24,60.62,1.1356,7.0525,7.463,7.6,7.75,115710.4,1.72,30.3,6.82,22.32,4.29
2018-12-11,188.5109835733293,190.23295337241387,187.87657437519724,188.2390899658203,540588,39859.0,60127.21,0.006,0.005678,0.065,0.019,0.022,0.0218,60.2,60.35,60.5,60.92,1.1316,7.125,7.3825,7.545,7.7275,116382.9,1.71,30.4,6.82,22.45,4.32
2018-12-12,189.96107343419152,191.9549368391078,189.68917982691124,189.8704376220703,568523,39859.0,60127.21,0.006,0.005678,0.065,0.019,0.022,0.0218,60.15,60.27,60.42,60.85,1.13685,6.905,7.3,7.5,7.705,117391.5,1.69,30.7,6.82,22.64,4.35
2018-12-13,190.50485691524355,192.0455689993687,187.42343274699323,187.6046905517578,761896,39859.0,60127.21,0.006,0.005678,0.065,0.019,0.022,0.0218,61.45,61.58,61.74,62.2,1.13635,6.347,7.052,7.3,7.5375,115990.6,1.71,30.3,6.82,22.37,4.3
2018-12-14,186.60776066159704,187.60469937833318,184.25138143062438,185.15768432617188,686736,39859.0,60127.21,0.006,0.005678,0.065,0.019,0.022,0.0218,60.28,60.4,60.56,61.11,1.13095,6.45,7.14,7.4,7.55,114477.8,1.74,29.9,6.82,22.08,4.25
2018-12-17,184.9764030224068,186.06396359313567,183.4356772323677,184.25135803222656,462495,39859.0,60127.21,0.006,0.005678,0.065,0.015,0.019,0.0191,59.61,59.66,59.8,60.42,1.13475,6.55,7.125,7.344,7.5625,113917.4,1.75,29.8,6.82,21.97,4.22
2018-12-18,184.16073062056446,184.61388203145614,182.8012763878894,183.5263214111328,553302,39859.0,60127.21,0.006,0.005678,0.065,0.015,0.019,0.0191,56.26,56.23,56.38,57.01,1.13615,6.725,7.162,7.3975,7.645,113469.1,1.75,29.7,6.82,21.88,4.21
2018-12-19,184.52326556017377,184.88578116808543,183.0731754703591,184.0701141357422,570463,39859.0,60127.21,0.006,0.005678,0.065,0.015,0.019,0.0191,57.24,57.45,57.63,58.25,1.1377,6.395,6.9975,7.3025,7.55,113805.3,1.75,29.8,6.82,21.95,4.22
2018-12-20,183.07316316655587,184.43261734848573,182.07622456817407,182.7106475830078,588414,39859.0,60127.21,0.006,0.005678,0.065,0.015,0.019,0.0191,54.35,54.65,54.89,55.63,1.1446,6.503,7.242,7.435,7.6425,112964.8,1.76,29.5,6.82,21.79,4.19
2018-12-21,182.16685208591906,182.80126124278985,179.493261748982,181.89495849609375,1223003,39859.0,60127.21,0.006,0.005678,0.065,0.015,0.019,0.0191,53.82,54.1,54.3,55.01,1.1369,6.725,7.117,7.3875,7.6,112460.5,1.77,29.4,6.82,21.69,4.17
2018-12-24,180.1729937896493,181.71370573580717,178.63228184349146,179.1307373046875,141658,39859.0,60127.21,0.006,0.005678,0.065,0.015,0.019,0.0191,53.82,54.1,54.3,55.01,1.13995,7.025,7.325,7.525,7.675,110751.4,1.8,29.0,6.82,21.36,4.11
2018-12-27,180.4901909151286,181.07929601242964,175.09769220538286,177.2728271484375,595549,39859.0,60127.21,0.006,0.005678,0.065,0.015,0.019,0.0191,52.16,52.73,52.99,53.79,1.14305,7.057,7.44,7.59,7.725,109602.8,1.81,28.7,6.82,21.14,4.06
2018-12-28,178.49631779414185,180.76207459231344,178.04316643450753,179.53857421875,399520,39859.0,60127.21,0.006,0.005678,0.065,0.015,0.019,0.0191,53.21,53.46,53.76,54.29,1.1438,7.33,7.44,7.5825,7.713,111003.6,1.79,29.0,6.82,21.41,4.12
2018-12-31,179.49325080843295,182.43873455566091,178.9947815623165,182.3480987548828,157403,39859.0,60127.21,0.006,0.005678,0.065,0.015,0.019,0.0191,53.8,54.02,54.31,54.88,1.14705,7.2675,7.3,7.475,7.65,112740.6,1.76,29.5,6.82,21.74,4.18
2019-01-02,180.3542535707935,181.89496553397365,178.63228381707742,180.89804077148438,449752,39859.0,60127.21,0.006,0.005678,0.065,0.015,0.019,0.0191,54.91,55.15,55.46,56.09,1.13435,7.3625,7.372,7.568,7.75,111844.1,1.78,29.2,6.82,19.26,3.79
2019-01-03,179.35734017875436,179.67455172857245,177.63537018310313,178.72293090820312,436527,39859.0,60127.21,0.006,0.005678,0.065,0.015,0.019,0.0191,55.95,56.14,56.42,56.99,1.1394,7.375,7.44,7.61,7.7625,110499.3,1.8,28.9,6.82,19.02,3.74
2019-01-04,179.76516500123776,182.3481196707068,178.58696860138792,181.26055908203125,477627,39859.0,60127.21,0.006,0.005678,0.065,0.015,0.019,0.0191,57.06,57.21,57.46,57.95,1.1395,6.79,7.02,7.213,7.4675,112068.3,1.77,29.3,6.82,19.29,3.79
2019-01-07,181.98559794321997,181.98559794321997,177.99785748052844,178.94947814941406,437987,39859.0,60127.21,0.006,0.005678,0.065,0.015,0.019,0.0191,57.33,57.55,57.83,58.37,1.14755,6.78,7.03,7.15,7.425,110639.4,1.8,28.9,6.82,19.05,3.75
2019-01-08,178.49633632296974,181.44182046634904,178.26976061963285,180.03704833984375,529607,39859.0,60127.21,0.006,0.005678,0.065,0.015,0.019,0.0191,58.72,58.89,59.14,59.6,1.1442,6.7425,6.9,7.15,7.425,111311.8,1.79,29.1,6.82,19.16,3.77
2019-01-09,180.5808385542706,181.03398996845948,176.7743694409007,178.58697509765625,596193,39859.0,60127.21,0.006,0.005678,0.065,0.015,0.019,0.0191,61.44,61.6,61.83,62.2,1.1543,7.0,6.975,7.15,7.4,110415.3,1.8,28.9,6.82,19.01,3.74
2019-01-10,177.54472662443823,179.5839080810547,176.7743774827226,179.5839080810547,442103,39859.0,60127.21,0.006,0.005678,0.065,0.015,0.019,0.0191,61.68,61.81,62.02,62.35,1.15,6.606,7.075,7.08,7.35,111031.6,1.79,29.0,6.82,19.12,3.76
2019-01-11,180.03704285117794,181.35119295373497,178.31507308994762,179.4026336669922,371388,39859.0,60127.21,0.006,0.005678,0.065,0.015,0.019,0.0191,60.48,60.63,60.85,61.14,1.1469,6.525,6.915,7.1,7.375,110919.5,1.79,29.0,6.82,19.1,3.76
2019-01-14,177.90723765973178,178.81354043555407,176.86498117008642,177.54470825195312,358856,39859.0,60127.21,0.006,0.005678,0.065,0.015,0.019,0.0191,58.99,59.18,59.44,59.78,1.14765,6.745,6.921,7.0625,7.35,109770.8,1.81,28.7,6.82,18.9,3.72
2019-01-15,178.3603973027826,179.49327582499402,176.32121596280203,178.45101928710938,374464,39859.0,60127.21,0.006,0.005678,0.065,0.014,0.014,0.0155,60.64,60.78,61.01,61.28,1.14165,6.9075,6.938,7.11,7.4,110331.2,1.8,28.9,6.82,18.99,3.74
2019-01-16,178.99480880756843,178.99480880756843,176.95562744140625,176.95562744140625,424382,39859.0,60127.21,0.006,0.005678,0.065,0.014,0.014,0.0155,61.32,61.34,61.51,61.72,1.13995,6.675,6.83,7.05,7.38,109406.6,1.82,28.6,6.82,18.84,3.7
2019-01-17,177.40876073970577,178.5416391607767,177.0009272739367,178.3150634765625,421672,39859.0,60127.21,0.006,0.005678,0.065,0.014,0.014,0.0155,61.18,61.16,61.32,61.48,1.13975,6.375,6.75,7.025,7.338,110247.1,1.8,28.8,6.82,18.98,3.73
2019-01-18,178.8588759322029,181.71372442520456,177.59004362380327,181.07931518554688,629103,39859.0,60127.21,0.006,0.005678,0.065,0.014,0.014,0.0155,62.7,62.59,62.68,62.74,1.1363,6.225,6.713,7.0,7.319,111956.2,1.78,29.3,6.82,19.27,3.79
2019-01-21,180.39958055356325,180.85273196724762,179.26670201935235,180.21832275390625,263644,39859.0,60127.21,0.006,0.005678,0.065,0.014,0.014,0.0155,62.7,62.59,62.68,62.74,1.1366,6.443,6.75,6.975,7.31,111423.9,1.79,29.1,6.82,19.18,3.77
2019-01-22,179.62920031453916,180.80739664243666,178.81353338011598,180.0823516845703,340270,39859.0,60127.21,0.006,0.005678,0.065,0.014,0.014,0.0155,61.5,61.38,61.52,61.69,1.1359,6.425,6.715,6.975,7.31,111339.8,1.79,29.1,6.82,19.17,3.77
2019-01-23,179.9917598951148,183.16382001733123,178.1338362005711,181.71372985839844,508359,39859.0,60127.21,0.006,0.005678,0.065,0.014,0.014,0.0155,61.14,61.03,61.17,61.36,1.1381,6.475,6.675,6.95,7.2625,112348.4,1.77,29.4,6.82,19.34,3.8
2019-01-24,181.4418280532964,181.71372167448652,179.81048015523982,180.8074188232422,457856,39859.0,60127.21,0.006,0.005678,0.065,0.014,0.014,0.0155,61.09,61.16,61.31,61.48,1.1306,6.31,6.73,6.956,7.25,111788.1,1.78,29.2,6.82,19.25,3.78
2019-01-25,181.71371599271654,182.89191242831149,180.49020165015958,181.80435180664062,448336,39859.0,60127.21,0.006,0.005678,0.065,0.014,0.014,0.0155,61.64,61.59,61.72,61.81,1.14145,6.037,6.525,6.8125,7.1,112404.4,1.77,29.4,6.82,19.35,3.81
2019-01-28,180.6261291727514,182.3480987548828,179.8557663533822,182.3480987548828,446579,39859.0,60127.21,0.006,0.005678,0.065,0.014,0.014,0.0155,59.93,59.81,59.91,59.99,1.14335,6.245,6.65,6.9125,7.09,112740.6,1.76,29.5,6.82,19.41,3.82
2019-01-29,183.07315192640922,187.42340780730865,182.07621338923647,186.60772705078125,539972,39859.0,60127.21,0.006,0.005678,0.065,0.014,0.014,0.0155,61.32,61.2,61.29,61.31,1.1432,6.255,6.65,6.85,7.125,115374.3,1.72,30.2,6.82,19.86,3.91
2019-01-30,187.24215411867425,188.96412381606052,187.1515183118297,188.69223022460938,531581,39859.0,60127.21,0.006,0.005678,0.065,0.014,0.014,0.0155,61.65,61.54,61.63,61.63,1.14785,6.1975,6.54,6.8,7.1,116663.0,1.71,30.5,6.82,20.08,3.95
2019-01-31,189.50791232941248,190.41421508789062,186.97026183985716,190.41421508789062,665967,39859.0,60127.21,0.006,0.005678,0.065,0.014,0.014,0.0155,60.84,60.93,61.02,60.89,1.1446,5.99,6.5,6.72,7.005,117727.7,1.69,30.8,6.82,20.27,3.99
2019-02-01,191.59239613905308,192.31744110608315,189.96106224958857,191.95492553710938,452185,39859.0,60127.21,0.006,0.005678,0.065,0.014,0.014,0.0155,62.75,62.79,62.85,62.67,1.1456,5.7475,6.335,6.6125,6.975,118680.3,1.68,31.0,6.82,20.43,4.02
2019-02-04,191.95492553710938,192.22681912838095,190.68609338753612,191.95492553710938,397348,39859.0,60127.21,0.006,0.005678,0.065,0.014,0.014,0.0155,62.51,62.58,62.66,62.49,1.14375,5.588,6.24,6.595,6.95,118680.3,1.68,31.0,6.82,20.43,4.02
2019-02-05,191.50179382434655,199.29598999023438,190.8673845989614,199.29598999023438,851196,39859.0,60127.21,0.006,0.005678,0.065,0.014,0.014,0.0155,61.98,62.07,62.16,62.05,1.14145,5.66,6.33,6.6125,7.025,123219.1,1.61,32.2,6.82,21.21,4.17
2019-02-06,196.8489532470703,198.66155873521845,196.1239082859946,196.8489532470703,534654,39859.0,60127.21,0.006,0.005678,0.065,0.014,0.014,0.0155,62.69,62.74,62.79,62.63,1.1362,5.7675,6.37,6.72,7.075,121706.1,1.63,31.8,6.82,20.95,4.12
2019-02-07,195.5801419237094,198.20841444378098,195.12699053548442,195.85203552246094,585357,39859.0,60127.21,0.006,0.005678,0.065,0.014,0.014,0.0155,61.63,61.63,61.66,61.48,1.1341,6.0,6.43,6.8,7.16,121089.8,1.78,31.0,6.96,20.85,4.1
2019-02-08,195.7614214440519,198.38969425587993,194.13007349953457,198.299072265625,859055,39859.0,60127.21,0.006,0.005678,0.065,0.014,0.014,0.0155,62.1,62.03,62.02,61.76,1.13305,6.015,6.435,6.865,7.275,122602.7,1.76,31.4,6.96,21.11,4.15
2019-02-11,197.66465166879024,201.56174275311514,197.66465166879024,200.47418212890625,604137,39859.0,60127.21,0.006,0.005678,0.065,0.014,0.014,0.0155,61.51,61.52,61.55,61.34,1.1276,6.175,6.5975,6.95,7.25,123947.4,1.74,31.8,6.96,21.34,4.2
2019-02-12,200.74608770085868,203.73688996741072,198.66158831331728,203.46499633789062,741627,39859.0,60127.21,0.006,0.005678,0.065,0.014,0.014,0.0155,62.42,62.4,62.39,62.11,1.13255,6.025,6.405,6.75,7.1,125796.6,1.71,32.3,6.96,21.66,4.26
2019-02-13,203.01183124573973,204.8244368818624,201.01796781182148,201.9242706298828,612710,39859.0,60127.21,0.006,0.005678,0.065,0.014,0.014,0.0155,63.61,63.58,63.53,63.18,1.12675,6.2,6.445,6.8,7.15,124844.1,1.73,32.0,6.96,21.49,4.23
2019-02-14,200.8366907330572,203.2837053410848,199.83975219726562,199.83975219726562,502512,39859.0,60127.21,0.006,0.005678,0.065,0.014,0.014,0.0155,64.57,64.52,64.41,64.0,1.13015,6.045,6.48,6.925,7.213,123555.3,1.75,31.7,6.96,21.27,4.18
2019-02-15,199.4772476328193,203.01182294714081,199.38661182308473,201.01795959472656,627913,39859.0,60127.21,0.006999999999999999,0.025208,0.063,0.015,0.016,0.0152,66.25,66.22,66.12,65.72,1.1295,6.035,6.43,6.895,7.21,124283.7,1.74,31.9,6.96,21.4,4.21
2019-02-18,200.74607398550273,203.82749803197638,200.74607398550273,203.646240234375,329962,39859.0,60127.21,0.006999999999999999,0.025208,0.063,0.015,0.016,0.0152,66.25,66.22,66.12,65.72,1.13105,6.225,6.53,6.8875,7.19,125908.7,1.71,32.3,6.96,21.68,4.26
2019-02-19,203.91813683829963,204.28065243882313,201.65237976231853,202.1961669921875,358026,39859.0,60127.21,0.006999999999999999,0.025208,0.063,0.015,0.016,0.0152,66.45,66.47,66.4,66.04,1.1341,6.12,6.432,6.713,7.075,125012.1,1.73,32.0,6.96,21.52,4.23
2019-02-20,202.0148745080345,203.37432861328125,201.38046535806913,203.37432861328125,309340,39859.0,60127.21,0.006999999999999999,0.025208,0.063,0.015,0.016,0.0152,67.08,67.13,67.05,66.65,1.1337,6.1275,6.355,6.675,7.05,125740.6,1.72,32.2,6.96,21.65,4.26
2019-02-21,203.73686767539252,205.4588374254684,203.374338266004,204.37127685546875,364498,39859.0,60127.21,0.006999999999999999,0.025208,0.063,0.015,0.016,0.0152,67.07,67.19,67.12,66.71,1.1336,6.18,6.33,6.625,7.0,126356.9,1.71,32.4,6.96,21.75,4.28
2019-02-22,204.6431677165078,204.73378969582993,202.7399263726672,204.00875854492188,405238,39859.0,60127.21,0.006999999999999999,0.025208,0.063,0.015,0.016,0.0152,67.12,67.25,67.18,66.77,1.13435,5.875,6.125,6.525,6.95,126132.8,1.71,32.3,6.96,21.72,4.27
2019-02-25,203.82749394442035,204.55253894936925,202.5586755575722,203.1024627685547,300787,39859.0,60127.21,0.006999999999999999,0.025208,0.063,0.015,0.016,0.0152,64.76,64.91,64.88,64.6,1.1359,5.6125,5.963,6.425,6.85,125572.5,1.72,32.2,6.96,21.62,4.25
2019-02-26,203.1024627685547,203.91812975594516,202.10552415811455,203.1024627685547,298602,39859.0,60127.21,0.006999999999999999,0.025208,0.063,0.015,0.016,0.0152,65.21,65.36,65.35,65.13,1.13875,5.59,5.875,6.356,6.85,125572.5,1.72,32.2,6.96,21.62,4.25
2019-02-27,202.10550763316928,202.10550763316928,198.38966092980553,199.6584930419922,569031,39859.0,60127.21,0.006999999999999999,0.025208,0.063,0.015,0.016,0.0152,66.39,66.58,66.57,66.29,1.13695,5.5525,5.93,6.4125,6.9,123443.2,1.75,31.6,6.96,21.25,4.18
2019-02-28,198.11780846123867,201.28986843495144,198.02717264464184,201.1085968017578,500769,39859.0,60127.21,0.006999999999999999,0.025208,0.063,0.015,0.016,0.0152,66.31,66.33,66.23,65.97,1.1371,5.4475,5.8875,6.4,6.9,124339.7,1.74,31.9,6.96,21.41,4.21
2019-03-01,203.91813816540173,203.91813816540173,200.564820436943,202.46804809570312,422982,39859.0,60127.21,0.006999999999999999,0.025208,0.063,0.015,0.016,0.0152,65.07,65.11,65.03,64.86,1.13765,5.525,5.838,6.338,6.8625,125180.3,1.72,32.1,6.96,21.55,4.24
2019-03-04,203.01180334346597,203.64621246309798,201.92424287708516,202.28675842285156,303016,39859.0,60127.21,0.006999999999999999,0.025208,0.063,0.015,0.016,0.0152,65.67,65.74,65.69,65.57,1.13395,5.755,5.93,6.425,6.9,125068.2,1.72,32.1,6.96,21.53,4.23
2019-03-05,202.7399043377033,205.54944814390402,202.10549523506867,205.0056610107422,368512,39859.0,60127.21,0.006999999999999999,0.025208,0.063,0.015,0.016,0.0152,65.86,65.92,65.86,65.7,1.1308,5.725,5.975,6.429,6.925,126749.2,1.7,32.5,6.96,21.82,4.29
2019-03-06,205.6400826723423,205.6400826723423,202.92117449864494,203.01181030273438,393885,39859.0,60127.21,0.006999999999999999,0.025208,0.063,0.015,0.016,0.0152,65.99,65.97,65.87,65.64,1.1307,5.9125,6.0625,6.4275,6.944,125516.4,1.72,32.2,6.96,21.61,4.25
2019-03-07,203.37432992169755,206.9089189155284,203.1024501621649,206.7276611328125,551157,39859.0,60127.21,0.006999999999999999,0.025208,0.063,0.015,0.016,0.0152,66.3,66.26,66.16,65.88,1.11935,6.1,6.338,6.65,7.1,127813.9,1.69,32.8,6.96,22.0,4.33
2019-03-08,205.91200372293147,208.3590186398595,205.73074591965604,207.6339874267578,472916,39859.0,60127.21,0.006999999999999999,0.025208,0.063,0.015,0.016,0.0152,65.74,65.66,65.56,65.31,1.12405,5.725,6.075,6.5,6.95,128374.2,1.68,32.9,6.96,22.1,4.35
2019-03-11,205.73071567344797,207.45268529502908,204.19000382849404,206.0026092529297,386456,39859.0,60127.21,0.006999999999999999,0.025208,0.063,0.015,0.016,0.0152,66.58,66.48,66.34,66.0,1.12495,5.775,5.938,6.4,6.85,127365.6,1.69,32.7,6.96,21.93,4.31
2019-03-12,206.4557993644905,207.36210224683762,204.0087843479702,206.90895080566406,310023,39859.0,60127.21,0.006999999999999999,0.025208,0.063,0.015,0.016,0.0152,66.67,66.58,66.43,66.09,1.1288,5.7,5.875,6.35,6.775,127925.9,1.69,32.8,6.96,22.02,4.33
2019-03-13,206.63704599435113,208.81216726265816,206.54641017938675,207.4527130126953,380011,39859.0,60127.21,0.006999999999999999,0.025208,0.063,0.015,0.016,0.0152,67.55,67.46,67.31,66.94,1.1327,5.6,5.8225,6.255,6.77,128262.1,1.68,32.9,6.96,22.08,4.34
2019-03-14,207.18084917864448,211.16857642061882,207.18084917864448,210.80606079101562,437334,39859.0,60127.21,0.006999999999999999,0.025208,0.063,0.015,0.016,0.0152,67.23,67.13,66.96,66.59,1.1304,5.307,5.7225,6.15,6.655,130335.4,1.66,33.4,6.96,22.44,4.41
2019-03-15,210.89665068001347,214.97501312309998,210.80602870095004,213.97808837890625,1206393,39859.0,60127.21,0.006999999999999999,0.025208,0.063,0.014,0.013,0.0186,67.16,67.04,66.86,66.44,1.13255,5.175,5.47,6.0125,6.5625,132296.6,1.63,33.9,6.96,22.78,4.48
2019-03-18,213.16241455078125,213.61556594813794,211.98421815183715,213.16241455078125,305897,39859.0,60127.21,0.006999999999999999,0.025208,0.063,0.014,0.013,0.0186,67.54,67.36,67.13,66.65,1.13365,5.1175,5.45,5.925,6.42,131792.3,1.64,33.8,6.96,22.69,4.46
2019-03-19,212.7092742919922,213.97810656848355,212.43738067352376,212.7092742919922,367079,39859.0,60127.21,0.006999999999999999,0.025208,0.063,0.014,0.013,0.0186,67.61,67.42,67.19,66.72,1.13515,5.17,5.463,5.925,6.431,131512.1,1.64,33.7,6.96,22.64,4.45
2019-03-20,213.25305036188584,215.0656559513127,212.79989896452915,213.16241455078125,486145,39859.0,60127.21,0.006999999999999999,0.025208,0.063,0.014,0.013,0.0186,68.5,68.27,68.0,67.44,1.14135,5.2725,5.5375,5.95,6.4,131792.3,1.64,33.8,6.96,22.69,4.46
2019-03-21,213.61556854850903,215.5188099722089,212.89052353809558,215.06565856933594,395251,39859.0,60127.21,0.006999999999999999,0.025208,0.063,0.014,0.013,0.0186,67.86,67.67,67.43,66.89,1.1375,5.775,6.0125,6.225,6.6,132969.0,1.62,34.1,6.96,22.89,4.5
2019-03-22,214.88440941065573,215.4281828185087,212.16550088413922,212.7092742919922,527129,39859.0,60127.21,0.006999999999999999,0.025208,0.063,0.014,0.013,0.0186,67.03,66.75,66.49,65.96,1.1314,5.62,5.875,6.175,6.5125,131512.1,1.64,33.7,6.96,22.64,4.45
2019-03-25,212.07486645472895,213.43432072687463,211.62171503068038,212.79991149902344,399983,39859.0,60127.21,0.006999999999999999,0.025208,0.063,0.014,0.013,0.0186,67.21,66.81,66.54,66.0,1.1313,5.695,5.938,6.193,6.5,131568.1,1.64,33.7,6.96,22.65,4.45
2019-03-26,213.434318885892,216.33448520897056,212.9811674657521,215.9719696044922,367588,39859.0,60127.21,0.006999999999999999,0.025208,0.063,0.014,0.013,0.0186,67.97,67.43,67.1,66.46,1.1266,5.7,5.925,6.2,6.55,133529.3,1.62,34.2,6.96,22.99,4.52
2019-03-27,216.0625762939453,216.51572768200234,214.15934876155563,216.0625762939453,376089,39859.0,60127.21,0.006999999999999999,0.025208,0.063,0.014,0.013,0.0186,67.83,67.24,66.87,66.22,1.12475,5.88,6.1,6.4,6.75,133585.4,1.61,34.2,6.96,23.0,4.52
2019-03-28,214.79376071584568,217.7845626815032,214.0687157197646,216.2438507080078,385436,39859.0,60127.21,0.006999999999999999,0.025208,0.063,0.014,0.013,0.0186,67.82,67.1,66.74,66.03,1.1222,5.85,6.245,6.55,6.85,133697.4,1.61,34.3,6.96,23.02,4.53
2019-03-29,217.05952728424802,217.60331451262698,215.70007304238425,217.3314208984375,480685,39859.0,60127.21,0.006999999999999999,0.025208,0.063,0.014,0.013,0.0186,67.58,67.21,66.94,66.33,1.1218,5.4025,5.8625,6.15,6.55,134369.8,1.61,34.4,6.96,23.13,4.55
2019-04-01,218.6908792220505,218.78150120908265,216.24386430684024,217.8751983642578,467724,39859.0,60127.21,0.006999999999999999,0.025208,0.063,0.014,0.013,0.0186,69.01,68.59,68.27,67.53,1.1213,5.275,5.577,5.995,6.44,134706.0,1.6,34.5,6.96,23.19,4.56
2019-04-02,217.7845626815032,218.69086546933374,215.97195710584205,216.2438507080078,404511,39859.0,60127.21,0.006999999999999999,0.025208,0.063,0.014,0.013,0.0186,69.37,68.93,68.6,67.78,1.1204,5.425,5.6875,6.05,6.48,133697.4,1.61,34.3,6.96,23.02,4.53
2019-04-03,218.32833312734795,218.32833312734795,215.246909221702,217.6939239501953,509507,39859.0,60127.21,0.006999999999999999,0.025208,0.063,0.014,0.013,0.0186,69.31,68.91,68.59,67.75,1.12345,5.3625,5.625,6.05,6.456,134593.9,1.6,34.5,6.96,23.17,4.56
2019-04-04,217.96582717401222,218.9627658029072,217.78456937669046,218.6908721923828,371378,39859.0,60127.21,0.006999999999999999,0.025208,0.063,0.014,0.013,0.0186,69.4,69.02,68.69,67.81,1.1221,5.255,5.64,6.0375,6.463,135210.3,1.6,34.7,6.96,23.28,4.58
2019-04-05,219.0533921049413,219.0533921049413,215.88133218749135,217.51268005371094,510312,39859.0,60127.21,0.006999999999999999,0.025208,0.063,0.014,0.013,0.0186,70.34,69.93,69.57,68.58,1.1216,4.89,5.4,5.85,6.375,134481.9,1.6,34.5,6.96,23.15,4.55
2019-04-08,218.05643947965044,218.6002128129943,216.78760737701742,217.7845458984375,291470,39859.0,60127.21,0.006999999999999999,0.025208,0.063,0.014,0.013,0.0186,71.1,70.61,70.21,69.14,1.1261,4.9675,5.3,5.8,6.35,134650.0,1.6,34.5,6.96,23.18,4.56
2019-04-09,217.1501644519216,218.60024068816276,216.33448360426993,217.51268005371094,379477,39859.0,60127.21,0.006999999999999999,0.025208,0.063,0.014,0.013,0.0186,70.61,70.16,69.78,68.77,1.12635,4.968,5.31,5.81,6.35,134481.9,1.6,34.5,6.96,23.15,4.55
2019-04-10,216.78762514373557,219.77842712402344,216.33447374760357,219.77842712402344,371481,39859.0,60127.21,0.006999999999999999,0.025208,0.063,0.014,0.013,0.0186,71.73,71.3,70.92,69.86,1.12735,4.75,5.225,5.73,6.3125,135882.8,1.59,34.8,6.96,23.39,4.6
2019-04-11,218.41896893654814,219.41590752141866,217.6939239501953,217.6939239501953,364869,39859.0,60127.21,0.006999999999999999,0.025208,0.063,0.014,0.013,0.0186,70.83,70.4,70.03,69.1,1.12525,4.3,4.895,5.43,6.005,134593.9,1.6,34.5,6.96,23.17,4.56
2019-04-12,217.3313945394433,218.6002128129943,216.06256243681028,217.7845458984375,370947,39859.0,60127.21,0.006999999999999999,0.025208,0.063,0.014,0.013,0.0186,71.55,71.06,70.65,69.66,1.13025,4.488,5.0125,5.4975,6.05,134650.0,1.6,34.5,6.96,23.18,4.56
2019-04-15,217.0595162829513,217.78456127434768,215.88131990056755,216.15321350097656,449165,39859.0,60127.21,0.006999999999999999,0.025208,0.063,0.017,0.015,0.02,71.18,70.74,70.36,69.49,1.13095,4.565,4.97,5.525,6.1125,133641.4,1.61,34.3,6.96,23.01,4.52
2019-04-16,216.6969854026678,218.05643947965044,215.24689552225348,217.7845458984375,456003,39859.0,60127.21,0.006999999999999999,0.025208,0.063,0.017,0.015,0.02,71.72,71.21,70.77,69.81,1.1281,4.475,4.925,5.45,6.05,134650.0,1.6,34.5,6.96,23.18,4.56
2019-04-17,219.86906429695895,221.31914047611463,214.97502089096508,219.95968627929688,765070,39859.0,60127.21,0.006999999999999999,0.025208,0.063,0.017,0.015,0.02,71.62,71.09,70.64,69.66,1.12965,4.5,4.995,5.49,6.105,135994.8,1.59,34.9,6.96,23.41,4.6
2019-04-18,220.9566290173966,222.76923464702404,216.87826635073498,220.412841796875,897095,39859.0,60127.21,0.006999999999999999,0.025208,0.063,0.017,0.015,0.02,71.97,71.43,70.96,69.89,1.1231,4.425,4.9025,5.43,6.0625,136275.0,1.58,34.9,6.96,23.46,4.61
2019-04-23,219.5971444136977,220.41281130254833,217.784539034846,220.3221893310547,534006,39859.0,60127.21,0.006999999999999999,0.025208,0.063,0.017,0.015,0.02,74.51,73.89,73.33,71.9,1.1227,4.825,5.088,5.575,6.15,136232.4,1.58,34.9,6.96,23.45,4.61
2019-04-24,220.14094801189339,222.044189453125,219.59717462088685,222.044189453125,425882,39859.0,60127.21,0.006999999999999999,0.025208,0.063,0.017,0.015,0.02,74.57,73.84,73.26,71.86,1.1154,5.713,5.7,6.05,6.4,137297.1,1.57,35.2,6.96,23.63,4.65
2019-04-25,222.04417842126693,222.58796561433988,220.68472426766732,220.86598205566406,488653,39859.0,60127.21,0.006999999999999999,0.025208,0.063,0.017,0.015,0.02,74.35,73.63,72.99,71.52,1.1132,5.525,5.838,6.08,6.45,136848.4,1.58,35.0,6.96,23.51,4.62
2019-04-26,220.91202220393635,222.75372314453125,220.08326240109386,222.75372314453125,485424,39859.0,60127.21,0.006999999999999999,0.025208,0.063,0.017,0.015,0.02,72.15,71.63,71.0,69.56,1.1149,5.282,5.5825,5.95,6.425,135837.9,1.59,34.8,6.96,23.34,4.59
2019-04-29,219.6228243347099,224.04290914411146,219.16239912646103,223.674560546875,439369,39859.0,60127.21,0.006999999999999999,0.025208,0.063,0.017,0.015,0.02,72.04,71.54,70.92,69.54,1.1186,5.375,5.6375,5.98,6.35,136399.4,1.59,34.9,6.96,23.43,4.61
2019-04-30,222.84581264847125,225.7925313278252,222.47747808270063,225.70045471191406,525486,39859.0,60127.21,0.006999999999999999,0.025208,0.063,0.017,0.015,0.02,72.06,71.45,70.91,69.64,1.12165,5.275,5.575,5.9,6.345,137634.9,1.57,35.2,6.96,23.64,4.65
2019-05-02,224.68751719170774,224.77960786016243,219.62283955009138,219.8070068359375,633402,39859.0,60127.21,0.006999999999999999,0.025208,0.063,0.017,0.015,0.02,70.75,70.02,69.43,68.07,1.11785,4.83,5.4275,5.77,6.2875,134040.9,1.61,34.3,6.96,23.03,4.53
2019-05-03,219.80701594178274,222.93791613512224,219.34659068256195,222.20123291015625,410016,39859.0,60127.21,0.006999999999999999,0.025208,0.063,0.017,0.015,0.02,70.85,70.03,69.37,67.98,1.1202,4.8125,5.3125,5.8,6.3,135501.0,1.6,34.7,6.96,23.28,4.58
2019-05-06,219.62284147476075,221.92496769567018,216.8602900096694,221.37245178222656,324300,39859.0,60127.21,0.006999999999999999,0.025208,0.063,0.017,0.015,0.02,71.24,70.37,69.68,68.27,1.11995,5.25,5.55,5.925,6.3875,134995.6,1.6,34.5,6.96,23.19,4.56
2019-05-07,220.9120164760588,222.38538281075805,217.4127960205078,217.4127960205078,460345,39859.0,60127.21,0.006999999999999999,0.025208,0.063,0.017,0.015,0.02,69.88,69.07,68.42,67.11,1.1191,5.32,5.575,5.925,6.3775,132580.9,1.63,33.9,6.96,22.78,4.48
2019-05-08,217.9653085199855,219.4386749267578,217.5048832742521,219.4386749267578,383068,39859.0,60127.21,0.006999999999999999,0.025208,0.063,0.017,0.015,0.02,70.37,69.62,69.02,67.81,1.11915,5.265,5.525,5.885,6.35,133816.3,1.62,34.2,6.96,22.99,4.52
2019-05-09,218.8861612344509,220.35952765618663,216.95238361336925,217.1365509033203,445025,39859.0,60127.21,0.006999999999999999,0.025208,0.063,0.017,0.015,0.02,70.39,69.48,68.79,67.43,1.12225,5.325,5.6,5.9075,6.3875,132412.4,1.63,33.9,6.96,22.75,4.47
2019-05-10,218.701998122195,219.07033270913314,216.2157045327028,216.39987182617188,393124,39859.0,60127.21,0.006999999999999999,0.025208,0.063,0.017,0.015,0.02,70.62,69.64,68.88,67.43,1.1235,4.975,5.275,5.7,6.25,131963.3,1.64,33.8,6.96,22.67,4.46
2019-05-13,217.22863140457022,218.4257398872395,214.65026119705337,217.04446411132812,436901,39859.0,60127.21,0.006999999999999999,0.025208,0.063,0.017,0.015,0.02,70.23,69.31,68.58,67.17,1.1224,5.213,5.39,5.8,6.35,132356.3,1.63,33.9,6.96,22.74,4.47
2019-05-14,218.97826279772673,218.97826279772673,215.84736250856193,218.51783752441406,363233,39859.0,60127.21,0.006999999999999999,0.025208,0.063,0.017,0.015,0.02,71.24,70.31,69.56,68.05,1.1204,5.05,5.325,5.7,6.27,133254.8,1.62,34.1,6.96,22.89,4.5
2019-05-15,218.05739869825862,220.7278594970703,217.04445753950196,220.7278594970703,491332,39859.0,60127.21,0.004,0.033827,0.06,0.012,0.011,0.0179,71.77,70.9,70.16,68.65,1.1202,5.025,5.35,5.75,6.3,134602.5,1.61,34.4,6.96,23.12,4.55
2019-05-16,221.00410695456287,225.14793395996094,219.53074062110738,225.14793395996094,514913,39859.0,60127.21,0.004,0.033827,0.06,0.012,0.011,0.0179,72.62,71.7,70.89,69.31,1.1174,4.925,5.3125,5.756,6.3,137297.9,1.57,35.1,6.96,23.59,4.64
2019-05-17,225.05586780428916,225.51629307725298,223.12209008847967,224.31919860839844,562316,39859.0,60127.21,0.004,0.033827,0.06,0.012,0.011,0.0179,72.21,71.26,70.44,68.91,1.1158,4.905,5.275,5.7,6.3,136792.5,1.58,35.0,6.96,23.5,4.62
2019-05-20,223.76666451786812,224.59542432158312,219.80700468120762,222.109130859375,510795,39859.0,60127.21,0.004,0.033827,0.06,0.012,0.011,0.0179,71.97,71.16,70.38,68.94,1.11705,5.125,5.2875,5.8,6.3,135444.8,1.6,34.7,6.96,23.27,4.58
2019-05-21,222.75373479058288,223.67458530902442,220.9120337536998,222.20123291015625,344708,39859.0,60127.21,0.004,0.033827,0.06,0.012,0.011,0.0179,72.18,71.31,70.51,69.06,1.11605,4.955,5.088,5.631,6.2,135501.0,1.6,34.7,6.96,23.28,4.58
2019-05-22,222.01704849479674,224.59541850673892,221.92495782962908,223.85874938964844,349865,39859.0,60127.21,0.004,0.033827,0.06,0.012,0.011,0.0179,70.99,69.99,69.13,67.63,1.11525,4.89,5.125,5.6075,6.2,136511.8,1.58,34.9,6.96,23.45,4.61
2019-05-23,222.75373064619205,223.76667181805726,221.00412031413063,222.9379119873047,479522,39859.0,60127.21,0.004,0.033827,0.06,0.012,0.011,0.0179,67.76,66.5,65.56,64.07,1.11805,5.11,5.32,5.75,6.275,135950.3,1.59,34.8,6.96,23.36,4.59
2019-05-24,223.67459346461158,224.779625367884,222.56957561240353,223.9508514404297,512941,39859.0,60127.21,0.004,0.033827,0.06,0.012,0.011,0.0179,68.69,67.47,66.52,65.03,1.12045,5.05,5.25,5.775,6.255,136567.9,1.58,34.9,6.96,23.46,4.61
2019-05-27,225.3321012388772,226.2529516845212,223.95082557041118,225.14793395996094,187495,39859.0,60127.21,0.004,0.033827,0.06,0.012,0.011,0.0179,68.69,67.47,66.52,65.03,1.11985,4.963,5.225,5.74,6.275,137297.9,1.57,35.1,6.96,23.59,4.64
2019-05-28,224.77959718118043,225.70044761772593,222.56954770283372,224.22708129882812,537212,39859.0,60127.21,0.004,0.033827,0.06,0.012,0.011,0.0179,70.11,68.67,67.73,66.3,1.11605,4.875,5.15,5.65,6.2,136736.4,1.58,35.0,6.96,23.49,4.62
2019-05-29,222.1091247712326,222.93789860329352,219.71492204220291,221.28036499023438,582499,39859.0,60127.21,0.004,0.033827,0.06,0.012,0.011,0.0179,69.45,67.87,66.98,65.68,1.1131,5.0,5.2,5.675,6.2,134939.4,1.6,34.5,6.96,23.18,4.56
2019-05-30,221.37244743908508,223.1220717632881,220.08326240109386,222.75372314453125,206393,39859.0,60127.21,0.004,0.033827,0.06,0.012,0.011,0.0179,66.87,65.33,64.53,63.42,1.11305,4.738,4.9925,5.5,6.125,135837.9,1.59,34.8,6.96,23.34,4.59
2019-05-31,221.37245178222656,222.201225652392,219.43867418730065,221.37245178222656,537408,39859.0,60127.21,0.004,0.033827,0.06,0.012,0.011,0.0179,61.99,61.16,60.67,59.97,1.1169,4.875,5.125,5.65,6.25,134995.6,1.6,34.5,6.96,23.19,4.56
2019-06-03,221.00410034937886,222.56954324997452,219.43865744878323,222.3853759765625,424531,39859.0,60127.21,0.004,0.033827,0.06,0.012,0.011,0.0179,61.28,60.46,59.99,59.43,1.1241,5.713,5.575,5.95,6.46,135613.3,1.59,34.7,6.96,23.3,4.58
2019-06-04,221.37246343932563,223.58251315841417,219.25451844541223,220.81996154785156,460361,39859.0,60127.21,0.004,0.033827,0.06,0.012,0.011,0.0179,61.97,61.08,60.51,59.78,1.1252,5.725,5.528,5.9,6.4175,134658.7,1.61,34.4,6.96,23.13,4.55
2019-06-05,220.45159936543135,223.0299835205078,219.62283955357898,223.0299835205078,363544,39859.0,60127.21,0.004,0.033827,0.06,0.012,0.011,0.0179,60.63,59.53,58.87,58.08,1.1221,5.865,5.63,5.975,6.41,136006.4,1.59,34.8,6.96,23.36,4.59
2019-06-06,223.76667181805726,225.33211486006962,222.75373064619205,222.9379119873047,386368,39859.0,60127.21,0.004,0.033827,0.06,0.012,0.011,0.0179,61.67,60.52,59.82,58.96,1.1276,5.65,5.6,5.8625,6.3,135950.3,1.59,34.8,6.96,23.36,4.59
2019-06-07,223.1220705983307,226.89754907620008,223.1220705983307,225.70045471191406,445486,39859.0,60127.21,0.004,0.033827,0.06,0.012,0.011,0.0179,63.29,62.18,61.5,60.62,1.1333,5.655,5.575,5.875,6.3,137634.9,1.57,35.2,6.96,23.64,4.65
2019-06-10,225.70044963127873,226.71337668987792,224.50334124287727,225.7925262451172,177975,39859.0,60127.21,0.004,0.033827,0.06,0.012,0.011,0.0179,62.29,61.34,60.79,60.12,1.13145,5.575,5.5,5.8,6.25,137691.0,1.57,35.2,6.96,23.65,4.65
2019-06-11,225.70046342136308,227.26590646289085,225.14794750032337,226.160888671875,341395,39859.0,60127.21,0.004,0.033827,0.06,0.012,0.011,0.0179,62.29,61.45,60.95,60.36,1.13315,5.525,5.425,5.8,6.213,137915.6,1.57,35.3,6.96,23.69,4.66
2019-06-12,225.70045402636626,228.73924931240126,224.96377084599962,227.6342315673828,434945,39859.0,60127.21,0.004,0.033827,0.06,0.012,0.011,0.0179,59.97,59.19,58.74,58.22,1.12895,5.415,5.45,5.785,6.2,138814.1,1.56,35.5,6.96,23.85,4.69
2019-06-13,227.08175121113516,228.37093636048635,226.62132593621482,227.81842041015625,421316,39859.0,60127.21,0.004,0.033827,0.06,0.012,0.011,0.0179,61.31,60.45,59.97,59.36,1.1277,5.025,5.2625,5.65,6.15,138926.4,1.56,35.5,6.96,23.87,4.69
2019-06-14,225.70044997112913,228.46300130957104,225.70044997112913,228.37091064453125,339463,39859.0,60127.21,0.004,0.033827,0.06,0.012,0.011,0.0179,62.01,61.01,60.47,59.7,1.1209,5.125,5.225,5.665,6.17,139263.4,1.55,35.6,6.96,23.92,4.7
2019-06-17,227.63424721541745,230.3967987933984,227.54217059345643,229.5680389404297,400811,39859.0,60127.21,0.004,0.033827,0.06,0.013,0.014,0.0165,60.94,59.99,59.53,58.91,1.1218,5.168,5.213,5.669,6.1375,139993.3,1.54,35.8,6.96,24.05,4.73
2019-06-18,229.56803376992843,235.36939476323866,229.01551784635083,232.88308715820312,546167,39859.0,60127.21,0.004,0.033827,0.06,0.013,0.014,0.0165,62.14,61.33,60.92,60.29,1.1193,5.15,5.3,5.675,6.155,142014.9,1.52,36.3,6.96,24.4,4.8
2019-06-19,233.34351696651427,234.0802001953125,231.31764862561707,234.0802001953125,473465,39859.0,60127.21,0.004,0.033827,0.06,0.013,0.014,0.0165,61.82,61.04,60.64,60.01,1.1226,4.775,5.247,5.6275,6.12,142744.9,1.51,36.5,6.96,24.52,4.82
2019-06-20,235.82980999869466,236.75066046483394,234.63270158250097,235.369384765625,472242,39859.0,60127.21,0.004,0.033827,0.06,0.013,0.014,0.0165,64.45,63.76,63.35,62.61,1.1292,4.975,5.488,5.8,6.15,143531.1,1.51,36.7,6.96,24.66,4.85
2019-06-21,234.8168816833032,236.93482663018392,233.98812183896413,235.0931396484375,1128103,39859.0,60127.21,0.004,0.033827,0.06,0.013,0.014,0.0165,65.2,64.45,64.0,63.18,1.1368,5.2,5.525,5.84,6.25,143362.6,1.51,36.7,6.96,24.63,4.84
2019-06-24,235.18521118164062,236.01397100805102,234.54061864431438,235.18521118164062,347578,39859.0,60127.21,0.004,0.033827,0.06,0.013,0.014,0.0165,64.86,64.18,63.81,63.15,1.1398,5.6375,5.787,5.98,6.3,143418.8,1.51,36.7,6.96,24.64,4.85
2019-06-25,235.18519245378502,236.4743774257794,233.98809814453125,233.98809814453125,348295,39859.0,60127.21,0.004,0.033827,0.06,0.013,0.014,0.0165,65.05,64.28,63.91,63.26,1.1367,5.765,5.78,5.9375,6.2875,142688.8,1.52,36.5,6.96,24.51,4.82
2019-06-26,233.89601782226563,234.08018510482646,230.02844868423603,230.21261596679688,482002,39859.0,60127.21,0.004,0.033827,0.06,0.013,0.014,0.0165,66.49,65.69,65.29,64.52,1.13695,5.55,5.642,5.84,6.21,140386.4,1.54,35.9,6.96,24.12,4.74
2019-06-27,230.21261153682585,230.94929470395624,226.71337703125354,228.37091064453125,430159,39859.0,60127.21,0.004,0.033827,0.06,0.013,0.014,0.0165,66.55,65.67,65.27,64.45,1.137,5.475,5.593,5.8,6.15,139263.4,1.55,35.6,6.96,23.92,4.7
2019-06-28,228.18675639045455,230.857217216287,227.54216385157054,230.6730499267578,619149,39029.0,61330.646,0.004,0.033827,0.06,0.013,0.014,0.0165,64.74,64.35,64.07,63.36,1.137,5.625,5.662,5.875,6.3,140667.2,1.54,36.0,6.96,24.17,4.75
2019-07-01,232.05433255039975,232.14642322342468,229.10761367743285,229.5680389404297,413240,39029.0,61330.646,0.004,0.033827,0.06,0.013,0.014,0.0165,65.06,64.76,64.53,63.88,1.12855,5.475,5.2475,5.55,6.05,139993.3,1.54,35.8,6.96,24.05,4.73
2019-07-02,230.58094415388905,233.89601135253906,230.0284423214891,233.89601135253906,412625,39029.0,61330.646,0.004,0.033827,0.06,0.013,0.014,0.0165,62.4,62.16,61.97,61.44,1.1285,5.25,5.088,5.4,5.95,142632.6,1.52,36.5,6.96,24.5,4.82
2019-07-03,234.81688739939977,237.39525766724776,233.5277022654758,236.56649780273438,353478,39029.0,61330.646,0.004,0.033827,0.06,0.013,0.014,0.0165,63.82,63.51,63.29,62.71,1.1278,5.153,5.075,5.3675,5.935,144261.1,1.5,36.9,6.96,24.78,4.87
2019-07-04,236.65858271611344,236.65858271611344,234.90897235536923,235.0931396484375,223867,39029.0,61330.646,0.004,0.033827,0.06,0.013,0.014,0.0165,63.82,63.51,63.29,62.71,1.1285,5.125,5.09,5.375,5.95,143362.6,1.51,36.7,6.96,24.63,4.84
2019-07-05,234.63270520337895,235.18520706095097,231.96223037972615,232.69891357421875,324840,39029.0,61330.646,0.004,0.033827,0.06,0.013,0.014,0.0165,64.23,63.84,63.54,62.83,1.1226,4.975,4.97,5.34,5.95,141902.6,1.52,36.3,6.96,24.38,4.79
2019-07-08,233.1593482082125,234.63271465655856,232.69892294948733,234.44854736328125,247502,39029.0,61330.646,0.004,0.033827,0.06,0.013,0.014,0.0165,64.11,63.82,63.54,62.88,1.12145,4.975,4.9575,5.325,5.95,142969.6,1.51,36.6,6.96,24.56,4.83
2019-07-09,234.6327227185663,235.46148259232237,233.1593562195952,233.61978149414062,349832,39029.0,61330.646,0.004,0.033827,0.06,0.013,0.014,0.0165,64.16,63.93,63.68,63.07,1.1208,4.905,4.9375,5.25,5.875,142464.1,1.52,36.4,6.96,24.47,4.81
2019-07-10,233.52768574282263,234.63270350101251,230.76513432181636,233.71185302734375,373064,39029.0,61330.646,0.004,0.033827,0.06,0.013,0.014,0.0165,67.01,66.69,66.37,65.55,1.1251,4.875,4.91,5.205,5.8125,142520.3,1.52,36.5,6.96,24.48,4.81
2019-07-11,233.43560751407372,234.63271600384584,231.1334812072288,231.50181579589844,326089,39029.0,61330.646,0.004,0.033827,0.06,0.013,0.014,0.0165,66.52,66.22,65.9,65.07,1.1254,4.79,5.0125,5.245,5.85,141172.6,1.53,36.1,6.96,24.25,4.77
2019-07-12,231.04138666308054,231.87016055029568,230.3047174980853,231.59390258789062,277092,39029.0,61330.646,0.004,0.033827,0.06,0.013,0.014,0.0165,66.72,66.34,65.98,65.09,1.1271,4.806,4.925,5.275,5.85,141228.8,1.53,36.1,6.96,24.26,4.77
2019-07-15,231.22556584640898,233.15934346306105,229.38386484898976,230.6730499267578,285649,39029.0,61330.646,0.004,0.033827,0.06,0.01,0.013,0.0181,66.48,65.92,65.48,64.49,1.1258,4.925,4.93,5.3,5.85,140667.2,1.54,36.0,6.96,24.17,4.75
2019-07-16,230.580955139228,232.79100472730673,229.75219532561303,231.40972900390625,348774,39029.0,61330.646,0.004,0.033827,0.06,0.01,0.013,0.0181,64.35,63.84,63.42,62.5,1.1211,4.963,5.025,5.325,5.875,141116.4,1.53,36.1,6.96,24.24,4.77
2019-07-17,231.8701413971298,233.61975159606598,230.76512368985104,231.68597412109375,272694,39029.0,61330.646,0.004,0.033827,0.06,0.01,0.013,0.0181,63.66,63.19,62.8,61.95,1.1224,4.9,5.0225,5.307,5.86,141284.9,1.53,36.1,6.96,24.27,4.77
2019-07-18,230.76513671875,232.1464124436003,229.3838609938997,230.76513671875,436837,39029.0,61330.646,0.004,0.033827,0.06,0.01,0.013,0.0181,61.93,61.59,61.31,60.66,1.1277,5.1625,5.155,5.425,5.95,140723.4,1.54,36.0,6.96,24.18,4.75
2019-07-19,231.6859778710866,232.69890493121102,228.0946527004745,228.37091064453125,409543,39029.0,61330.646,0.004,0.033827,0.06,0.01,0.013,0.0181,62.47,62.28,62.03,61.42,1.1222,5.125,5.175,5.4075,5.915,139263.4,1.55,35.6,6.96,23.92,4.7
2019-07-22,228.64716025878445,230.76511901797682,228.18673505248447,230.48886108398438,341394,39029.0,61330.646,0.004,0.033827,0.06,0.01,0.013,0.0181,63.26,63.03,62.72,61.96,1.121,5.175,5.1875,5.35,5.85,140554.9,1.54,36.0,6.96,24.15,4.75
2019-07-23,230.94928629028436,231.87013670288434,230.12051248830707,230.48886108398438,421923,39029.0,61330.646,0.004,0.033827,0.06,0.01,0.013,0.0181,63.83,63.75,63.43,62.57,1.1153,5.453,5.4,5.525,5.955,140554.9,1.54,36.0,6.96,24.15,4.75
2019-07-24,230.0284535287713,230.94930401203214,227.5421600341797,227.5421600341797,397273,39029.0,61330.646,0.004,0.033827,0.06,0.01,0.013,0.0181,63.18,63.08,62.74,61.92,1.1141,5.695,5.59,5.682,6.05,138757.9,1.56,35.5,6.96,23.84,4.69
2019-07-25,228.37091064453125,231.31762926199008,226.52920975223662,228.37091064453125,584688,39029.0,61330.646,0.004,0.033827,0.06,0.01,0.013,0.0181,63.39,63.26,62.88,61.98,1.1147,4.963,5.4125,5.55,5.95,139263.4,1.55,35.6,6.96,23.92,4.7
2019-07-26,229.6601092658185,230.30471585719206,227.91049893482506,229.3838653564453,379843,39029.0,61330.646,0.004,0.033827,0.06,0.01,0.013,0.0181,63.46,63.37,62.95,62.03,1.1127,4.85,5.22,5.44,5.89,139881.0,1.55,35.8,6.96,24.03,4.73
2019-07-29,228.64717132958745,232.7909983869261,228.55508066344368,231.22555541992188,362248,39029.0,61330.646,0.004,0.033827,0.06,0.01,0.013,0.0181,63.71,63.62,63.2,62.24,1.11445,5.125,5.55,5.65,6.025,141004.1,1.53,36.1,6.96,24.22,4.76
2019-07-30,232.05433855984904,232.05433855984904,227.63425311040098,227.81842041015625,450036,39029.0,61330.646,0.004,0.033827,0.06,0.01,0.013,0.0181,64.72,64.63,64.18,63.11,1.1155,4.935,5.4875,5.6475,5.985,138926.4,1.56,35.1,7.05,23.87,4.69
2019-07-31,222.84580993652344,223.21414449781156,216.67611470303888,222.84580993652344,1023784,39029.0,61330.646,0.004,0.033827,0.06,0.01,0.013,0.0181,65.05,64.55,64.08,63.22,1.10755,4.875,5.6375,5.725,6.05,135894.1,1.59,34.3,7.05,23.35,4.59
2019-08-01,220.54368152019362,225.88461691001834,220.26742357655286,225.7925262451172,474139,39029.0,61330.646,0.004,0.033827,0.06,0.01,0.013,0.0181,60.5,59.96,59.49,58.78,1.1085,5.125,5.945,5.9,6.15,137691.0,1.57,34.8,7.05,23.65,4.65
2019-08-02,221.00411820320826,224.41126221529504,218.70199197192485,218.79408264160156,796698,39029.0,61330.646,0.004,0.033827,0.06,0.01,0.013,0.0181,61.89,61.32,60.8,60.14,1.1109,5.175,6.05,6.038,6.3,133423.3,1.62,33.7,7.05,22.92,4.51
2019-08-05,217.3207138356931,218.33365498670852,212.07186889648438,212.07186889648438,784535,39029.0,61330.646,0.004,0.033827,0.06,0.01,0.013,0.0181,59.81,59.35,58.93,58.47,1.12025,5.75,6.4825,6.425,6.625,129323.9,1.67,32.7,7.05,22.22,4.37
2019-08-06,211.42727442407883,213.3610519885963,209.95390804543996,210.5064239501953,739891,39029.0,61330.646,0.004,0.033827,0.06,0.01,0.013,0.0181,58.94,58.53,58.14,57.76,1.12,5.205,6.2,6.1,6.325,128369.4,1.68,32.4,7.05,22.05,4.34
2019-08-07,211.70350927765415,215.29483440295243,210.8747495070036,214.5581512451172,596317,39029.0,61330.646,0.004,0.033827,0.06,0.01,0.013,0.0181,56.23,55.93,55.63,55.35,1.1199,5.628,6.475,6.337,6.4875,130840.1,1.65,33.1,7.05,22.48,4.42
2019-08-08,217.13654630212113,219.16241455078125,216.39986310686385,219.16241455078125,747215,39029.0,61330.646,0.004,0.033827,0.06,0.01,0.013,0.0181,57.38,57.04,56.67,56.21,1.118,5.318,6.3625,6.212,6.413,133647.9,1.62,33.8,7.05,22.96,4.52
2019-08-09,219.16241653320964,219.99117635345607,214.2819061279297,214.2819061279297,539084,39029.0,61330.646,0.004,0.033827,0.06,0.01,0.013,0.0181,58.53,58.19,57.81,57.28,1.12,5.425,6.55,6.35,6.525,130671.7,1.65,33.0,7.05,22.45,4.41
2019-08-12,215.75527058016243,216.86028834751676,213.17688642229353,215.93943786621094,484370,39029.0,61330.646,0.004,0.033827,0.06,0.01,0.013,0.0181,58.57,58.3,57.93,57.39,1.1214,6.075,6.825,6.55,6.625,131682.5,1.64,33.3,7.05,22.62,4.45
2019-08-13,215.29485843527556,216.21570897259403,211.42728898875072,215.0186004638672,580017,39029.0,61330.646,0.004,0.033827,0.06,0.01,0.013,0.0181,61.3,60.92,60.48,59.83,1.11705,5.695,6.435,6.345,6.4375,131120.9,1.65,33.1,7.05,22.53,4.43
2019-08-14,215.93944724457845,216.21570521118085,210.8747693774348,211.88771057128906,573710,39029.0,61330.646,0.004,0.033827,0.06,0.01,0.013,0.0181,59.48,59.07,58.64,58.04,1.1139,5.825,6.575,6.442,6.575,129211.6,1.67,32.6,7.05,22.2,4.37
2019-08-15,212.62437075525918,213.36105395135556,208.48054358466334,212.07186889648438,561861,39029.0,61330.646,0.002,0.047628,0.059,0.01,0.013,0.0175,58.23,57.79,57.34,56.75,1.1107,6.087,6.825,6.625,6.8,129323.9,1.67,32.7,7.05,22.22,4.37
2019-08-16,212.99271073115906,214.83441162109375,212.16393690005083,214.83441162109375,580119,39029.0,61330.646,0.002,0.047628,0.059,0.01,0.013,0.0175,58.64,58.16,57.67,56.99,1.109,5.775,6.6,6.55,6.725,131008.6,1.65,33.1,7.05,22.51,4.43
2019-08-19,215.75527320609476,219.34658450647152,214.92649933219468,218.79408264160156,617133,39029.0,61330.646,0.002,0.047628,0.059,0.01,0.013,0.0175,59.74,59.22,58.7,57.95,1.1078,6.1,6.5,6.3825,6.585,133423.3,1.62,33.7,7.05,22.92,4.51
2019-08-20,218.14949694561966,220.17537946399491,216.76822107458096,217.68907165527344,480572,39029.0,61330.646,0.002,0.047628,0.059,0.01,0.013,0.0175,60.03,59.58,59.08,58.3,1.11005,6.05,6.41,6.37,6.595,132749.4,1.63,33.5,7.05,22.81,4.48
2019-08-21,218.24155168780177,222.38537861858282,218.24155168780177,222.0170440673828,398592,39029.0,61330.646,0.002,0.047628,0.059,0.01,0.013,0.0175,60.3,59.86,59.33,58.5,1.1085,5.775,6.338,6.3,6.5,135388.7,1.6,34.2,7.05,23.26,4.57
2019-08-22,222.1091354806395,222.1091354806395,218.79408214574244,220.08326721191406,436431,39029.0,61330.646,0.002,0.047628,0.059,0.01,0.013,0.0175,59.92,59.5,58.95,58.12,1.10795,5.6975,6.255,6.25,6.55,134209.4,1.61,33.9,7.05,23.06,4.53
2019-08-23,220.3595146388436,222.29329214569083,217.4127960205078,217.4127960205078,395848,39029.0,61330.646,0.002,0.047628,0.059,0.01,0.013,0.0175,59.34,58.8,58.16,57.31,1.11445,6.163,6.525,6.4775,6.7,132580.9,1.63,33.5,7.05,22.78,4.48
2019-08-26,217.32070328562776,220.26742187589832,215.01857719150036,219.7149200439453,365411,39029.0,61330.646,0.002,0.047628,0.059,0.01,0.013,0.0175,58.7,58.12,57.48,56.64,1.1102,6.025,6.3575,6.35,6.6025,133984.8,1.61,33.8,7.05,23.02,4.53
2019-08-27,219.438681489128,224.7796173095703,217.68905707238,224.7796173095703,656876,39029.0,61330.646,0.002,0.047628,0.059,0.01,0.013,0.0175,59.51,59.03,58.4,57.56,1.10905,5.525,5.975,6.05,6.4,137073.3,1.58,34.6,7.05,23.55,4.63
2019-08-28,224.3191723257601,227.54214885888274,223.49039850089102,226.8054656982422,712753,39029.0,61330.646,0.002,0.047628,0.059,0.01,0.013,0.0175,60.49,59.93,59.23,58.28,1.10775,5.47,5.925,6.038,6.4,138308.7,1.56,34.9,7.05,23.76,4.67
2019-08-29,226.25297142642697,230.8572240563952,225.9767134584161,229.5680389404297,611685,39029.0,61330.646,0.002,0.047628,0.059,0.01,0.013,0.0175,61.08,60.49,59.78,58.78,1.1057,5.525,6.075,6.138,6.45,139993.3,1.54,35.4,7.05,24.05,4.73
2019-08-30,228.37090027467048,231.22554214852866,226.52919946600377,228.9234161376953,664269,39029.0,61330.646,0.002,0.047628,0.059,0.01,0.013,0.0175,59.25,58.46,57.92,57.24,1.0991,5.825,6.175,6.2,6.55,139600.3,1.55,35.3,7.05,23.98,4.72
2019-09-02,228.0025738107211,232.60682599550088,227.5421485922431,231.317626953125,350593,39029.0,61330.646,0.002,0.047628,0.059,0.01,0.013,0.0175,59.25,58.46,57.92,57.24,1.0968,6.148,6.2875,6.317,6.6,141060.3,1.53,35.6,7.05,24.23,4.77
2019-09-03,230.488884275182,232.88308715820312,229.4759430989776,232.88308715820312,421866,39029.0,61330.646,0.002,0.047628,0.059,0.01,0.013,0.0175,58.26,57.47,56.94,56.32,1.0974,6.3,6.375,6.35,6.575,142014.9,1.52,35.9,7.05,24.4,4.8
2019-09-04,233.98811316111156,235.18520754719086,233.15933929644518,234.63270568847656,398761,39029.0,61330.646,0.002,0.047628,0.059,0.01,0.013,0.0175,60.7,59.83,59.27,58.57,1.10345,5.85,5.963,6.0,6.288,143081.9,1.51,36.1,7.05,24.58,4.83
2019-09-05,234.81688357336864,235.36939950808448,230.8572235107422,230.8572235107422,612614,39029.0,61330.646,0.002,0.047628,0.059,0.01,0.013,0.0175,52.0,60.04,59.46,58.72,1.1035,5.5125,5.6875,5.825,6.1125,140779.5,1.54,35.6,7.05,24.18,4.76
2019-09-06,230.58094379334773,233.71184370963553,230.39677651616904,231.317626953125,523776,39029.0,61330.646,0.002,0.047628,0.059,0.01,0.013,0.0175,61.54,60.57,59.94,59.07,1.1029,5.3,5.5,5.7,6.05,141060.3,1.53,35.6,7.05,24.23,4.77
2019-09-09,231.31764931939205,232.2384998453857,229.10761367743285,229.5680389404297,385359,39029.0,61330.646,0.002,0.047628,0.059,0.01,0.013,0.0175,62.59,61.63,61.01,60.02,1.1048,5.4875,5.5375,5.7,6.1,139993.3,1.54,35.4,7.05,24.05,4.73
2019-09-10,229.56803047554666,230.39679029795644,227.26590424544904,228.4630126953125,593469,39029.0,61330.646,0.002,0.047628,0.059,0.01,0.013,0.0175,62.38,61.44,60.84,59.91,1.10435,5.6625,5.6,5.7375,6.075,139319.5,1.55,35.2,7.05,23.93,4.71
2019-09-11,229.1996794192066,229.5680280427568,226.34505135477482,228.18675231933594,625069,39029.0,61330.646,0.002,0.047628,0.059,0.01,0.013,0.0175,60.81,59.94,59.38,58.6,1.101,5.9375,5.838,5.837,6.1,139151.1,1.55,35.2,7.05,23.9,4.7
2019-09-12,229.10760714187623,231.04138476066132,227.26590614242556,230.02845764160156,662881,39029.0,61330.646,0.002,0.047628,0.059,0.01,0.013,0.0175,60.38,59.46,58.87,58.07,1.1063,5.4375,5.6875,5.7,6.05,140274.1,1.54,35.4,7.05,24.1,4.74
2019-09-13,230.02846368658922,230.02846368658922,224.50336054304137,225.0558624267578,676382,39029.0,61330.646,0.002,0.047628,0.059,0.01,0.013,0.0175,60.22,59.25,58.61,57.68,1.1075,5.15,5.6,5.65,5.95,137241.8,1.58,34.7,7.05,23.58,4.64
2019-09-16,224.41126435876075,226.34505603193483,222.9379119873047,222.9379119873047,383309,39029.0,61330.646,0.002,0.047628,0.059,0.008,0.011,0.0171,69.02,67.68,66.55,64.07,1.1002,5.175,5.525,5.5625,5.89,135950.3,1.59,34.3,7.05,23.36,4.59
2019-09-17,222.7537341371432,226.71339416503906,222.29330887927307,226.71339416503906,350523,39029.0,61330.646,0.002,0.047628,0.059,0.008,0.011,0.0171,64.55,63.56,62.7,61.11,1.1073,5.287,5.575,5.6,5.925,138252.6,1.56,34.9,7.05,23.75,4.67
2019-09-18,227.17381528228793,228.1867564515652,225.97670682343215,227.4500732421875,384010,39029.0,61330.646,0.002,0.047628,0.059,0.008,0.011,0.0171,63.6,62.66,61.8,60.32,1.103,4.9,5.55,5.6,5.925,138701.8,1.56,35.0,7.05,23.83,4.69
2019-09-19,227.5421663266316,229.56803463561613,226.71339243813992,227.72633361816406,533859,39029.0,61330.646,0.002,0.047628,0.059,0.008,0.011,0.0171,64.4,63.33,62.39,60.81,1.1041,4.75,5.425,5.55,5.85,138870.3,1.56,35.1,7.05,23.86,4.69
2019-09-20,227.63424482485877,229.38386923651095,225.24004191305696,229.29177856445312,1093379,39029.0,61330.646,0.002,0.047628,0.059,0.008,0.011,0.0171,64.28,63.2,62.2,60.62,1.1018,4.9,5.5,5.6,5.925,139824.9,1.55,35.3,7.05,24.02,4.72
2019-09-23,227.4500581946542,229.01550112910124,226.8054656982422,226.8054656982422,429254,39029.0,61330.646,0.002,0.047628,0.059,0.008,0.011,0.0171,64.77,63.73,62.69,61.06,1.0993,5.375,5.675,5.713,6.0,138308.7,1.56,34.9,7.05,23.76,4.67
2019-09-24,227.26591913452273,229.8443034913647,226.43714520675334,229.1076202392578,384797,39029.0,61330.646,0.002,0.047628,0.059,0.008,0.011,0.0171,63.1,62.12,61.16,59.68,1.102,5.35,5.575,5.65,5.975,139712.6,1.55,35.3,7.05,24.0,4.72
2019-09-25,228.83133385170675,229.3838497349528,226.52920775661914,226.8054656982422,437859,39029.0,61330.646,0.002,0.047628,0.059,0.008,0.011,0.0171,62.39,61.43,60.53,59.07,1.0943,5.4875,5.6375,5.775,6.025,138308.7,1.56,34.9,7.05,23.76,4.67
2019-09-26,226.16087790539686,231.96222454482066,225.4241947294352,231.22555541992188,415576,39029.0,61330.646,0.002,0.047628,0.059,0.008,0.011,0.0171,62.74,61.74,60.86,59.31,1.0922,5.55,5.713,5.875,6.075,141004.1,1.53,35.6,7.05,24.22,4.76
2019-09-27,231.77806285460872,233.71185448177266,231.50180490057625,233.343505859375,366963,39029.0,61330.646,0.002,0.047628,0.059,0.008,0.011,0.0171,61.91,61.04,60.19,58.7,1.0939,5.55,5.675,5.837,6.1,142295.7,1.52,35.9,7.05,24.45,4.81
2019-09-30,232.88309564744966,237.02692307214497,232.33059375479544,236.56649780273438,547034,39029.0,61330.646,0.002,0.047628,0.059,0.008,0.011,0.0171,59.25,58.48,57.94,57.03,1.09,5.8,5.6625,5.85,6.1,144261.1,1.5,36.4,7.05,24.78,4.87
2019-10-01,237.3952500785651,238.40819125931392,229.75220209152175,230.30471801757812,632883,39029.0,61330.646,0.002,0.047628,0.059,0.008,0.011,0.0171,58.89,58.17,57.68,56.91,1.0932,5.887,5.65,5.825,6.075,140442.6,1.54,35.5,7.05,24.13,4.74
2019-10-02,230.76512992754866,231.13346448957702,220.45159357800011,221.55662536621094,780401,39029.0,61330.646,0.002,0.047628,0.059,0.008,0.011,0.0171,57.69,57.04,56.6,56.01,1.0959,5.775,5.625,5.8,6.025,135107.9,1.6,34.1,7.05,23.21,4.56
2019-10-03,221.92494915099874,224.41124245160663,221.28035667322072,223.3983154296875,524188,39029.0,61330.646,0.002,0.047628,0.059,0.008,0.011,0.0171,57.71,57.06,56.57,55.82,1.0966,5.788,5.625,5.825,6.075,136231.0,1.59,34.4,7.05,23.4,4.6
2019-10-04,224.77959512922595,226.89753987309638,223.398319487017,226.52920532226562,478134,39029.0,61330.646,0.002,0.047628,0.059,0.008,0.011,0.0171,58.37,57.74,57.23,56.44,1.0978,5.463,5.45,5.7,6.0,138140.3,1.57,34.9,7.05,23.73,4.67
2019-10-07,227.1738022543272,228.37091064453125,226.06878452916297,228.37091064453125,285778,39029.0,61330.646,0.002,0.047628,0.059,0.008,0.011,0.0171,58.35,57.82,57.32,56.54,1.0971,5.4375,5.339,5.6,5.95,139263.4,1.55,35.2,7.05,23.92,4.7
2019-10-08,228.55508395658669,229.1996764756922,225.24003069358847,225.97669982910156,378469,39029.0,61330.646,0.002,0.047628,0.059,0.008,0.011,0.0171,58.24,57.76,57.29,56.56,1.0956,5.4,5.2875,5.625,6.013,137803.3,1.57,34.8,7.05,23.67,4.66
2019-10-09,226.3450602506779,230.85722217076614,225.79254431916908,228.00259399414062,333495,39029.0,61330.646,0.002,0.047628,0.059,0.008,0.011,0.0171,58.32,57.84,57.33,56.58,1.0971,5.225,5.1875,5.5,5.925,139038.8,1.55,35.1,7.05,23.89,4.7
2019-10-10,228.55508909988598,228.92343772699476,223.39833477993358,225.88462829589844,513066,39029.0,61330.646,0.002,0.047628,0.059,0.008,0.011,0.0171,59.1,58.65,58.14,57.33,1.1006,5.375,5.27,5.605,6.005,137747.2,1.57,34.8,7.05,23.66,4.65
2019-10-11,225.88464322009204,226.62132647191888,222.01707371183164,223.9508514404297,685946,39029.0,61330.646,0.002,0.047628,0.059,0.008,0.011,0.0171,60.51,60.12,59.6,58.71,1.1042,5.463,5.3,5.6,5.975,136567.9,1.58,34.5,7.05,23.46,4.61
2019-10-14,223.49041575313663,224.50335693359375,223.02999049857678,224.50335693359375,363612,39029.0,61330.646,0.002,0.047628,0.059,0.008,0.011,0.0171,59.35,59.12,58.72,57.98,1.1029,5.375,5.225,5.525,5.925,136904.8,1.58,34.6,7.05,23.52,4.63
2019-10-15,225.4241894658202,226.5292071784293,223.21413998953946,224.87167358398438,497215,39029.0,61330.646,0.002,0.047628,0.059,0.006999999999999999,0.009000000000000001,0.0176,58.74,58.54,58.11,57.31,1.1033,5.4875,5.25,5.525,5.95,137129.4,1.58,34.6,7.05,23.56,4.63
2019-10-16,225.97669982910156,228.27882600523773,225.0558493586471,225.97669982910156,448425,39029.0,61330.646,0.002,0.047628,0.059,0.006999999999999999,0.009000000000000001,0.0176,59.42,59.16,58.68,57.81,1.1072,5.4,5.2,5.462,5.85,137803.3,1.57,34.8,7.05,23.67,4.66
2019-10-17,225.14792764973114,226.98962848940175,224.04290995614124,224.96376037597656,437193,39029.0,61330.646,0.002,0.047628,0.059,0.006999999999999999,0.009000000000000001,0.0176,59.91,59.46,58.87,57.84,1.1124,5.45,5.2,5.45,5.85,137185.6,1.58,34.7,7.05,23.57,4.63
2019-10-18,224.87167342198862,224.96376408591576,220.54367918760101,221.64869689941406,639487,39029.0,61330.646,0.002,0.047628,0.059,0.006999999999999999,0.009000000000000001,0.0176,59.42,59.09,58.53,57.52,1.1171,5.625,5.275,5.5,5.8625,135164.1,1.6,34.1,7.05,23.22,4.57
2019-10-21,221.4645343846027,221.55662505051,218.51781573938604,218.97824096679688,483915,39029.0,61330.646,0.002,0.047628,0.059,0.006999999999999999,0.009000000000000001,0.0176,58.96,58.68,58.2,57.3,1.1149,5.463,5.175,5.425,5.8,133535.6,1.62,33.7,7.05,22.94,4.51
2019-10-22,218.60989191157415,220.7278507635879,216.8602816713809,220.26742553710938,475452,39029.0,61330.646,0.002,0.047628,0.059,0.006999999999999999,0.009000000000000001,0.0176,59.7,59.44,58.93,57.91,1.1125,5.325,5.15,5.4,5.775,134321.8,1.61,33.9,7.05,23.08,4.54
2019-10-23,218.97823040139534,220.1753387451172,217.32069685247757,220.1753387451172,458163,39029.0,61330.646,0.002,0.047628,0.059,0.006999999999999999,0.009000000000000001,0.0176,61.17,60.87,60.34,59.18,1.11305,5.175,5.15,5.4,5.75,134265.6,1.61,33.9,7.05,23.07,4.54
2019-10-24,221.1882801552382,222.75372314453125,219.807004449792,222.75372314453125,376654,39029.0,61330.646,0.002,0.047628,0.059,0.006999999999999999,0.009000000000000001,0.0176,61.67,61.39,60.83,59.58,1.11045,4.925,5.1,5.375,5.75,135837.9,1.59,34.3,7.05,23.34,4.59
2019-10-25,222.38540445730985,224.04293823242188,219.80702014614272,224.04293823242188,418351,39029.0,61330.646,0.002,0.047628,0.059,0.006999999999999999,0.009000000000000001,0.0176,62.02,61.73,61.2,59.97,1.108,4.65,4.962,5.288,5.7,136624.1,1.58,34.5,7.05,23.47,4.62
2019-10-28,223.76666259765625,225.14793829270351,221.46453643924414,223.76666259765625,401218,39029.0,61330.646,0.002,0.047628,0.059,0.006999999999999999,0.009000000000000001,0.0176,61.57,61.25,60.71,59.52,1.11,4.6125,4.9375,5.263,5.685,136455.6,1.58,34.5,7.05,23.44,4.61
2019-10-29,223.7666696028086,225.2400360107422,221.83287794877873,225.2400360107422,395467,39029.0,61330.646,0.002,0.047628,0.059,0.006999999999999999,0.009000000000000001,0.0176,61.59,61.23,60.64,59.44,1.1112,4.6,4.963,5.3,5.763,137354.1,1.57,34.7,7.05,23.6,4.64
2019-10-30,240.15779908411207,244.1174730941511,237.11900367591238,242.27577209472656,1172925,39029.0,61330.646,0.002,0.047628,0.059,0.006999999999999999,0.009000000000000001,0.0176,60.61,60.24,59.57,58.29,1.115,4.55,5.025,5.325,5.785,147742.8,1.46,37.3,7.05,25.38,4.99
2019-10-31,243.0124508034316,245.4987584912113,240.98659648572976,241.0786590576172,758477,39029.0,61330.646,0.002,0.047628,0.059,0.006999999999999999,0.009000000000000001,0.0176,59.62,58.91,58.34,57.3,1.1152,4.475,5.025,5.325,5.725,147012.7,1.47,37.1,7.05,25.26,4.97
2019-11-01,241.4470069528026,243.10452657496313,238.868608749065,239.78945922851562,301658,39029.0,61330.646,0.002,0.047628,0.059,0.006999999999999999,0.009000000000000001,0.0176,61.69,60.97,60.38,59.3,1.1167,4.525,5.069,5.425,5.8,146226.4,1.48,36.9,7.05,25.12,4.94
2019-11-04,239.7894706065568,241.44701840949463,238.2240415784868,239.88156127929688,432258,39029.0,61330.646,0.002,0.047628,0.059,0.006999999999999999,0.009000000000000001,0.0176,62.13,61.35,60.71,59.57,1.1128,4.475,5.0625,5.35,5.9,145377.7,1.48,37.0,7.05,25.13,4.94
2019-11-05,239.973642005354,242.36785888671875,238.9607008514543,242.36785888671875,461773,39029.0,61330.646,0.002,0.047628,0.059,0.006999999999999999,0.009000000000000001,0.0176,62.96,62.13,61.46,60.21,1.10745,4.525,5.075,5.3325,5.9,146884.4,1.46,37.3,7.05,25.39,4.99
2019-11-06,242.0915988901876,244.025390625,240.52616984934178,244.025390625,422709,39029.0,61330.646,0.002,0.047628,0.059,0.006999999999999999,0.009000000000000001,0.0176,61.74,60.89,60.19,58.89,1.1067,4.45,5.075,5.35,5.9375,147889.0,1.45,37.6,7.05,25.56,5.03
2019-11-07,244.02536562674757,244.48579084491124,240.6182077714863,242.9203338623047,467664,39029.0,61330.646,0.002,0.047628,0.059,0.006999999999999999,0.009000000000000001,0.0176,62.29,61.41,60.7,59.43,1.10495,4.463,5.125,5.35,5.8975,147219.3,1.46,37.4,7.05,25.45,5.0
2019-11-08,242.5520080202285,243.84119305696694,242.18367345289266,243.38076782226562,388210,39029.0,61330.646,0.002,0.047628,0.059,0.006999999999999999,0.009000000000000001,0.0176,62.51,61.62,60.91,59.71,1.1018,4.275,4.925,5.3,5.95,147498.4,1.46,37.5,7.05,25.5,5.01
2019-11-11,243.01241452331186,243.74911170332436,241.35489504700067,242.18365478515625,194875,39029.0,61330.646,0.002,0.047628,0.059,0.006999999999999999,0.009000000000000001,0.0176,62.18,61.3,60.6,59.45,1.1033,4.425,4.915,5.3,5.9,146772.8,1.46,37.3,7.05,25.37,4.99
2019-11-12,243.28869469451993,243.28869469451993,240.71029663085938,240.71029663085938,320881,39029.0,61330.646,0.002,0.047628,0.059,0.006999999999999999,0.009000000000000001,0.0176,62.06,61.24,60.6,59.55,1.1009,4.7625,4.9,5.275,5.85,145879.9,1.47,37.1,7.05,25.22,4.96
2019-11-13,241.17071897997755,243.0124198169413,240.89447509528284,241.44699096679688,374962,39029.0,61330.646,0.002,0.047628,0.059,0.006999999999999999,0.009000000000000001,0.0176,62.37,61.54,60.89,59.82,1.1007,4.675,4.9,5.2375,5.8,146326.4,1.47,37.2,7.05,25.29,4.97
2019-11-14,241.7232348514916,243.84117957315007,239.51319946756,241.44699096679688,306995,39029.0,61330.646,0.002,0.047628,0.059,0.006999999999999999,0.009000000000000001,0.0176,62.28,61.41,60.75,59.64,1.1023,4.75,4.825,5.2,5.8,146326.4,1.47,37.2,7.05,25.29,4.97
2019-11-15,242.2757650588178,242.45991829213602,239.23694163674122,240.80239868164062,481239,39029.0,61330.646,0.001,0.027555,0.058,0.01,0.012,0.0205,63.3,62.4,61.71,60.46,1.1052,4.75,4.811,5.175,5.775,145935.8,1.47,37.1,7.05,25.23,4.96
2019-11-18,240.15780199249298,241.53907775878906,238.50028231378866,241.53907775878906,340588,39029.0,61330.646,0.001,0.027555,0.058,0.01,0.012,0.0205,62.44,61.53,60.83,59.62,1.1072,4.925,4.825,5.25,5.85,146382.2,1.47,37.2,7.05,25.3,4.98
2019-11-19,241.2628076126383,241.90741414100273,240.06571331953222,240.15777587890625,294225,39029.0,61330.646,0.001,0.027555,0.058,0.01,0.012,0.0205,60.91,60.02,59.34,58.25,1.1079,4.838,4.788,5.175,5.8,145545.1,1.48,37.0,7.05,25.16,4.95
2019-11-20,239.23694647767124,239.78946239305856,237.30318292700588,238.13194274902344,432163,39029.0,61330.646,0.001,0.027555,0.058,0.01,0.012,0.0205,62.4,61.47,60.78,59.62,1.1073,4.7875,4.763,5.138,5.75,144317.4,1.49,36.7,7.05,24.95,4.91
2019-11-21,237.94774331701393,237.94774331701393,234.72476684146812,235.27728271484375,463855,39029.0,61330.646,0.001,0.027555,0.058,0.01,0.012,0.0205,63.97,62.94,62.19,60.89,1.1059,4.6,4.725,5.1,5.756,142587.3,1.51,36.2,7.05,24.65,4.85
2019-11-22,235.64563642988273,236.47439625629312,234.72478593339852,235.18521118164062,304641,39029.0,61330.646,0.001,0.027555,0.058,0.01,0.012,0.0205,63.39,62.37,61.63,60.37,1.1024,4.45,4.575,5.025,5.7,142531.5,1.51,36.2,7.05,24.64,4.85
2019-11-25,235.73772709995654,236.01397100805102,233.89602610698813,235.18521118164062,276379,39029.0,61330.646,0.001,0.027555,0.058,0.01,0.012,0.0205,63.65,62.62,61.93,60.67,1.1014,4.4,4.525,4.95,5.6,142531.5,1.51,36.2,7.05,24.64,4.85
2019-11-26,235.09314270621343,238.22404293335163,234.08020150456733,236.93482971191406,663745,39029.0,61330.646,0.001,0.027555,0.058,0.01,0.012,0.0205,64.27,63.21,62.51,61.21,1.102,4.137,4.45,4.873,5.55,143591.8,1.5,36.5,7.05,24.82,4.88
2019-11-27,237.76360721271962,238.68445770060447,235.8298155677361,237.48733520507812,292569,39029.0,61330.646,0.001,0.027555,0.058,0.01,0.012,0.0205,64.06,63.01,62.3,60.97,1.0999,4.11,4.37,4.8,5.47,143926.6,1.49,36.6,7.05,24.88,4.89
2019-11-28,237.30316060147672,237.30316060147672,235.0931111989128,236.65855407714844,185525,39029.0,61330.646,0.001,0.027555,0.058,0.01,0.012,0.0205,64.06,63.01,62.3,60.97,1.1009,3.95,4.375,4.8,5.475,143424.4,1.5,36.5,7.05,24.79,4.88
2019-11-29,236.1060565835265,239.60530525593734,235.461464060109,238.22402954101562,381829,39029.0,61330.646,0.001,0.027555,0.058,0.01,0.012,0.0205,63.01,62.3,61.78,60.59,1.1017,4.1,4.49,4.88,5.55,144373.1,1.49,36.7,7.05,24.96,4.91
2019-12-02,237.48733102732487,239.1448787376349,231.50180296136762,231.77806091308594,657810,39029.0,61330.646,0.001,0.027555,0.058,0.01,0.012,0.0205,60.92,60.23,59.74,58.63,1.1079,4.44,4.7,5.0625,5.6625,140466.6,1.53,35.7,7.05,24.28,4.78
2019-12-03,229.38384320708994,233.06724485440694,228.64716006741412,231.13345336914062,514460,39029.0,61330.646,0.001,0.027555,0.058,0.01,0.012,0.0205,60.82,60.11,59.61,58.52,1.1083,4.425,4.663,5.031,5.65,140075.9,1.53,35.6,7.05,24.21,4.76
2019-12-04,231.13348425728282,234.54062842616145,230.67305898983804,233.06727600097656,370094,39029.0,61330.646,0.001,0.027555,0.058,0.01,0.012,0.0205,63.0,62.2,61.6,60.33,1.1078,4.375,4.715,5.05,5.625,141247.9,1.52,35.9,7.05,24.42,4.8
2019-12-05,233.80392032269359,234.08017826399288,231.317626953125,231.317626953125,352047,39029.0,61330.646,0.001,0.027555,0.058,0.01,0.012,0.0205,63.39,62.48,61.79,60.49,1.1104,4.375,4.75,5.15,5.638,140187.6,1.53,35.6,7.05,24.23,4.77
2019-12-06,232.69890832930923,236.38232421875,231.68598125439306,236.38232421875,443765,39029.0,61330.646,0.001,0.027555,0.058,0.01,0.012,0.0205,64.39,63.39,62.62,61.15,1.1059,4.3125,4.775,5.087,5.65,143256.9,1.5,36.4,7.05,24.76,4.87
2019-12-09,235.36939935847536,235.82982462009124,233.98812357362763,234.0802001953125,283757,39029.0,61330.646,0.001,0.027555,0.058,0.01,0.012,0.0205,64.25,63.28,62.54,61.13,1.1064,4.45,4.75,5.1,5.675,141861.8,1.51,36.1,7.05,24.52,4.82
2019-12-10,233.89600708246698,235.8297985882194,230.39677267023336,235.27728271484375,422184,39029.0,61330.646,0.001,0.027555,0.058,0.01,0.012,0.0205,64.34,63.46,62.76,61.42,1.1093,4.475,4.8125,5.15,5.65,142587.3,1.51,36.2,7.05,24.65,4.85
2019-12-11,235.09311707755248,235.5535422915504,232.14639851817824,234.26434326171875,351748,39029.0,61330.646,0.001,0.027555,0.058,0.01,0.012,0.0205,63.72,62.82,62.1,60.75,1.113,4.5845,4.928,5.263,5.75,141973.4,1.51,36.1,7.05,24.54,4.83
2019-12-12,234.90895810063637,237.0269029189961,234.26435153741775,236.0139617919922,534607,39029.0,61330.646,0.001,0.027555,0.058,0.01,0.012,0.0205,64.2,63.28,62.55,61.14,1.113,4.55,5.0625,5.3,5.712,143033.8,1.5,36.4,7.05,24.72,4.86
2019-12-13,237.57941881573691,238.22402537895553,234.4485328703733,236.0139617919922,484391,39029.0,61330.646,0.001,0.027555,0.058,0.01,0.012,0.0205,65.22,64.25,63.51,61.97,1.1121,4.325,5.038,5.2375,5.7,143033.8,1.5,36.4,7.05,24.72,4.86
2019-12-16,237.3031919796803,241.81535394024135,237.3031919796803,240.5261688232422,419410,39029.0,61330.646,0.001,0.027555,0.058,0.013,0.016,0.0229,65.34,64.41,63.71,62.19,1.1144,4.3625,4.913,5.2,5.7,145768.3,1.47,37.1,7.05,25.2,4.96
2019-12-17,240.80239418148994,240.89448484749119,235.7377166748047,235.7377166748047,600209,39029.0,61330.646,0.001,0.027555,0.058,0.013,0.016,0.0229,66.1,65.15,64.41,62.77,1.115,4.3875,5.05,5.325,5.765,142866.4,1.5,36.3,7.05,24.7,4.86
2019-12-18,235.0010373633953,238.59236263054208,234.9089607469432,235.6456298828125,446666,39029.0,61330.646,0.001,0.027555,0.058,0.013,0.016,0.0229,66.17,65.23,64.49,62.82,1.1113,4.15,4.913,5.212,5.7,142810.6,1.5,36.3,7.05,24.69,4.85
2019-12-19,236.2902580888547,238.59238447689472,235.64565145935197,238.408203125,409410,39029.0,61330.646,0.001,0.027555,0.058,0.013,0.016,0.0229,66.54,65.59,64.84,63.07,1.1122,3.95,4.85,5.1125,5.655,144484.7,1.49,36.7,7.05,24.98,4.91
2019-12-20,238.22404235102456,244.3937240148277,237.57943574188147,243.7491455078125,1088167,39029.0,61330.646,0.001,0.027555,0.058,0.013,0.016,0.0229,66.14,65.2,64.51,62.84,1.1079,3.806,4.7375,5.0,5.6,147721.6,1.45,37.6,7.05,25.54,5.02
2019-12-23,243.6570420103095,245.5908336338291,242.64410086445386,244.30162048339844,252186,39029.0,61330.646,0.001,0.027555,0.058,0.013,0.016,0.0229,66.39,65.42,64.73,63.03,1.1088,3.975,4.715,5.1,5.65,148056.4,1.45,37.6,7.05,25.59,5.03
2019-12-24,244.3016105174793,244.3016105174793,242.36784707497108,243.56494140625,71922,39029.0,61330.646,0.001,0.027555,0.058,0.013,0.016,0.0229,67.2,66.16,65.46,63.72,1.1088,4.0,4.8,5.13,5.65,147609.9,1.46,37.5,7.05,25.52,5.02
2019-12-25,243.56494140625,243.56494140625,243.56494140625,243.56494140625,0,39029.0,61330.646,0.001,0.027555,0.058,0.013,0.016,0.0229,67.2,66.16,65.46,63.72,1.1091,4.05,4.775,5.125,5.65,147609.9,1.46,37.5,7.05,25.52,5.02
2019-12-27,243.93329820837783,246.41960586424506,242.6441130950913,245.038330078125,323458,39029.0,61330.646,0.001,0.027555,0.058,0.013,0.016,0.0229,68.16,66.87,66.14,64.32,1.11765,4.3125,4.963,5.225,5.8,148502.9,1.45,37.7,7.05,25.67,5.05
2019-12-30,244.85413833487988,245.13041034164885,242.36785888671875,242.36785888671875,223735,39029.0,61330.646,0.001,0.027555,0.058,0.013,0.016,0.0229,66.67,65.99,65.38,63.63,1.1199,4.925,5.15,5.3625,5.85,146884.4,1.46,37.3,7.05,25.39,4.99
2019-12-31,241.9995060959076,243.657053897847,240.98659300276034,243.1045379638672,102421,39029.0,61330.646,0.001,0.027555,0.058,0.013,0.016,0.0229,66.0,65.29,64.68,62.93,1.1212,5.075,5.275,5.45,5.85,147330.9,1.46,37.5,7.05,25.47,5.01
2020-01-02,243.28871154785153,245.59083778088524,242.36786105463807,243.28871154785156,351300,39029.0,61330.646,0.001,0.027555,0.058,0.013,0.016,0.0229,66.25,65.56,64.97,63.29,1.1172,4.75,5.075,5.3125,5.75,147442.5,1.46,37.5,7.05,25.81,5.1
2020-01-03,240.2498844746603,243.01243591308594,239.97364057166828,243.01243591308594,292884,39029.0,61330.646,0.001,0.027555,0.058,0.013,0.016,0.0229,68.6,67.76,67.05,65.02,1.116,4.725,5.1,5.35,5.819,147275.1,1.46,37.4,7.05,25.78,5.1
2020-01-06,240.61819786698817,242.27574544542333,238.31607187093155,242.18365478515625,367820,39029.0,61330.646,0.001,0.027555,0.058,0.013,0.016,0.0229,68.91,68.07,67.32,65.2,1.1195,4.713,5.0375,5.275,5.775,146772.8,1.46,37.3,7.05,25.69,5.08
2020-01-07,243.10453198955676,243.47286656911552,238.4081888193331,239.05279541015625,508141,39029.0,61330.646,0.001,0.027555,0.058,0.013,0.016,0.0229,68.27,67.57,66.87,64.86,1.1153,4.5,4.875,5.119,5.675,144875.4,1.48,36.8,7.05,25.36,5.01
2020-01-08,239.51322762341144,240.5261688232422,237.39525455065117,240.5261688232422,431996,39029.0,61330.646,0.001,0.027555,0.058,0.013,0.016,0.0229,65.44,64.79,64.14,62.25,1.1105,4.331,4.6875,5.0,5.575,145768.3,1.47,37.1,7.05,25.51,5.04
2020-01-09,241.44700865010788,243.01243761490258,241.26282731207243,241.99949645996094,366260,39029.0,61330.646,0.001,0.027555,0.058,0.013,0.016,0.0229,65.37,64.66,64.02,62.22,1.1106,4.0125,4.525,4.85,5.44,146661.3,1.46,37.3,7.05,25.67,5.07
2020-01-10,242.92034524471313,243.84119572418837,241.90743219899156,243.01243591308594,235734,39029.0,61330.646,0.001,0.027555,0.058,0.013,0.016,0.0229,64.98,64.25,63.63,61.86,1.1122,4.05,4.462,4.8,5.4,147275.1,1.46,37.4,7.05,25.78,5.1
2020-01-13,242.27575195831557,243.47284626759588,240.618204335322,241.72323608398438,340000,39029.0,61330.646,0.001,0.027555,0.058,0.013,0.016,0.0229,64.2,63.48,62.89,61.2,1.1135,4.15,4.463,4.85,5.45,146493.8,1.47,37.2,7.05,25.64,5.07
2020-01-14,241.63114887187143,242.9203338623047,238.96068822694716,242.9203338623047,432947,39029.0,61330.646,0.001,0.027555,0.058,0.013,0.016,0.0229,64.49,63.71,63.1,61.42,1.11285,4.05,4.44,4.8,5.4,147231.3,1.46,37.4,7.05,25.77,5.09
2020-01-15,243.10451591065805,248.44543721633,242.82827201979148,248.0771026611328,523590,39029.0,61330.646,0.001,0.027555,0.058,0.014,0.017,0.0249,64.0,63.21,62.6,60.96,1.1151,4.15,4.5,4.825,5.4,150356.6,1.43,38.2,7.05,26.31,5.2
2020-01-16,248.26128134573779,248.8137972237117,246.6958243751659,248.4454345703125,338818,39029.0,61330.646,0.001,0.027555,0.058,0.014,0.017,0.0249,64.62,63.81,63.17,61.42,1.1137,4.1,4.425,4.806,5.35,150580.0,1.43,38.3,7.05,26.35,5.21
2020-01-17,248.72174105972704,254.3389350777083,248.1692251051155,253.51014709472656,606223,39029.0,61330.646,0.001,0.027555,0.058,0.014,0.017,0.0249,64.85,64.03,63.32,61.43,1.109,3.875,4.4125,4.75,5.3125,153649.6,1.4,39.1,7.05,26.89,5.32
2020-01-20,251.7605345596447,253.14181038360266,251.11595603640814,252.58929443359375,260757,39029.0,61330.646,0.001,0.027555,0.058,0.014,0.017,0.0249,64.85,64.03,63.32,61.43,1.1095,3.975,4.375,4.75,5.3,153091.5,1.4,38.9,7.05,26.79,5.3
2020-01-21,249.64258080222888,250.47134064718006,246.2354226481625,249.2742462158203,482696,39029.0,61330.646,0.001,0.027555,0.058,0.014,0.017,0.0249,64.59,63.83,63.13,61.27,1.1084,3.975,4.325,4.7,5.275,151082.3,1.42,38.4,7.05,26.44,5.23
2020-01-22,250.28712535038466,251.02382252539323,247.4325116163632,247.70875549316406,339921,39029.0,61330.646,0.001,0.027555,0.058,0.014,0.017,0.0249,63.21,62.45,61.77,59.99,1.1093,3.8125,4.213,4.6,5.125,150133.4,1.43,38.2,7.05,26.27,5.19
2020-01-23,246.78791586200845,247.5245849670152,245.22245888621285,245.8670654296875,459218,39029.0,61330.646,0.001,0.027555,0.058,0.014,0.017,0.0249,62.04,61.28,60.61,58.87,1.1054,3.875,4.244,4.6,5.1,149017.2,1.44,37.9,7.05,26.08,5.16
2020-01-24,247.7087664648257,251.02383364388777,247.06415992090734,249.0900421142578,434682,39029.0,61330.646,0.001,0.027555,0.058,0.014,0.017,0.0249,60.69,59.89,59.19,57.51,1.1025,3.928,4.281,4.575,5.0375,150970.6,1.42,38.4,7.05,26.42,5.22
2020-01-27,244.11748165348112,244.11748165348112,237.0269213162341,237.57943725585938,847898,39029.0,61330.646,0.001,0.027555,0.058,0.014,0.017,0.0249,59.32,58.58,58.0,56.62,1.1018,4.156,4.394,4.675,5.075,143994.1,1.49,36.6,7.05,25.2,4.98
2020-01-28,238.96067875478482,240.98656087525112,236.29021821571493,240.89447021484375,574573,39029.0,61330.646,0.001,0.027555,0.058,0.014,0.017,0.0249,59.51,58.81,58.26,56.91,1.1022,4.05,4.3125,4.6125,5.006,146003.4,1.47,37.1,7.05,25.55,5.05
2020-01-29,240.34198333551677,243.1045348681089,239.88155808008474,241.53907775878906,432653,39029.0,61330.646,0.001,0.027555,0.058,0.014,0.017,0.0249,59.81,58.91,58.35,57.04,1.1011,3.725,4.175,4.475,4.963,146394.1,1.47,37.2,7.05,25.62,5.07
2020-01-30,240.34198048967545,241.17074031921442,237.5794289897941,239.05279541015625,506603,39029.0,61330.646,0.001,0.027555,0.058,0.014,0.017,0.0249,58.29,57.33,57.0,56.08,1.1032,3.903,4.294,4.6,5.0525,144887.2,1.48,36.8,7.05,25.36,5.01
2020-01-31,238.50026295516048,240.06571993741505,231.96221923828125,231.96221923828125,902073,39029.0,61330.646,0.001,0.027555,0.058,0.014,0.017,0.0249,56.62,56.42,56.24,55.61,1.1094,4.15,4.481,4.8,5.15,140589.6,1.53,35.7,7.05,24.6,4.86
2020-02-03,232.33058571390643,236.93482419759692,232.33058571390643,234.81687927246094,532868,39029.0,61330.646,0.001,0.027555,0.058,0.014,0.017,0.0249,54.45,54.61,54.73,54.56,1.106,3.938,4.438,4.6375,5.0625,142319.8,1.51,36.2,7.05,24.91,4.92
2020-02-04,236.4743902178314,241.17073325040334,236.4743902178314,240.80239868164062,589807,39029.0,61330.646,0.001,0.027555,0.058,0.014,0.017,0.0249,53.96,54.13,54.26,54.2,1.1044,3.825,4.175,4.481,5.0,145947.6,1.47,37.1,7.05,25.54,5.05
2020-02-05,239.23694858439978,243.28871326483548,238.40818875508415,242.27577209472656,623040,39029.0,61330.646,0.001,0.027555,0.058,0.014,0.017,0.0249,55.28,55.43,55.56,55.4,1.0999,3.844,4.125,4.4125,4.95,146840.6,1.46,37.3,7.05,25.7,5.08
2020-02-06,244.02537443292343,247.15626040899608,239.1448781851154,246.60374450683594,686400,39029.0,61330.646,0.001,0.027555,0.058,0.014,0.017,0.0249,54.93,55.26,55.58,55.7,1.09805,3.975,4.175,4.475,4.9875,149463.8,1.44,40.0,6.7,26.16,5.17
2020-02-07,253.2338921984357,256.456869008234,246.6037572345711,249.2742462158203,659548,39029.0,61330.646,0.001,0.027555,0.058,0.014,0.017,0.0249,54.47,54.8,55.16,55.42,1.0945,4.038,4.325,4.546,5.05,151082.3,1.42,40.4,6.7,26.44,5.23
2020-02-10,249.09004334104839,249.73464988814146,246.2354013644043,249.3662872314453,461894,39029.0,61330.646,0.001,0.027555,0.058,0.014,0.017,0.0249,53.27,53.57,53.95,54.51,1.0911,4.275,4.45,4.65,5.144,151138.1,1.42,40.4,6.7,26.45,5.23
2020-02-11,250.19508701163744,251.76051596858142,249.27423653033165,251.39218139648438,414306,39029.0,61330.646,0.001,0.027555,0.058,0.014,0.017,0.0249,54.01,54.21,54.5,54.93,1.0916,4.325,4.375,4.6,5.1,152365.9,1.41,40.7,6.7,26.67,5.27
2020-02-12,251.20796106256407,251.48423302534405,247.89292232618155,249.6425323486328,438842,39029.0,61330.646,0.001,0.027555,0.058,0.014,0.017,0.0249,55.79,55.91,56.11,56.29,1.0873,4.35,4.375,4.6125,5.1375,151305.6,1.42,40.5,6.7,26.48,5.24
2020-02-13,248.1692393322237,250.0109405517578,244.94626219803897,250.0109405517578,526605,39029.0,61330.646,0.001,0.027555,0.058,0.014,0.017,0.0249,56.34,56.38,56.54,56.66,1.08415,4.631,4.725,4.956,5.3,151528.8,1.42,40.5,6.7,26.52,5.24
2020-02-14,247.70874545905968,248.62959581392607,245.77495409341574,246.97207641601562,371975,39029.0,61330.646,0.001,0.027555,0.058,0.014,0.017,0.0249,57.32,57.2,57.25,57.15,1.0832,4.45,4.6375,4.8125,5.25,149686.9,1.44,40.0,6.7,26.2,5.18
2020-02-17,247.80085040402955,247.80085040402955,245.5908150453364,246.32748413085938,280600,39029.0,61330.646,-0.03,-0.054545,-0.069,0.012,0.016,0.0233,57.32,57.2,57.25,57.15,1.08355,4.375,4.5,4.725,5.2,149296.3,1.44,39.9,6.7,26.13,5.17
2020-02-18,244.85414288223404,248.44545421991455,244.02538305078886,247.06417846679688,500586,39029.0,61330.646,-0.03,-0.054545,-0.069,0.012,0.016,0.0233,57.75,57.51,57.52,57.3,1.0792,4.65,4.7,4.88,5.38,149742.8,1.43,40.0,6.7,26.21,5.18
2020-02-19,247.2483532779108,250.74757385253906,246.3275028001532,250.74757385253906,445600,39029.0,61330.646,-0.03,-0.054545,-0.069,0.012,0.016,0.0233,59.12,58.72,58.58,58.14,1.0806,4.8125,4.713,4.9375,5.3875,151975.3,1.41,40.6,6.7,26.6,5.26
2020-02-20,251.3921801494936,251.76051471976356,244.66998291015625,244.66998291015625,464349,39029.0,61330.646,-0.03,-0.054545,-0.069,0.012,0.016,0.0233,59.31,58.8,58.57,57.98,1.0785,5.056,4.9,5.1,5.5625,148291.6,1.45,39.7,6.7,25.95,5.13
2020-02-21,244.02534714318756,245.68286656217887,242.36782772419625,244.94619750976562,588359,39029.0,61330.646,-0.03,-0.054545,-0.069,0.012,0.016,0.0233,58.5,57.94,57.72,57.24,1.0845,4.725,4.806,5.037,5.5625,148459.1,1.45,39.7,6.7,25.98,5.14
2020-02-24,238.13193348020832,240.4340596196107,235.18520078092297,235.7377166748047,1020088,39029.0,61330.646,-0.03,-0.054545,-0.069,0.012,0.016,0.0233,56.3,55.77,55.75,55.77,1.0854,5.3625,5.262,5.425,5.9,142877.9,1.5,38.2,6.7,25.0,4.94
2020-02-25,237.11899869011114,237.9477585020008,230.58095465920124,232.69891357421875,805814,39029.0,61330.646,-0.03,-0.054545,-0.069,0.012,0.016,0.0233,54.95,54.26,54.23,54.24,1.0881,5.594,5.363,5.569,5.95,141036.1,1.52,37.7,6.7,24.68,4.88
2020-02-26,232.69890297241196,236.29022811279322,225.33209946524536,233.89601135253906,963408,39029.0,61330.646,-0.03,-0.054545,-0.069,0.012,0.016,0.0233,53.43,52.81,52.8,53.01,1.0881,5.6,5.4,5.625,6.1125,141761.7,1.52,37.9,6.7,24.81,4.9
2020-02-27,229.29177693606246,231.68599388192473,223.02999065932272,227.0817413330078,1042696,39029.0,61330.646,-0.03,-0.054545,-0.069,0.012,0.016,0.0233,52.18,51.73,51.67,51.96,1.1,6.037,5.863,5.925,6.225,137631.6,1.56,36.8,6.7,24.09,4.76
2020-02-28,221.0041068302645,225.0558431683943,216.5840218834467,221.92495727539062,1982702,39029.0,61330.646,-0.03,-0.054545,-0.069,0.012,0.016,0.0233,50.52,49.67,49.59,49.85,1.10265,6.94,6.456,6.4025,6.575,134506.2,1.6,36.0,6.7,23.54,4.65
2020-03-02,226.71336834025712,230.12051205017764,220.54367339779634,227.9104766845703,1411031,39029.0,61330.646,-0.03,-0.054545,-0.069,0.012,0.016,0.0233,51.9,51.75,51.65,51.75,1.1134,7.55,6.6,6.425,6.5,138133.9,1.56,36.9,6.7,24.17,4.78
2020-03-03,230.58096527316047,235.5535665265838,229.10761286741808,231.50181579589844,1146229,39029.0,61330.646,-0.03,-0.054545,-0.069,0.012,0.016,0.0233,51.86,51.77,51.67,51.82,1.1173,7.075,6.1625,6.0625,6.125,140310.6,1.53,37.5,6.7,24.56,4.85
2020-03-04,231.7780717916828,240.43407506243955,230.30471939847112,238.96070861816406,948591,39029.0,61330.646,-0.03,-0.054545,-0.069,0.012,0.016,0.0233,51.13,51.25,51.29,51.61,1.1136,6.035,5.638,5.575,5.75,144831.3,1.48,38.7,6.7,25.35,5.01
2020-03-05,240.43407070997523,242.27577170644824,234.26436113093988,237.11900329589844,903511,39029.0,61330.646,-0.03,-0.054545,-0.069,0.012,0.016,0.0233,49.99,50.17,50.28,50.75,1.1241,7.2875,6.665,6.35,6.3875,143715.1,1.5,38.4,6.7,25.15,4.97
2020-03-06,232.97518891998988,238.22404829065925,229.1996960482916,233.61978149414062,1305075,39029.0,61330.646,-0.03,-0.054545,-0.069,0.012,0.016,0.0233,45.27,45.52,45.8,46.84,1.1286,8.175,7.4775,7.24,7.202,141594.3,1.52,37.9,6.7,24.78,4.9
2020-03-09,218.05738830566406,225.8846170924518,216.76818925132022,218.05738830566406,2099769,39029.0,61330.646,-0.03,-0.054545,-0.069,0.012,0.016,0.0233,34.36,35.1,35.78,37.66,1.1449,11.612,9.575,8.7625,8.225,132162.1,1.63,35.3,6.7,23.13,4.57
2020-03-10,220.7278615230049,227.35798229726933,213.26898092110625,215.84735107421875,1560516,39029.0,61330.646,-0.03,-0.054545,-0.069,0.012,0.016,0.0233,37.22,38.09,38.82,40.63,1.128,9.5,8.05,7.6125,7.4875,130822.6,1.64,35.0,6.7,22.9,4.53
2020-03-11,217.32072453806623,220.1753667943732,210.7826801709446,211.5193634033203,1263667,39029.0,61330.646,-0.03,-0.054545,-0.069,0.012,0.016,0.0233,35.79,37.23,38.23,40.42,1.1269,10.0175,8.66,8.1,7.913,128199.4,1.68,34.3,6.7,22.44,4.44
2020-03-12,202.86337060548536,205.25757350606685,193.47069819322064,196.1411590576172,2569157,39029.0,61330.646,-0.03,-0.054545,-0.069,0.012,0.016,0.0233,33.22,35.2,36.67,39.54,1.1185,11.0,10.075,9.55,9.55,118878.9,1.81,31.8,6.7,20.8,4.11
2020-03-13,200.00871953747077,212.80854951798338,195.8648924170077,198.90370178222656,2461540,39029.0,61330.646,-0.03,-0.054545,-0.069,0.012,0.016,0.0233,33.85,35.44,36.77,39.38,1.11065,10.4,9.5,8.9,8.975,120553.3,1.78,32.2,6.7,21.1,4.17
2020-03-16,189.9714554174883,196.04906010952624,180.4866927340089,191.16856384277344,2111150,39029.0,61330.646,-0.03,-0.054545,-0.069,0.006999999999999999,0.008,0.0154,30.05,31.69,33.16,36.2,1.1183,11.0375,9.95,9.575,9.375,115865.1,1.85,31.0,6.7,20.28,4.01
2020-03-17,188.95851639906678,205.81008305689062,184.12405136081767,204.9813232421875,1380988,39029.0,61330.646,-0.03,-0.054545,-0.069,0.006999999999999999,0.008,0.0154,28.73,30.41,31.93,35.24,1.0997,10.9,10.088,9.73,9.63,124236.8,1.73,33.2,6.7,21.74,4.3
2020-03-18,200.65329685352543,210.5064073897916,191.81314143033097,206.63882446289062,984895,39029.0,61330.646,-0.03,-0.054545,-0.069,0.006999999999999999,0.008,0.0154,24.88,26.69,28.31,31.84,1.0915,12.875,11.675,11.225,10.925,125241.4,1.72,33.5,6.7,21.92,4.33
2020-03-19,210.04601181350935,217.412816064034,200.37708123469577,209.58558654785156,1175881,39029.0,61330.646,-0.03,-0.054545,-0.069,0.006999999999999999,0.008,0.0154,28.47,30.3,31.81,35.02,1.06915,14.6,13.0,11.95,11.4,127027.4,1.69,34.0,6.7,22.23,4.4
2020-03-20,218.7019801875043,224.22708284487283,205.4417394302449,209.03305053710938,1405668,39029.0,61330.646,-0.03,-0.054545,-0.069,0.006999999999999999,0.008,0.0154,26.98,29.0,30.63,33.87,1.0695,14.55,12.5,11.563,11.0625,126692.5,1.7,33.9,6.7,22.17,4.38
2020-03-23,200.65331042699242,211.33518142672025,196.9699085720605,203.13961791992188,1004753,39029.0,61330.646,-0.03,-0.054545,-0.069,0.006999999999999999,0.008,0.0154,27.03,29.29,31.21,34.83,1.0723,13.8,12.0,11.2,10.65,123120.6,1.75,32.9,6.7,21.55,4.26
2020-03-24,210.32224663059816,219.99117679099987,205.99425213091675,219.4386749267578,981167,39029.0,61330.646,-0.03,-0.054545,-0.069,0.006999999999999999,0.008,0.0154,27.15,29.74,31.94,35.72,1.0789,11.65,10.2125,9.7,9.325,132999.3,1.62,35.6,6.7,23.28,4.6
2020-03-25,221.00411368050226,233.71185302734375,217.04445383351396,233.71185302734375,1105808,39029.0,61330.646,-0.03,-0.054545,-0.069,0.006999999999999999,0.008,0.0154,27.39,29.99,32.56,36.75,1.0882,9.575,8.9125,8.575,8.4625,141650.1,1.52,37.9,6.7,24.79,4.9
2020-03-26,227.72633577568104,235.18521653639047,226.16089270622822,234.44854736328125,902153,39029.0,61330.646,-0.03,-0.054545,-0.069,0.006999999999999999,0.008,0.0154,26.34,28.65,31.29,35.75,1.103,9.625,8.9,8.45,8.4,142096.6,1.51,38.0,6.7,24.87,4.92
2020-03-27,227.63424065902555,230.30471553812967,217.41280854553526,221.00411987304688,891287,39029.0,61330.646,-0.03,-0.054545,-0.069,0.006999999999999999,0.008,0.0154,24.93,27.95,30.91,36.03,1.1142,10.025,9.407,8.88,8.64,133948.1,1.6,35.8,6.7,23.44,4.63
2020-03-30,219.80699674875086,226.8054656982422,213.63730162412864,226.8054656982422,553848,39029.0,61330.646,-0.03,-0.054545,-0.069,0.006999999999999999,0.008,0.0154,22.76,26.42,29.78,35.77,1.1048,9.75,9.0,8.64,8.55,137464.2,1.56,36.8,6.7,24.06,4.76
2020-03-31,222.20123006653674,225.79254142207344,214.0977427977428,219.99118041992188,954766,39029.0,61330.646,-0.03,-0.054545,-0.069,0.006999999999999999,0.008,0.0154,26.35,29.66,32.24,36.4,1.1031,9.175,8.675,8.425,8.325,133334.1,1.61,35.7,6.7,23.33,4.61
2020-04-01,214.37398639861007,221.28036473586516,210.87475189752163,214.83441162109375,833583,39029.0,61330.646,-0.03,-0.054545,-0.069,0.006999999999999999,0.008,0.0154,24.74,28.04,30.56,34.81,1.0964,9.575,8.925,8.625,8.5,130208.6,1.65,34.8,6.7,22.79,4.51
2020-04-02,216.30777243830798,220.81994822734436,212.90062846768913,219.16241455078125,613749,39029.0,61330.646,-0.03,-0.054545,-0.069,0.006999999999999999,0.008,0.0154,29.94,32.1,33.66,36.43,1.0858,9.612,9.025,8.6625,8.538,132831.8,1.62,35.5,6.7,23.25,4.6
2020-04-03,218.5178047542325,221.83285779430096,216.03151146141562,217.59695434570312,510856,39029.0,61330.646,-0.03,-0.054545,-0.069,0.006999999999999999,0.008,0.0154,34.11,35.48,36.39,37.83,1.0809,9.65,9.23,8.85,8.725,131883.0,1.63,35.3,6.7,23.08,4.56
2020-04-06,222.47747245913448,224.22708267891448,215.8473380343493,216.7681884765625,671009,39029.0,61330.646,-0.03,-0.054545,-0.069,0.006999999999999999,0.008,0.0154,33.05,34.89,36.11,37.9,1.0793,8.6375,8.5,8.33,8.342,131380.8,1.64,35.1,6.7,22.99,4.55
2020-04-07,220.17536004394836,221.46454512278237,214.83442433680366,221.00411987304688,728073,39029.0,61330.646,-0.03,-0.054545,-0.069,0.006999999999999999,0.008,0.0154,31.87,34.49,36.04,38.24,1.0891,8.45,8.2,8.088,8.175,133948.1,1.6,35.8,6.7,23.44,4.63
2020-04-08,215.6632005057285,223.21417236328125,214.7423499364888,223.21417236328125,520808,39029.0,61330.646,-0.03,-0.054545,-0.069,0.006999999999999999,0.008,0.0154,32.84,35.12,36.32,38.19,1.0858,8.125,8.075,8.05,8.15,135287.5,1.59,36.2,6.7,23.68,4.68
2020-04-09,227.45007792391712,229.56803692532424,221.1882915919123,225.42420959472656,593289,39029.0,61330.646,-0.03,-0.054545,-0.069,0.006999999999999999,0.008,0.0154,31.48,34.18,35.66,38.0,1.0929,7.7,7.6075,7.675,7.825,136627.0,1.57,36.5,6.7,23.91,4.73
2020-04-14,227.63424047080338,235.6456369993643,226.34505539303532,230.6730499267578,560101,39029.0,61330.646,-0.03,-0.054545,-0.069,0.006999999999999999,0.008,0.0154,29.6,33.57,35.76,39.12,1.0981,7.517,7.412,7.443,7.65,139808.3,1.54,37.4,6.7,24.47,4.84
2020-04-15,230.21261097061662,234.35643796808773,225.24002419407637,226.43711853027344,617537,39029.0,61330.646,-0.03,-0.054545,-0.069,0.003,0.004,0.0033,27.69,31.44,33.53,36.77,1.0909,7.925,7.713,7.713,7.862,137240.9,1.57,36.7,6.7,24.02,4.75
2020-04-16,227.35796940908148,228.83133574253696,217.68903972981934,225.14793395996094,631990,39029.0,61330.646,-0.03,-0.054545,-0.069,0.003,0.004,0.0033,27.82,31.55,33.54,36.71,1.0837,8.225,8.175,8.112,8.213,136459.6,1.57,36.5,6.7,23.88,4.72
2020-04-17,235.92191407342702,236.4744019028082,225.05586109417857,228.00259399414062,876933,39029.0,61330.646,-0.03,-0.054545,-0.069,0.003,0.004,0.0033,28.08,31.58,33.47,36.67,1.0878,7.762,7.887,7.88,8.125,138189.8,1.55,37.0,6.7,24.18,4.78
2020-04-20,228.37094027141788,235.46148681640625,225.70047925157309,235.46148681640625,526608,39029.0,61330.646,-0.03,-0.054545,-0.069,0.003,0.004,0.0033,25.57,29.21,31.51,35.71,1.0863,7.7,7.815,7.885,8.09,142710.5,1.51,38.2,6.7,24.98,4.94
2020-04-21,234.8168684607352,235.7377189252871,226.16087971437253,226.3450469970703,514506,39029.0,61330.646,-0.03,-0.054545,-0.069,0.003,0.004,0.0033,19.33,23.12,25.66,30.46,1.0858,8.0075,8.07,8.077,8.375,137185.1,1.57,36.7,6.7,24.01,4.75
2020-04-22,225.97670512595633,230.58095758615156,225.70046121919535,228.4630126953125,483392,39029.0,61330.646,-0.03,-0.054545,-0.069,0.003,0.004,0.0033,20.37,24.06,26.68,31.55,1.0823,8.0075,7.99,8.06,8.3725,138468.8,1.55,37.0,6.7,24.23,4.79
2020-04-23,228.18674792617412,229.29176567342378,224.4112554010861,226.3450469970703,353594,39029.0,61330.646,-0.03,-0.054545,-0.069,0.003,0.004,0.0033,21.33,24.79,27.2,31.54,1.0778,7.9175,8.075,8.215,8.435,137470.6,1.57,36.7,6.7,24.01,4.75
2020-04-24,223.0299970223356,226.0688066015303,222.477495131341,224.04293823242188,422753,39029.0,61330.646,-0.03,-0.054545,-0.069,0.003,0.004,0.0033,21.44,24.81,27.11,31.32,1.0821,7.585,7.995,8.08,8.345,136072.4,1.58,36.3,6.7,23.76,4.7
2020-04-27,226.25296890716893,228.83135316145442,223.49041735994817,226.71339416503906,396760,39029.0,61330.646,-0.03,-0.054545,-0.069,0.003,0.004,0.0033,19.99,23.07,25.62,30.38,1.083,7.387,7.675,7.7825,8.1925,137694.3,1.56,36.7,6.7,24.05,4.75
2020-04-28,225.79252213436942,234.54060120032997,224.04291194160228,234.26434326171875,549913,39029.0,61330.646,-0.03,-0.054545,-0.069,0.003,0.004,0.0033,20.46,22.74,25.16,29.86,1.082,7.255,7.2525,7.4275,7.6,142280.4,1.51,38.0,6.7,24.85,4.91
2020-04-29,234.81685850731648,237.39522845791944,231.87013995586852,235.92189025878906,586855,39029.0,61330.646,-0.03,-0.054545,-0.069,0.003,0.004,0.0033,22.54,24.23,26.36,30.54,1.0875,6.565,6.825,7.025,7.768,143287.1,1.5,38.2,6.7,25.02,4.95
2020-04-30,236.47439142325476,244.30162048339844,234.17227928015805,244.30162048339844,900066,39029.0,61330.646,-0.03,-0.054545,-0.069,0.003,0.004,0.0033,26.48,28.31,29.78,32.95,1.0957,6.375,6.5825,6.775,7.05,148376.6,1.45,39.6,6.7,25.91,5.12
2020-05-04,234.81685915692324,237.11898522708915,227.26588845699152,230.3967742919922,897571,39029.0,61330.646,-0.03,-0.054545,-0.069,0.003,0.004,0.0033,27.2,28.68,29.87,32.5,1.0908,7.4,7.2,7.4,7.475,139931.4,1.54,37.3,6.7,24.44,4.83
2020-05-05,232.0543343230234,232.88309418232288,227.45008165788406,228.5550994873047,581627,39029.0,61330.646,-0.03,-0.054545,-0.069,0.003,0.004,0.0033,30.97,31.91,32.85,35.08,1.084,7.075,7.087,7.35,7.4,138812.9,1.55,37.0,6.7,24.24,4.79
2020-05-06,229.19967471108362,230.67304107289254,223.76666259765625,223.76666259765625,459210,39029.0,61330.646,-0.03,-0.054545,-0.069,0.003,0.004,0.0033,29.72,30.6,31.49,33.78,1.0795,7.15,7.275,7.515,7.525,135904.6,1.58,36.3,6.7,23.74,4.69
2020-05-07,224.22710072467603,229.29177856445312,223.7666754665145,229.29177856445312,362429,39029.0,61330.646,-0.03,-0.054545,-0.069,0.003,0.004,0.0033,29.46,30.4,31.23,33.49,1.0834,7.15,7.275,7.475,7.527,139260.3,1.55,37.2,6.7,24.32,4.81
2020-05-08,230.02844874438034,234.63270106492013,228.6471730482184,233.4355926513672,288748,39029.0,61330.646,-0.03,-0.054545,-0.069,0.003,0.004,0.0033,30.97,32.08,33.06,35.33,1.08405,6.925,7.05,7.35,7.35,141777.1,1.52,37.8,6.7,24.76,4.9
2020-05-11,234.0801868924956,236.19814578577757,231.59389343127899,235.6456298828125,304902,39029.0,61330.646,-0.03,-0.054545,-0.069,0.003,0.004,0.0033,29.6,30.62,31.54,33.9,1.0808,7.0225,7.055,7.355,7.382,143119.3,1.5,38.2,6.7,25.0,4.94
2020-05-12,235.18519655913002,237.39523199285898,231.04136958259124,233.2514190673828,334961,39029.0,61330.646,-0.03,-0.054545,-0.069,0.003,0.004,0.0033,29.98,30.81,31.6,33.8,1.0848,6.8,6.8,7.2,7.275,141665.2,1.52,37.8,6.7,24.74,4.89
2020-05-13,230.5809521813739,232.42265312228284,223.95083160431435,225.97669982910156,442631,39029.0,61330.646,-0.03,-0.054545,-0.069,0.003,0.004,0.0033,29.19,29.96,30.73,33.17,1.08175,6.74,6.84,7.202,7.275,137246.9,1.57,36.6,6.7,23.97,4.74
2020-05-14,221.92495463133335,225.7004470317935,220.17534442686403,222.2932891845703,575666,39029.0,61330.646,-0.03,-0.054545,-0.069,0.003,0.004,0.0033,31.13,31.64,32.22,34.26,1.0805,6.65,6.825,7.1625,7.25,135009.8,1.59,36.0,6.7,23.58,4.66
2020-05-15,222.56955176831383,225.2400265137125,221.00410880780447,223.4904022216797,467095,39029.0,61330.646,-0.108,-0.280767,0.031,0.001,0.004,0.0012,32.5,32.8,33.28,35.11,1.0816,6.525,6.7325,7.155,7.25,135736.9,1.59,36.2,6.7,23.71,4.69
2020-05-18,228.4629929864769,233.5276702557767,225.88460902098456,230.48886108398438,479406,39029.0,61330.646,-0.108,-0.280767,0.031,0.001,0.004,0.0012,34.81,35.05,35.49,37.11,1.09135,6.7,6.805,7.025,7.14,139987.4,1.54,37.4,6.7,24.45,4.83
2020-05-19,234.26433473746172,234.35642539733536,226.25293911562375,228.64715576171875,795889,39029.0,61330.646,-0.108,-0.280767,0.031,0.001,0.004,0.0012,34.65,34.94,35.42,37.01,1.0923,6.775,6.65,7.0,7.1,138868.8,1.55,37.1,6.7,24.25,4.79
2020-05-20,228.27881826489875,233.8960115646319,226.25295010880345,233.2514190673828,530873,39029.0,61330.646,-0.108,-0.280767,0.031,0.001,0.004,0.0012,35.75,36.02,36.47,37.88,1.0979,6.875,6.775,7.035,7.1,141665.2,1.52,37.8,6.7,24.74,4.89
2020-05-21,231.87013214242867,231.96220875124035,228.00256329578914,228.64715576171875,322842,39029.0,61330.646,-0.108,-0.280767,0.031,0.001,0.004,0.0012,36.06,36.41,36.83,38.18,1.09505,6.5,6.525,6.9,6.963,138868.8,1.55,37.1,6.7,24.25,4.79
2020-05-22,225.60837054956608,229.01551455989787,224.13500414187826,228.4630126953125,396693,39029.0,61330.646,-0.108,-0.280767,0.031,0.001,0.004,0.0012,35.13,35.66,36.14,37.66,1.0902,6.4,6.525,6.883,6.975,138756.9,1.55,37.0,6.7,24.23,4.79
2020-05-25,230.3967815778164,231.22555541992188,227.818397487482,231.22555541992188,246269,39029.0,61330.646,-0.108,-0.280767,0.031,0.001,0.004,0.0012,35.13,35.66,36.14,37.66,1.09,6.4125,6.512,6.85,6.95,140434.8,1.53,37.5,6.7,24.53,4.85
2020-05-26,233.43561257682816,233.61977987515718,226.80549147953346,228.83135986328125,486109,39029.0,61330.646,-0.108,-0.280767,0.031,0.001,0.004,0.0012,36.17,36.74,37.19,38.66,1.09815,6.15,6.088,6.5,6.6,138980.7,1.55,37.1,6.7,24.27,4.8
2020-05-27,228.6471876060491,231.50181579589844,225.42421077646623,231.50181579589844,754988,39029.0,61330.646,-0.108,-0.280767,0.031,0.001,0.004,0.0012,34.74,35.45,35.94,37.57,1.1005,6.325,6.175,6.5,6.55,140602.6,1.53,37.5,6.7,24.56,4.85
2020-05-28,232.60684660086307,240.89450126762452,231.22557082306952,239.60531616210938,782291,39029.0,61330.646,-0.108,-0.280767,0.031,0.001,0.004,0.0012,35.29,36.03,36.5,38.05,1.10775,6.675,6.438,6.645,6.7,145524.2,1.48,38.8,6.7,25.42,5.02
2020-05-29,239.42112033189701,242.64409695174948,235.18520258252286,241.1707305908203,944068,39029.0,61330.646,-0.108,-0.280767,0.031,0.001,0.004,0.0012,37.84,38.17,38.5,39.81,1.1099,6.412,6.1875,6.535,6.625,146474.9,1.47,39.1,6.7,25.58,5.06
2020-06-01,243.10453497364145,243.74914157237706,237.1190066504268,238.31610107421875,528947,39029.0,61330.646,-0.108,-0.280767,0.031,0.001,0.004,0.0012,38.32,38.43,38.63,39.71,1.1135,6.4,6.2,6.45,6.5225,144741.3,1.49,38.6,6.7,25.28,5.0
2020-06-02,239.51322762341144,242.92035771104298,238.59237709667946,240.5261688232422,553456,39029.0,61330.646,-0.108,-0.280767,0.031,0.001,0.004,0.0012,39.57,39.66,39.85,40.8,1.1171,6.537,6.157,6.36,6.455,146083.5,1.47,39.0,6.7,25.51,5.04
2020-06-03,242.18368247407275,250.0109117555542,240.89449738931302,248.9979705810547,693777,39029.0,61330.646,-0.108,-0.280767,0.031,0.001,0.004,0.0012,39.79,39.97,40.24,41.25,1.1234,6.975,6.313,6.4,6.35,151228.8,1.42,40.4,6.7,26.41,5.22
2020-06-04,245.77498129079743,251.2079933653,243.65703648108268,245.40664672851562,811075,39029.0,61330.646,-0.108,-0.280767,0.031,0.001,0.004,0.0012,39.99,40.17,40.49,41.57,1.1338,6.95,6.488,6.5,6.4,149047.7,1.44,39.8,6.7,26.03,5.15
2020-06-05,245.40667576234537,248.35340881347656,242.3678801363462,248.35340881347656,908549,39029.0,61330.646,-0.108,-0.280767,0.031,0.001,0.004,0.0012,42.3,42.42,42.62,43.34,1.1286,6.85,6.387,6.463,6.325,150837.3,1.43,40.3,6.7,26.34,5.21
2020-06-08,246.88003167623341,246.88003167623341,242.3678697186155,243.7491455078125,587405,39029.0,61330.646,-0.108,-0.280767,0.031,0.001,0.004,0.0012,40.8,41.0,41.24,42.03,1.1294,7.025,6.425,6.5,6.35,148040.9,1.45,39.5,6.7,25.85,5.11
2020-06-09,244.02534714318756,249.36626802849116,240.15776436271048,244.94619750976562,766846,39029.0,61330.646,-0.108,-0.280767,0.031,0.001,0.004,0.0012,41.18,41.51,41.8,42.65,1.1342,7.325,6.7,6.7,6.5025,148768.1,1.45,39.7,6.7,25.98,5.14
2020-06-10,246.78793385813037,248.905878766062,245.49874877929688,245.49874877929688,516923,39029.0,61330.646,-0.108,-0.280767,0.031,0.001,0.004,0.0012,41.73,41.94,42.14,42.86,1.1371,7.6625,7.012,6.965,6.6625,149103.7,1.44,39.8,6.7,26.04,5.15
2020-06-11,244.5779053609051,247.4325476123378,242.0915976994994,243.7491455078125,708544,39029.0,61330.646,-0.108,-0.280767,0.031,0.001,0.004,0.0012,38.55,38.88,39.18,40.07,1.1299,8.225,7.688,7.6,7.225,148040.9,1.45,39.5,6.7,25.85,5.11
2020-06-12,243.28871447662954,246.2354192291098,240.24989095116672,242.55201721191406,612904,39029.0,61330.646,-0.108,-0.280767,0.031,0.001,0.004,0.0012,38.73,38.98,39.28,40.2,1.1256,8.1,7.65,7.575,7.213,147313.9,1.46,39.3,6.7,25.73,5.09
2020-06-15,239.42114855346793,242.45994419810253,234.90898637423226,240.24990844726562,426842,39029.0,61330.646,-0.108,-0.280767,0.031,0.003,0.002,0.006500000000000001,39.72,39.93,40.2,41.16,1.1324,7.7525,7.41,7.44,7.175,145915.7,1.48,38.9,6.7,25.48,5.04
2020-06-16,244.94625194015416,250.56344604492188,242.45994415705277,250.56344604492188,670621,39029.0,61330.646,-0.108,-0.280767,0.031,0.003,0.002,0.006500000000000001,40.96,41.13,41.35,42.21,1.1264,7.9,7.25,7.35,7.075,152179.7,1.41,40.6,6.7,26.58,5.25
2020-06-17,251.0238606864649,255.53602267360932,249.82673813338377,254.33892822265625,600863,39029.0,61330.646,-0.108,-0.280767,0.031,0.003,0.002,0.006500000000000001,40.71,40.77,40.91,41.58,1.12445,7.713,7.3125,7.3625,7.1,154472.7,1.39,41.2,6.7,26.98,5.33
2020-06-18,254.15474419793662,256.6410518494197,252.4051338256952,254.70726013183594,445527,39029.0,61330.646,-0.108,-0.280767,0.031,0.003,0.002,0.006500000000000001,41.51,41.47,41.51,41.95,1.12035,7.438,7.438,7.55,7.2,154696.4,1.39,41.3,6.7,27.02,5.34
2020-06-19,255.996408719545,260.692751334465,255.81222740048,257.1014404296875,1242672,39029.0,61330.646,-0.108,-0.280767,0.031,0.003,0.002,0.006500000000000001,42.19,42.14,42.15,42.53,1.1177,7.3,7.325,7.475,7.2,156150.5,1.38,41.7,6.7,27.27,5.39
2020-06-22,255.16766622592826,258.8510680390716,253.3259653193566,254.79933166503906,422481,39029.0,61330.646,-0.108,-0.280767,0.031,0.003,0.002,0.006500000000000001,43.08,43.07,43.08,43.48,1.126,7.338,7.24,7.475,7.2525,154752.3,1.39,41.3,6.7,27.03,5.34
2020-06-23,256.0884990254849,259.956053801396,255.53598317117653,258.390625,539055,39029.0,61330.646,-0.108,-0.280767,0.031,0.003,0.002,0.006500000000000001,42.63,42.73,42.8,43.27,1.1308,7.575,7.425,7.62,7.35,156933.6,1.37,41.9,6.7,27.41,5.42
2020-06-24,258.57478635869654,260.7848498455205,256.5489322986073,256.9172668457031,502849,39029.0,61330.646,-0.108,-0.280767,0.031,0.003,0.002,0.006500000000000001,40.31,40.53,40.72,41.36,1.1252,7.7,7.588,7.725,7.45,156038.7,1.38,41.6,6.7,27.25,5.39
2020-06-25,256.917301598817,260.6927944470389,252.95765550319916,258.7590026855469,418344,39029.0,61330.646,-0.108,-0.280767,0.031,0.003,0.002,0.006500000000000001,41.05,41.12,41.23,41.86,1.1218,7.227,7.457,7.64,7.45,157157.3,1.37,41.9,6.7,27.45,5.43
2020-06-26,260.5086025093673,264.468276546176,259.4956613324103,262.53448486328125,446788,39029.0,61330.646,-0.108,-0.280767,0.031,0.003,0.002,0.006500000000000001,41.02,40.93,40.97,41.44,1.1219,7.025,7.19,7.5,7.375,159450.3,1.35,42.6,6.7,27.85,5.51
2020-06-29,261.06107799899667,264.0998729570776,258.2064362523044,262.7185974121094,536457,39029.0,61330.646,-0.108,-0.280767,0.031,0.003,0.002,0.006500000000000001,41.71,41.85,41.95,42.5,1.1242,7.305,7.3,7.575,7.4125,159562.1,1.35,42.6,6.7,27.87,5.51
2020-06-30,261.70572983097964,264.83661598819816,260.9690325514338,263.0870056152344,488088,38108.0,59394.778,-0.108,-0.280767,0.031,0.003,0.002,0.006500000000000001,41.27,41.39,41.56,42.16,1.1233,7.1,7.315,7.505,7.3525,159785.8,1.35,42.6,6.7,27.91,5.52
2020-07-01,262.5344766338366,264.92869349465076,259.77192520261866,264.0078430175781,389681,38108.0,59394.778,-0.108,-0.280767,0.031,0.003,0.002,0.006500000000000001,42.03,42.11,42.24,42.74,1.1252,6.825,7.0,7.31,7.25,160345.1,1.34,42.8,6.7,28.0,5.54
2020-07-02,265.94156838678106,273.6767337662355,264.92865548901085,273.21630859375,643082,38108.0,59394.778,-0.108,-0.280767,0.031,0.003,0.002,0.006500000000000001,43.14,43.19,43.26,43.63,1.124,6.637,6.825,7.15,7.1625,165937.9,1.3,44.3,6.7,28.98,5.73
2020-07-03,273.26297998276146,274.0093623389799,268.97137396712657,270.1842346191406,376582,38108.0,59394.778,-0.108,-0.280767,0.031,0.003,0.002,0.006500000000000001,43.14,43.19,43.26,43.63,1.1249,6.425,6.59,6.875,6.85,161967.1,1.33,43.2,6.7,28.29,5.59
2020-07-06,275.22218753120876,275.22218753120876,270.5574046916968,270.8372802734375,506832,38108.0,59394.778,-0.108,-0.280767,0.031,0.003,0.002,0.006500000000000001,43.1,43.24,43.39,43.85,1.1309,6.875,6.727,6.9,6.9,162358.5,1.33,43.3,6.7,28.36,5.61
2020-07-07,270.1842351661885,270.74401481659174,267.2920640320846,268.97137451171875,401150,38108.0,59394.778,-0.108,-0.280767,0.031,0.003,0.002,0.006500000000000001,43.08,43.26,43.45,43.99,1.1272,6.7,6.588,6.8775,6.85,161240.0,1.34,43.0,6.7,28.16,5.57
2020-07-08,268.1317213065885,270.1842372164505,265.2395501505377,266.26580810546875,415196,38108.0,59394.778,-0.108,-0.280767,0.031,0.003,0.002,0.006500000000000001,43.29,43.46,43.65,44.22,1.133,6.613,6.475,6.6875,6.702,159618.0,1.35,42.6,6.7,27.88,5.51
2020-07-09,266.8255872052265,269.06467734759855,265.3328509531198,267.4786682128906,389413,38108.0,59394.778,-0.108,-0.280767,0.031,0.003,0.002,0.006500000000000001,42.35,42.55,42.76,43.41,1.1283,6.613,6.6,6.825,6.7875,160345.1,1.34,42.8,6.7,28.0,5.54
2020-07-10,262.8138868618987,269.9043342784499,262.25410720491413,269.25128173828125,410211,38108.0,59394.778,-0.108,-0.280767,0.031,0.003,0.002,0.006500000000000001,43.24,43.46,43.68,44.28,1.13,6.55,6.475,6.75,6.7,161407.8,1.33,43.1,6.7,28.19,5.57
2020-07-13,271.02387687779077,271.3970538022405,266.26579279422725,268.5048828125,504337,38108.0,59394.778,-0.108,-0.280767,0.031,0.003,0.002,0.006500000000000001,42.72,42.96,43.2,43.85,1.1342,6.875,6.6,6.785,6.775,160960.4,1.34,43.0,6.7,28.11,5.56
2020-07-14,265.42614489507525,266.63897705078125,263.3736290467997,266.63897705078125,428156,38108.0,59394.778,-0.108,-0.280767,0.031,0.003,0.002,0.006500000000000001,42.9,43.13,43.37,44.04,1.1398,7.0,6.625,6.825,6.738,159841.8,1.35,42.7,6.7,27.92,5.52
2020-07-15,268.2250296553065,275.12890298516254,267.5719486292542,271.58367919921875,669782,38108.0,59394.778,-0.108,-0.280767,0.031,0.004,0.009000000000000001,0.009899999999999999,43.79,43.93,44.08,44.58,1.14115,6.855,6.525,6.7,6.6375,162806.0,1.32,43.5,6.7,28.43,5.62
2020-07-16,268.03838085057384,270.37077201172247,266.4523719439358,267.851806640625,492938,38108.0,59394.778,-0.108,-0.280767,0.031,0.004,0.009000000000000001,0.009899999999999999,43.37,43.5,43.68,44.25,1.1384,6.35,6.305,6.485,6.443,160568.9,1.34,42.9,6.7,28.04,5.54
2020-07-17,268.1317119208355,271.21048567785846,267.5719322857791,270.8372802734375,543783,38108.0,59394.778,-0.108,-0.280767,0.031,0.004,0.009000000000000001,0.009899999999999999,43.14,43.3,43.53,44.19,1.1428,6.688,6.463,6.6375,6.55,162358.5,1.33,43.3,6.7,28.36,5.61
2020-07-20,270.83730969417456,271.02391241665543,267.19878437842146,270.55743408203125,312238,38108.0,59394.778,-0.108,-0.280767,0.031,0.004,0.009000000000000001,0.009899999999999999,43.28,43.46,43.7,44.38,1.1446,6.375,6.287,6.55,6.475,162190.7,1.33,43.3,6.7,28.33,5.6
2020-07-21,271.4903681530532,272.33002339117024,268.4116227894324,270.1842346191406,416791,38108.0,59394.778,-0.108,-0.280767,0.031,0.004,0.009000000000000001,0.009899999999999999,44.32,44.55,44.78,45.36,1.15275,6.6,6.475,6.725,6.6875,161967.1,1.33,43.2,6.7,28.29,5.59
2020-07-22,270.09089646101336,270.5573746932431,266.91885017616556,267.851806640625,367759,38108.0,59394.778,-0.108,-0.280767,0.031,0.004,0.009000000000000001,0.009899999999999999,44.29,44.56,44.81,45.43,1.157,6.8,6.6,6.7625,6.75,160568.9,1.34,42.9,6.7,28.04,5.54
2020-07-23,269.8110471655416,272.9830937590604,268.784789260457,271.7702331542969,582375,38108.0,59394.778,-0.108,-0.280767,0.031,0.004,0.009000000000000001,0.009899999999999999,43.31,43.67,43.95,44.65,1.1596,6.775,6.668,6.825,6.725,162917.8,1.32,43.5,6.7,28.45,5.63
2020-07-24,268.50488471717074,269.4378412707003,264.30658022628785,265.79931640625,428271,38108.0,59394.778,-0.108,-0.280767,0.031,0.004,0.009000000000000001,0.009899999999999999,43.34,43.78,44.16,45.08,1.1656,7.05,6.832,6.95,6.775,159338.3,1.35,42.5,6.7,27.83,5.5
2020-07-27,264.77305372910615,268.59818122392386,264.3065754607522,266.452392578125,296912,38108.0,59394.778,-0.108,-0.280767,0.031,0.004,0.009000000000000001,0.009899999999999999,43.41,43.9,44.34,45.41,1.17515,8.15,7.588,7.605,7.3,159729.9,1.35,42.6,6.7,27.9,5.52
2020-07-28,264.21332011772176,267.57194109549187,263.74684181841195,267.4786682128906,400223,38108.0,59394.778,-0.108,-0.280767,0.031,0.004,0.009000000000000001,0.009899999999999999,43.22,43.61,44.03,45.1,1.1716,7.875,7.4,7.35,7.1,160345.1,1.34,42.8,6.7,28.0,5.54
2020-07-29,268.41163074496296,271.9568545094574,268.0384253200044,269.8110656738281,476150,38108.0,59394.778,-0.108,-0.280767,0.031,0.004,0.009000000000000001,0.009899999999999999,43.75,44.09,44.46,45.48,1.1792,7.88,7.45,7.4275,7.2,161743.3,1.33,43.2,6.7,28.25,5.58
2020-07-30,269.2513060971263,269.2513060971263,260.7613945342535,265.4261779785156,739285,38108.0,59394.778,-0.108,-0.280767,0.031,0.004,0.009000000000000001,0.009899999999999999,42.94,43.25,43.59,44.59,1.1847,7.85,7.707,7.665,7.42,159114.7,1.35,49.0,5.81,27.79,5.49
2020-07-31,261.2278332390128,269.81104486263865,261.2278332390128,264.0267028808594,820618,38108.0,59394.778,-0.108,-0.280767,0.031,0.004,0.009000000000000001,0.009899999999999999,43.52,43.85,44.17,45.07,1.1776,7.863,7.628,7.6125,7.35,158275.8,1.36,48.7,5.81,27.64,5.46
2020-08-03,264.0267122627001,265.8926254235672,259.4552307128906,259.4552307128906,799679,38108.0,59394.778,-0.108,-0.280767,0.031,0.004,0.009000000000000001,0.009899999999999999,44.15,44.53,44.91,45.96,1.1763,7.885,7.655,7.7,7.53,155535.4,1.38,47.9,5.81,27.16,5.37
2020-08-04,259.36190151383875,263.00042609256013,256.9362089708337,262.7205505371094,563331,38108.0,59394.778,-0.108,-0.280767,0.031,0.004,0.009000000000000001,0.009899999999999999,44.43,44.84,45.24,46.27,1.1802,7.85,8.055,7.75,7.575,157492.9,1.37,48.5,5.81,27.51,5.44
2020-08-05,264.1200213582049,267.29206813035813,263.56024169921875,263.56024169921875,389639,38108.0,59394.778,-0.108,-0.280767,0.031,0.004,0.009000000000000001,0.009899999999999999,45.17,45.57,45.97,46.97,1.1863,8.325,8.515,8.11,7.96,157996.1,1.36,48.6,5.81,27.59,5.46
2020-08-06,263.8400841149832,263.8400841149832,258.89542610414566,260.29486083984375,459896,38108.0,59394.778,-0.108,-0.280767,0.031,0.004,0.009000000000000001,0.009899999999999999,45.09,45.46,45.83,46.8,1.18765,7.95,8.325,8.0,7.83,156038.7,1.38,48.0,5.81,27.25,5.39
2020-08-07,259.36191593220923,261.0412263014141,258.05578248154166,258.9887390136719,320887,38108.0,59394.778,-0.108,-0.280767,0.031,0.004,0.009000000000000001,0.009899999999999999,44.4,44.77,45.11,46.07,1.1788,7.425,7.988,7.7,7.6,155255.8,1.39,47.8,5.81,27.11,5.36
2020-08-10,259.73509217423145,259.921694868801,256.8429212378459,257.4960021972656,334963,38108.0,59394.778,-0.108,-0.280767,0.031,0.004,0.009000000000000001,0.009899999999999999,44.99,45.39,45.73,46.67,1.1738,7.125,7.6,7.35,7.3,154360.8,1.39,47.5,5.81,26.96,5.33
2020-08-11,259.26865317268084,261.5077434887315,256.6563858825514,258.6156005859375,536760,38108.0,59394.778,-0.108,-0.280767,0.031,0.004,0.009000000000000001,0.009899999999999999,44.5,44.99,45.37,46.38,1.174,7.325,7.675,7.35,7.3,155031.9,1.39,47.7,5.81,27.08,5.35
2020-08-12,258.89545756359,264.12002023936867,258.0558023144557,263.2803649902344,428098,38108.0,59394.778,-0.108,-0.280767,0.031,0.004,0.009000000000000001,0.009899999999999999,45.43,45.91,46.3,47.28,1.1784,7.438,7.793,7.44,7.3675,157828.3,1.36,48.6,5.81,27.56,5.45
2020-08-13,263.18706475042006,264.5864996620973,262.6272850914339,263.56024169921875,310595,38108.0,59394.778,-0.108,-0.280767,0.031,0.004,0.009000000000000001,0.009899999999999999,44.96,45.43,45.82,46.86,1.1814,7.613,8.125,7.65,7.515,157996.1,1.36,48.6,5.81,27.59,5.46
2020-08-14,262.06745890748675,262.06745890748675,257.2161024912148,259.828369140625,398626,38108.0,59394.778,-0.108,-0.280767,0.031,0.004,0.009000000000000001,0.009899999999999999,44.8,45.33,45.77,46.88,1.18425,7.4125,8.075,7.725,7.6,155759.0,1.38,48.0,5.81,27.2,5.38
2020-08-17,260.8546801525025,261.1345557536338,257.6826332961819,260.20159912109375,240834,38108.0,59394.778,0.108,0.351954,0.048,-0.002,0.002,0.0131,45.37,45.92,46.39,47.5,1.187,7.725,8.225,7.835,7.7,155982.7,1.38,48.0,5.81,27.24,5.39
2020-08-18,259.9217266670392,262.53399388114923,258.2423876251879,260.48150634765625,349567,38108.0,59394.778,0.108,0.351954,0.048,-0.002,0.002,0.0131,45.46,46.01,46.49,47.56,1.1931,8.163,8.625,8.15,8.05,156150.5,1.38,48.1,5.81,27.27,5.39
2020-08-19,261.5077088145677,264.3998798054574,260.2948766917306,264.0267028808594,330311,38108.0,59394.778,0.108,0.351954,0.048,-0.002,0.002,0.0131,45.37,45.88,46.36,47.48,1.18375,8.025,8.55,8.1,8.0,158275.8,1.36,48.7,5.81,27.64,5.46
2020-08-20,262.06747247741345,263.09373031123994,259.17530166265624,260.29486083984375,432282,38108.0,59394.778,0.108,0.351954,0.048,-0.002,0.002,0.0131,44.9,45.48,45.97,47.12,1.1861,7.875,8.425,7.95,7.8,156038.7,1.38,48.0,5.81,27.25,5.39
2020-08-21,260.38817430533044,260.7613512245749,254.04405279187762,255.5367889404297,571880,38108.0,59394.778,0.108,0.351954,0.048,-0.002,0.002,0.0131,44.35,44.93,45.39,46.47,1.1797,7.675,8.125,7.67,7.55,153186.3,1.41,47.2,5.81,26.75,5.29
2020-08-24,257.4027281263572,262.06751126917476,256.6563742121371,259.9217224121094,493377,38108.0,59394.778,0.108,0.351954,0.048,-0.002,0.002,0.0131,45.13,45.64,46.07,47.09,1.1788,7.787,8.225,7.715,7.525,155815.0,1.38,48.0,5.81,27.21,5.38
2020-08-25,258.5222673052797,263.0937487343633,258.5222673052797,260.1082763671875,291682,38108.0,59394.778,0.108,0.351954,0.048,-0.002,0.002,0.0131,45.86,46.29,46.66,47.58,1.1835,7.575,7.9575,7.515,7.37,155926.8,1.38,48.0,5.81,27.23,5.38
2020-08-26,259.5485222034458,262.81387011089316,258.61556565846087,262.5339660644531,219847,38108.0,59394.778,0.108,0.351954,0.048,-0.002,0.002,0.0131,45.64,46.16,46.58,47.55,1.18305,7.45,7.8,7.3625,7.2,157380.9,1.37,48.5,5.81,27.49,5.43
2020-08-27,263.37360661156475,263.7468119860601,261.2278180660796,261.78759765625,315510,38108.0,59394.778,0.108,0.351954,0.048,-0.002,0.002,0.0131,45.09,45.6,46.01,47.01,1.1822,7.088,7.625,7.25,7.05,156933.6,1.37,48.3,5.81,27.41,5.42
2020-08-28,261.4144705988954,262.06752318563866,258.0558208890303,258.6156005859375,326994,38108.0,59394.778,0.108,0.351954,0.048,-0.002,0.002,0.0131,45.81,46.25,46.64,47.62,1.1905,7.488,7.925,7.45,7.23,155031.9,1.39,47.7,5.81,27.08,5.35
2020-08-31,260.0150324296696,263.5602563476619,257.7759136692768,258.335693359375,397147,38108.0,59394.778,0.108,0.351954,0.048,-0.002,0.002,0.0131,45.28,45.66,46.03,46.99,1.19365,7.9075,8.05,7.6225,7.375,154864.1,1.39,47.7,5.81,27.05,5.35
2020-09-01,259.2686542705809,261.78764868154116,256.1899086319212,258.8954772949219,385950,38108.0,59394.778,0.108,0.351954,0.048,-0.002,0.002,0.0131,45.58,46.0,46.37,47.32,1.1912,7.825,8.063,7.625,7.45,155199.8,1.39,47.8,5.81,27.1,5.36
2020-09-02,260.10823293691516,264.49313940563655,259.2685778712112,262.34735107421875,401513,38108.0,59394.778,0.108,0.351954,0.048,-0.002,0.002,0.0131,44.43,44.87,45.27,46.4,1.1855,7.65,7.875,7.44,7.225,157269.1,1.37,48.4,5.81,27.47,5.43
2020-09-03,264.0267258834735,266.2658160977105,257.86920644063895,259.9217224121094,468256,38108.0,59394.778,0.108,0.351954,0.048,-0.002,0.002,0.0131,44.07,44.59,45.05,46.29,1.18505,7.675,8.025,7.45,7.212,155815.0,1.38,48.0,5.81,27.21,5.38
2020-09-04,258.0557829705847,262.0674846777178,254.32395683499146,255.5367889404297,529663,38108.0,59394.778,0.108,0.351954,0.048,-0.002,0.002,0.0131,42.66,43.18,43.65,44.98,1.184,7.225,7.875,7.375,7.15,153186.3,1.41,47.2,5.81,26.75,5.29
2020-09-07,256.0965945406836,260.85467904067286,255.53681486923017,259.9217224121094,324980,38108.0,59394.778,0.108,0.351954,0.048,-0.002,0.002,0.0131,42.66,43.18,43.65,44.98,1.1818,7.5,7.875,7.375,7.1775,155815.0,1.38,48.0,5.81,27.21,5.38
2020-09-08,260.2016104985174,260.3882132218155,255.44352577019873,257.4027404785156,496577,38108.0,59394.778,0.108,0.351954,0.048,-0.002,0.002,0.0131,39.78,40.36,40.89,42.27,1.1781,7.7,8.125,7.55,7.3,154304.9,1.4,47.5,5.81,26.95,5.33
2020-09-09,257.5893161946835,265.1462701506899,257.5893161946835,263.6535339355469,410061,38108.0,59394.778,0.108,0.351954,0.048,-0.002,0.002,0.0131,40.79,41.34,41.85,43.18,1.1803,7.5,7.988,7.4375,7.213,158052.1,1.36,48.7,5.81,27.6,5.46
2020-09-10,263.7468175045471,265.1462522734678,261.9741773533223,262.62725830078125,332851,38108.0,59394.778,0.108,0.351954,0.048,-0.002,0.002,0.0131,40.06,40.63,41.15,42.53,1.1815,7.4,8.15,7.555,7.35,157436.9,1.37,48.5,5.81,27.5,5.44
2020-09-11,262.813886688318,264.39989583188805,260.66806941655705,263.2803649902344,334697,38108.0,59394.778,0.108,0.351954,0.048,-0.002,0.002,0.0131,39.83,40.43,40.96,42.38,1.18465,7.015,8.075,7.5,7.2725,157828.3,1.36,48.6,5.81,27.56,5.45
2020-09-14,264.3065778056097,265.2395343505947,261.8809135659082,262.5339660644531,189731,38108.0,59394.778,0.108,0.351954,0.048,-0.002,0.002,0.0131,39.61,40.28,40.86,42.38,1.1869,7.05,7.9,7.4125,7.15,157380.9,1.37,48.5,5.81,27.49,5.43
2020-09-15,261.97417918212795,264.3998718261719,261.69430361501935,264.3998718261719,353217,38108.0,59394.778,0.108,0.351954,0.048,-0.003,0.0,0.0137,40.53,41.15,41.69,43.08,1.18465,7.2,7.9975,7.44,7.25,158499.4,1.36,48.8,5.81,27.68,5.47
2020-09-16,264.39988720093214,264.866365487621,261.0412378424573,262.1607971191406,314831,38108.0,59394.778,0.108,0.351954,0.048,-0.003,0.0,0.0137,42.22,42.79,43.27,44.46,1.1816,6.847,7.887,7.3425,7.2,157157.3,1.37,48.4,5.81,27.45,5.43
2020-09-17,259.4552324181223,261.7876238845355,257.68262059796336,261.22784423828125,413185,38108.0,59394.778,0.108,0.351954,0.048,-0.003,0.0,0.0137,43.3,43.82,44.23,45.24,1.18485,6.6,7.8,7.3,7.125,156597.9,1.37,48.2,5.81,27.35,5.41
2020-09-18,261.5076773417908,261.97415555929064,256.09654140742083,258.0557556152344,1187172,38108.0,59394.778,0.108,0.351954,0.048,-0.003,0.0,0.0137,43.15,43.68,44.1,45.12,1.1839,6.387,7.645,7.2,7.085,154696.4,1.39,47.6,5.81,27.02,5.34
2020-09-21,257.4959959610082,257.5892973060333,251.52508000985014,252.9245147705078,590993,38108.0,59394.778,0.108,0.351954,0.048,-0.003,0.0,0.0137,41.44,41.96,42.41,43.53,1.1771,6.863,7.9,7.4,7.215,151620.4,1.42,46.7,5.81,26.48,5.24
2020-09-22,253.39100030109316,257.86918027517544,252.7379193387348,255.5367889404297,540608,38108.0,59394.778,0.108,0.351954,0.048,-0.003,0.0,0.0137,41.72,42.19,42.58,43.66,1.1708,6.755,7.775,7.3,7.2,153186.3,1.41,47.2,5.81,26.75,5.29
2020-09-23,258.3356975956442,260.9479933684138,257.21616666866714,258.8954772949219,351352,38108.0,59394.778,0.108,0.351954,0.048,-0.003,0.0,0.0137,41.77,42.26,42.66,43.72,1.1661,6.825,7.875,7.35,7.28,155199.8,1.39,47.8,5.81,27.1,5.36
2020-09-24,257.2161094552662,258.80211836693053,254.3239387119617,255.72337341308594,461520,38108.0,59394.778,0.108,0.351954,0.048,-0.003,0.0,0.0137,41.94,42.46,42.91,44.02,1.1674,6.713,7.863,7.3,7.15,153298.3,1.4,47.2,5.81,26.77,5.29
2020-09-25,255.5368205374526,255.90999750284033,251.2452142565503,252.55137634277344,526413,38108.0,59394.778,0.108,0.351954,0.048,-0.003,0.0,0.0137,41.92,42.41,42.84,43.86,1.1632,6.512,7.7,7.225,7.025,151396.6,1.42,46.6,5.81,26.44,5.23
2020-09-28,254.9770351977767,261.0412532834395,254.88376231218177,259.9217224121094,466324,38108.0,59394.778,0.108,0.351954,0.048,-0.003,0.0,0.0137,42.43,42.87,43.26,44.21,1.1666,6.557,7.51,7.1375,7.035,155815.0,1.38,48.0,5.81,27.21,5.38
2020-09-29,261.3211248774366,264.3998699804328,260.57474258440163,262.62725830078125,469416,38108.0,59394.778,0.108,0.351954,0.048,-0.003,0.0,0.0137,41.03,41.56,41.98,42.96,1.1744,6.705,7.425,7.075,7.025,157436.9,1.37,48.5,5.81,27.5,5.44
2020-09-30,261.32113034399754,263.0004407132024,258.9887390136719,258.9887390136719,443368,38108.0,59394.778,0.108,0.351954,0.048,-0.003,0.0,0.0137,42.3,42.75,43.12,44.09,1.172,6.45,7.2625,7.0,7.0,155255.8,1.39,47.8,5.81,27.11,5.36
2020-10-01,261.22786234251924,263.7468566894531,259.0820734333367,263.7468566894531,570367,38108.0,59394.778,0.108,0.351954,0.048,-0.003,0.0,0.0137,40.93,41.44,41.87,42.96,1.1749,7.0375,7.313,7.05,7.05,158108.0,1.36,48.7,5.81,27.61,5.46
2020-10-02,261.6942702055769,262.44062393696487,259.3618792055272,262.34735107421875,412923,38108.0,59394.778,0.108,0.351954,0.048,-0.003,0.0,0.0137,39.27,39.81,40.26,41.44,1.1715,7.3,7.2,7.05,7.1,157269.1,1.37,48.4,5.81,27.47,5.43
2020-10-05,263.56023570469443,264.12001535094873,260.2015862987443,261.22784423828125,348253,38108.0,59394.778,0.108,0.351954,0.048,-0.003,0.0,0.0137,41.29,41.82,42.25,43.36,1.1783,7.7,7.325,7.1125,7.15,156597.9,1.37,48.2,5.81,27.35,5.41
2020-10-06,261.04125755669605,261.9742142005321,258.05581337936707,260.48150634765625,318896,38108.0,59394.778,0.108,0.351954,0.048,-0.003,0.0,0.0137,42.65,43.13,43.51,44.51,1.1735,7.55,7.233,7.075,7.15,156150.5,1.38,48.1,5.81,27.27,5.39
2020-10-07,260.2948859409658,261.4144452261162,258.1490971945987,259.4552307128906,282402,38108.0,59394.778,0.108,0.351954,0.048,-0.003,0.0,0.0137,41.99,42.46,42.85,43.87,1.1762,7.575,7.205,7.1025,7.15,155535.4,1.38,47.9,5.81,27.16,5.37
2020-10-08,260.76132558278164,261.0412011268002,258.89541269846836,259.828369140625,374683,38108.0,59394.778,0.108,0.351954,0.048,-0.003,0.0,0.0137,43.34,43.77,44.1,44.97,1.17595,7.25,6.815,6.852,7.0,155759.0,1.38,48.0,5.81,27.2,5.38
2020-10-09,260.29487243079325,263.4669189453125,259.5485185938148,263.4669189453125,298494,38108.0,59394.778,0.108,0.351954,0.048,-0.003,0.0,0.0137,42.85,43.32,43.68,44.56,1.1826,7.1,6.75,6.8,6.95,157940.2,1.36,48.6,5.81,27.58,5.45
2020-10-12,264.0266805825693,269.064639818099,262.34737032791674,268.1316833496094,381384,38108.0,59394.778,0.108,0.351954,0.048,-0.003,0.0,0.0137,41.72,42.2,42.57,43.53,1.1814,7.25,6.75,6.7,6.9,160736.6,1.34,49.5,5.81,28.07,5.55
2020-10-13,268.9713373150333,270.1841978017737,266.54567328469614,267.851806640625,272332,38108.0,59394.778,0.108,0.351954,0.048,-0.003,0.0,0.0137,42.45,42.9,43.24,44.12,1.1746,7.175,6.6,6.6,6.8225,160568.9,1.34,49.4,5.81,28.04,5.54
2020-10-14,268.69149155589196,271.39705990849393,267.4786594062488,270.8372802734375,318972,38108.0,59394.778,0.108,0.351954,0.048,-0.003,0.0,0.0137,43.32,43.7,43.99,44.75,1.1747,6.903,6.325,6.375,6.575,162358.5,1.33,50.0,5.81,28.36,5.61
2020-10-15,267.75852053531713,268.59817570679263,264.6797754160491,265.61273193359375,466084,38108.0,59394.778,0.108,0.351954,0.048,-0.003,0.001,0.0118,43.16,43.52,43.81,44.57,1.1708,6.95,6.513,6.4775,6.64,159226.5,1.35,49.0,5.81,27.81,5.5
2020-10-16,267.012198521921,274.00937323715397,265.6127635788744,271.8635559082031,594379,38108.0,59394.778,0.108,0.351954,0.048,-0.003,0.001,0.0118,42.93,43.27,43.57,44.37,1.172,6.75,6.225,6.3,6.462,162973.7,1.32,50.2,5.81,28.46,5.63
2020-10-19,273.6361389410661,275.22217643116335,259.36191541648617,269.157958984375,208460,38108.0,59394.778,0.108,0.351954,0.048,-0.003,0.001,0.0118,42.62,42.98,43.32,44.23,1.1767,7.213,6.475,6.405,6.55,162638.2,1.32,50.1,5.81,28.4,5.62
2020-10-20,271.2104888521973,272.60992372043034,269.34457569455316,271.1171875,394040,38108.0,59394.778,0.108,0.351954,0.048,-0.003,0.001,0.0118,43.16,43.53,43.86,44.74,1.1823,7.5625,6.775,6.6625,6.73,162526.3,1.32,50.0,5.81,28.38,5.61
2020-10-21,271.86350479349665,271.86350479349665,265.8925891867746,267.5718994140625,368886,38108.0,59394.778,0.108,0.351954,0.048,-0.003,0.001,0.0118,41.73,42.07,42.4,43.3,1.1863,7.85,6.9675,6.825,6.825,160401.1,1.34,49.4,5.81,28.01,5.54
2020-10-22,267.4786472645952,268.31830244327796,263.9333953845507,266.1724853515625,466759,38108.0,59394.778,0.108,0.351954,0.048,-0.003,0.001,0.0118,42.46,42.78,43.07,43.89,1.1818,7.575,6.9,6.775,6.83,159562.1,1.35,49.1,5.81,27.87,5.51
2020-10-23,270.55741529019457,271.956850196868,267.29206717462324,269.25128173828125,349866,38108.0,59394.778,0.108,0.351954,0.048,-0.003,0.001,0.0118,41.77,42.07,42.35,43.14,1.1861,7.45,6.825,6.775,6.775,161407.8,1.33,49.7,5.81,28.19,5.57
2020-10-26,267.5719201398916,268.9713549282207,265.89260978252616,266.1724853515625,321701,38108.0,59394.778,0.108,0.351954,0.048,-0.003,0.001,0.0118,40.46,40.81,41.16,42.08,1.181,7.813,7.025,6.8625,6.875,159562.1,1.35,49.1,5.81,27.87,5.51
2020-10-27,268.2249835320944,268.41158621361507,265.05293724724663,267.851806640625,540314,38108.0,59394.778,0.108,0.351954,0.048,-0.003,0.001,0.0118,41.2,41.61,41.95,42.83,1.1796,8.2,7.175,6.975,6.9,160568.9,1.34,49.4,5.81,28.04,5.54
2020-10-28,264.67978626784566,266.172493979859,257.21613382148075,260.1082763671875,855798,38108.0,59394.778,0.108,0.351954,0.048,-0.003,0.001,0.0118,39.12,39.64,40.03,41.05,1.17455,8.625,7.425,7.175,7.075,155926.8,1.38,48.0,5.81,27.23,5.38
2020-10-29,259.361925675539,262.5339723096299,257.40271119014983,260.38818359375,552255,38108.0,59394.778,0.108,0.351954,0.048,-0.003,0.001,0.0118,37.65,38.26,38.69,39.85,1.1675,8.25,7.375,7.1575,7.035,156094.6,1.38,48.1,5.81,27.26,5.39
2020-10-30,257.40269246827893,259.08203125,256.6563386574515,259.08203125,617257,38108.0,59394.778,0.108,0.351954,0.048,-0.003,0.001,0.0118,37.94,38.4,38.85,40.04,1.1649,7.9125,7.125,7.0,6.95,155311.6,1.39,47.8,5.81,27.12,5.36
2020-11-02,260.5747876484365,266.54573313904393,258.2423959635361,264.86639404296875,444034,38108.0,59394.778,0.108,0.351954,0.048,-0.003,0.001,0.0118,38.97,39.46,39.94,41.18,1.1642,8.275,7.275,7.1,7.0,158779.1,1.36,48.9,5.81,27.73,5.48
2020-11-03,264.49319790343617,271.3037697412434,264.0267196002555,270.7440185546875,400905,38108.0,59394.778,0.108,0.351954,0.048,-0.003,0.001,0.0118,39.71,40.15,40.6,41.73,1.17145,8.413,7.33,7.1,6.98,162302.6,1.33,50.0,5.81,28.35,5.6
2020-11-04,268.2249855832679,279.79364013671875,267.1987277702001,279.79364013671875,614168,38108.0,59394.778,0.108,0.351954,0.048,-0.003,0.001,0.0118,41.23,41.61,41.99,43.02,1.1724,6.7625,6.43,6.425,6.525,167727.5,1.28,51.6,5.81,29.29,5.79
2020-11-05,280.72660939342137,282.77912511303447,277.1813860285332,278.76739501953125,649321,38108.0,59394.778,0.108,0.351954,0.048,-0.003,0.001,0.0118,40.93,41.3,41.66,42.65,1.1823,6.725,6.625,6.613,6.5925,167285.1,1.29,51.5,5.81,29.19,5.77
2020-11-06,276.9015320404511,277.74121583215515,273.72948501354415,277.088134765625,509611,38108.0,59394.778,0.108,0.351954,0.048,-0.003,0.001,0.0118,39.45,39.84,40.22,41.29,1.1874,6.795,6.767,6.76,6.715,166277.3,1.3,51.1,5.81,29.01,5.74
2020-11-09,280.16682903524907,298.07960544598444,279.3271738691525,290.14947509765625,1089975,38108.0,59394.778,0.108,0.351954,0.048,-0.003,0.001,0.0118,42.4,42.75,43.08,43.97,1.18145,6.725,6.555,6.525,6.588,174115.3,1.24,53.6,5.81,30.38,6.01
2020-11-10,288.8433196014767,295.374014683357,286.6042298391463,294.25445556640625,930593,38108.0,59394.778,0.108,0.351954,0.048,-0.003,0.001,0.0118,43.61,43.91,44.19,44.91,1.18155,6.338,6.225,6.225,6.255,176578.6,1.22,54.3,5.81,30.81,6.09
2020-11-11,295.6539142838121,299.47904169447366,295.09413467978817,297.6131286621094,524230,38108.0,59394.778,0.108,0.351954,0.048,-0.003,0.001,0.0118,43.8,44.08,44.34,45.06,1.1778,6.4375,6.325,6.285,6.325,178594.2,1.21,54.9,5.81,31.16,6.16
2020-11-12,296.4002744476614,299.8521962168383,296.0270690917969,296.0270690917969,453721,38108.0,59394.778,0.108,0.351954,0.048,-0.003,0.001,0.0118,43.53,43.79,44.05,44.78,1.1806,6.338,6.387,6.338,6.35,177642.4,1.21,54.6,5.81,30.99,6.13
2020-11-13,296.9600476690011,297.4265259270244,293.13494873046875,293.13494873046875,419390,38108.0,59394.778,0.108,0.351954,0.048,-0.003,0.001,0.0118,42.78,42.96,43.19,43.95,1.1834,6.0975,6.175,6.25,6.275,175906.8,1.23,54.1,5.81,30.69,6.07
2020-11-16,294.81427972748526,299.385761282109,292.94836656465304,296.2137145996094,525178,38108.0,59394.778,0.005,0.0441,0.064,-0.003,0.002,0.0117,43.82,43.99,44.19,44.81,1.1854,5.89,6.005,6.077,6.155,177754.4,1.21,54.7,5.81,31.01,6.13
2020-11-17,295.84053223723345,299.10588021232087,294.5343987415135,295.3740539550781,381848,38108.0,59394.778,0.005,0.0441,0.064,-0.003,0.002,0.0117,43.75,43.96,44.18,44.81,1.1863,6.253,6.12,6.135,6.25,177250.6,1.22,54.5,5.81,30.92,6.11
2020-11-18,294.34774221823596,296.1203536719875,291.3622703697084,293.5080871582031,439978,38108.0,59394.778,0.005,0.0441,0.064,-0.003,0.002,0.0117,44.34,44.49,44.66,45.18,1.18535,6.15,6.065,6.1,6.205,176130.8,1.22,54.2,5.81,30.73,6.08
2020-11-19,292.48188475313066,293.88131960840883,289.68301504257437,289.962890625,590761,38108.0,59394.778,0.005,0.0441,0.064,-0.003,0.002,0.0117,44.2,44.37,44.52,45.0,1.1875,6.0,6.037,6.1,6.2,174003.4,1.24,53.5,5.81,30.36,6.0
2020-11-20,289.21653624419463,293.50814215374606,289.02993354185867,291.1757507324219,557991,38108.0,59394.778,0.005,0.0441,0.064,-0.003,0.002,0.0117,44.96,45.07,45.14,45.47,1.1855,5.813,5.9,5.985,6.11,174731.2,1.23,53.7,5.81,30.48,6.03
2020-11-23,292.202010544141,292.38858477611,285.76458740234375,285.76458740234375,405422,38108.0,59394.778,0.005,0.0441,0.064,-0.003,0.002,0.0117,46.06,46.04,46.03,46.14,1.1841,6.048,5.938,6.055,6.15,171484.0,1.26,52.7,5.81,29.92,5.91
2020-11-24,287.2573386100824,287.2573386100824,276.0618591308594,276.0618591308594,745532,38108.0,59394.778,0.005,0.0441,0.064,-0.003,0.002,0.0117,47.86,47.78,47.78,47.84,1.189,6.025,5.975,6.05,6.1,165661.4,1.3,51.0,5.81,28.9,5.71
2020-11-25,276.71495376380307,283.99200439453125,275.7819970946544,283.99200439453125,625003,38108.0,59394.778,0.005,0.0441,0.064,-0.003,0.002,0.0117,48.61,48.53,48.54,48.58,1.19145,6.325,6.165,6.2,6.213,170420.2,1.26,52.4,5.81,29.73,5.88
2020-11-26,285.6713316501678,287.07076659592974,284.45847094756135,285.2981262207031,311986,38108.0,59394.778,0.005,0.0441,0.064,-0.003,0.002,0.0117,48.61,48.53,48.54,48.58,1.1915,6.025,6.1,6.15,6.2,171204.1,1.26,52.7,5.81,29.87,5.91
2020-11-27,284.55174431695184,289.0299243142939,284.55174431695184,288.5634460449219,641870,38108.0,59394.778,0.005,0.0441,0.064,-0.003,0.002,0.0117,48.61,48.53,48.54,48.58,1.19635,6.028,6.175,6.2,6.2275,173163.6,1.24,53.3,5.81,30.21,5.97
2020-11-30,288.0969923381348,288.8433747157096,286.04450486085113,286.2310791015625,839593,38108.0,59394.778,0.005,0.0441,0.064,-0.003,0.002,0.0117,47.88,47.95,48.03,48.11,1.193,6.225,6.2625,6.25,6.3,171763.9,1.25,52.8,5.81,29.97,5.92
2020-12-01,288.4701842458586,288.75005982959976,284.27187966029095,285.76458740234375,490243,38108.0,59394.778,0.005,0.0441,0.064,-0.003,0.002,0.0117,47.42,47.4,47.41,47.42,1.20705,6.54,6.5125,6.48,6.415,171484.0,1.26,52.7,5.81,29.92,5.91
2020-12-02,286.0445128737651,286.7908668006709,283.9919968674082,285.85791015625,374308,38108.0,59394.778,0.005,0.0441,0.064,-0.003,0.002,0.0117,48.25,48.19,48.16,48.05,1.2116,6.825,6.675,6.575,6.45,171539.9,1.26,52.8,5.81,29.93,5.92
2020-12-03,288.4701868496957,288.4701868496957,283.05902158539806,284.5517578125,305790,38108.0,59394.778,0.005,0.0441,0.064,-0.003,0.002,0.0117,48.71,48.6,48.54,48.36,1.2142,6.65,6.775,6.6425,6.475,170756.2,1.26,52.5,5.81,29.79,5.89
2020-12-04,284.92493217954524,287.07074938400274,282.4992393913467,285.76458740234375,373771,38108.0,59394.778,0.005,0.0441,0.064,-0.003,0.002,0.0117,49.25,49.19,49.16,49.02,1.2122,6.97,6.9,6.7,6.525,171484.0,1.26,52.7,5.81,29.92,5.91
2020-12-07,285.6713208296447,285.9511964195653,282.12606868505367,283.6188049316406,336150,38108.0,59394.778,0.005,0.0441,0.064,-0.003,0.002,0.0117,48.79,48.8,48.82,48.8,1.21095,7.275,7.035,6.73,6.525,170196.3,1.27,52.3,5.81,29.69,5.87
2020-12-08,283.2456120539861,284.9249224421925,281.65957454278913,284.3651428222656,293842,38108.0,59394.778,0.005,0.0441,0.064,-0.003,0.002,0.0117,48.84,48.81,48.83,48.81,1.2103,6.825,6.693,6.525,6.4,170644.3,1.26,52.5,5.81,29.77,5.89
2020-12-09,285.85790260258557,285.85790260258557,280.26016288397784,281.7528991699219,406239,38108.0,59394.778,0.005,0.0441,0.064,-0.003,0.002,0.0117,48.86,48.77,48.74,48.66,1.20825,6.9,6.675,6.5125,6.4,169076.6,1.27,52.0,5.81,29.5,5.83
2020-12-10,283.89868688549274,285.4847245214648,281.4730224609375,281.4730224609375,472432,38108.0,59394.778,0.005,0.0441,0.064,-0.003,0.002,0.0117,50.25,50.12,50.04,49.8,1.2138,6.7375,6.725,6.6,6.45,168908.6,1.28,52.0,5.81,29.47,5.83
2020-12-11,280.819925506844,282.5925372825058,279.14061508181175,282.2193603515625,343934,38108.0,59394.778,0.005,0.0441,0.064,-0.003,0.002,0.0117,49.97,49.9,49.84,49.62,1.2113,7.012,6.912,6.75,6.6,169356.6,1.27,52.1,5.81,29.55,5.84
2020-12-14,283.33890132714436,285.1115129883885,281.5662611943273,282.40594482421875,393292,38108.0,59394.778,0.005,0.0441,0.064,-0.003,0.002,0.0117,50.29,50.25,50.22,50.03,1.21445,6.95,6.86,6.682,6.6,169468.5,1.27,52.1,5.81,29.57,5.85
2020-12-15,282.2193603515625,285.6713110238314,282.2193603515625,282.2193603515625,393158,38108.0,59394.778,0.005,0.0441,0.064,-0.003,0.0,0.0136,50.76,50.71,50.66,50.43,1.2153,6.8,6.725,6.6525,6.575,169356.6,1.27,52.1,5.81,29.55,5.84
2020-12-16,284.9249423671133,289.4031511681168,283.52550745522024,288.6567687988281,442581,38108.0,59394.778,0.005,0.0441,0.064,-0.003,0.0,0.0136,51.08,51.06,51.04,50.82,1.2199,6.762,6.725,6.675,6.62,173219.5,1.24,53.3,5.81,30.22,5.97
2020-12-17,290.24279751676625,290.4293717496825,284.2718811035156,284.2718811035156,422866,38108.0,59394.778,0.005,0.0441,0.064,-0.003,0.0,0.0136,51.5,51.56,51.58,51.41,1.2268,6.7,6.9,6.78,6.65,170588.2,1.26,52.5,5.81,29.76,5.88
2020-12-18,284.27187425098487,286.0444860146236,283.05901364417707,284.9249267578125,1098408,38108.0,59394.778,0.005,0.0441,0.064,-0.003,0.0,0.0136,52.26,52.26,52.25,52.02,1.2257,6.45,6.675,6.575,6.5,170980.1,1.26,52.6,5.81,29.83,5.9
2020-12-21,282.77912577633634,282.77912577633634,274.47581847583086,275.7819519042969,541781,38108.0,59394.778,0.005,0.0441,0.064,-0.003,0.0,0.0136,50.91,50.98,51.02,50.88,1.2244,6.925,6.875,6.625,6.5,165493.6,1.3,50.9,5.81,28.87,5.71
2020-12-22,277.7411548796984,282.40593726953836,277.64785353758714,281.5662536621094,393271,38108.0,59394.778,0.005,0.0441,0.064,-0.003,0.0,0.0136,50.08,50.16,50.23,50.15,1.2163,6.912,6.693,6.55,6.44,168964.7,1.28,52.0,5.81,29.48,5.83
2020-12-23,282.49921408592076,284.551729754748,282.21933852725004,283.3388977050781,275271,38108.0,59394.778,0.005,0.0441,0.064,-0.003,0.0,0.0136,51.2,51.24,51.3,51.15,1.2187,6.725,6.625,6.475,6.365,170028.3,1.27,52.3,5.81,29.66,5.86
2020-12-24,284.36513666756326,284.36513666756326,281.19309018539815,282.0327453613281,57182,38108.0,59394.778,0.005,0.0441,0.064,-0.003,0.0,0.0136,51.29,51.34,51.42,51.3,1.2188,6.45,6.59,6.4,6.3,169244.6,1.27,52.1,5.81,29.53,5.84
2020-12-28,283.52550635874564,288.93667174675136,281.0065406100254,288.37689208984375,211319,38108.0,59394.778,0.005,0.0441,0.064,-0.003,0.0,0.0136,50.86,50.9,50.99,50.89,1.2216,6.688,6.55,6.43,6.3325,173051.6,1.25,53.2,5.81,30.19,5.97
2020-12-29,289.216557496112,292.10872876538855,286.8841659034014,291.2690734863281,265633,38108.0,59394.778,0.005,0.0441,0.064,-0.003,0.0,0.0136,51.09,51.23,51.32,51.19,1.2249,6.775,6.525,6.475,6.375,174787.1,1.23,53.8,5.81,30.49,6.03
2020-12-30,290.5226570168894,292.8550483360224,289.8696045304764,292.2019958496094,269391,38108.0,59394.778,0.005,0.0441,0.064,-0.003,0.0,0.0136,51.63,51.68,51.67,51.32,1.2297,7.037,6.7375,6.6,6.45,175347.0,1.23,53.9,5.81,30.59,6.05
2020-12-31,290.7092729640934,293.0416643895569,289.58971369124083,289.962890625,122207,38108.0,59394.778,0.005,0.0441,0.064,-0.003,0.0,0.0136,51.82,51.78,51.66,51.2,1.2215,6.8,6.55,6.45,6.35,174003.4,1.24,53.5,5.81,30.36,6.0
2021-01-04,293.69475527282,294.90761605544924,290.2428325951339,290.8026123046875,349345,38108.0,59394.778,0.005,0.0441,0.064,-0.003,0.0,0.0136,51.09,51.16,51.16,50.8,1.225,7.025,6.625,6.55,6.452,174507.2,1.24,53.7,5.81,26.17,7.08
2021-01-05,288.19028509616237,290.89585351415667,286.0444963267541,287.8171081542969,322124,38108.0,59394.778,0.005,0.0441,0.064,-0.003,0.0,0.0136,53.6,53.54,53.43,52.77,1.2296,6.825,6.475,6.463,6.4275,172715.7,1.25,53.1,5.81,25.9,7.0
2021-01-06,287.3506005381293,288.56343259333,284.4584297085284,288.0969543457031,398623,38108.0,59394.778,0.005,0.0441,0.064,-0.003,0.0,0.0136,54.3,54.18,54.0,53.16,1.2327,6.675,6.45,6.45,6.4,172883.6,1.25,53.2,5.81,25.93,7.01
2021-01-07,289.40314029354806,289.96289146001124,286.1377922884958,286.9774475097656,331112,38108.0,59394.778,0.005,0.0441,0.064,-0.003,0.0,0.0136,54.38,54.3,54.13,53.3,1.2272,6.475,6.433,6.42,6.4,172211.9,1.25,53.0,5.81,25.83,6.98
2021-01-08,287.07074938400274,289.5897150523982,282.3126651593777,285.76458740234375,398161,38108.0,59394.778,0.005,0.0441,0.064,-0.003,0.0,0.0136,55.99,55.83,55.58,54.57,1.2219,6.5,6.475,6.475,6.45,171484.0,1.26,52.7,5.81,25.72,6.95
2021-01-11,285.20482967501033,286.04448487849635,282.87243829222996,284.6450500488281,307312,38108.0,59394.778,0.005,0.0441,0.064,-0.003,0.0,0.0136,55.66,55.59,55.4,54.52,1.2151,6.9,6.625,6.6,6.55,170812.3,1.26,52.5,5.81,25.62,6.93
2021-01-12,282.68584605897723,283.15232435280393,278.95401970836366,280.35345458984375,430525,38108.0,59394.778,0.005,0.0441,0.064,-0.003,0.0,0.0136,56.58,56.49,56.29,55.37,1.2209,6.6125,6.3875,6.45,6.475,168236.8,1.28,51.7,5.81,25.23,6.82
2021-01-13,280.2601191372569,281.75285519019485,278.021029293636,281.286376953125,315865,38108.0,59394.778,0.005,0.0441,0.064,-0.003,0.0,0.0136,56.06,56.04,55.94,55.23,1.21575,6.5,6.288,6.35,6.4,168796.7,1.28,51.9,5.81,25.32,6.84
2021-01-14,280.6333241294069,280.81992683154624,277.7411815472722,278.02105712890625,354408,38108.0,59394.778,0.005,0.0441,0.064,-0.003,0.0,0.0136,56.42,56.39,56.3,55.57,1.2158,6.275,6.263,6.3125,6.335,166837.2,1.29,51.3,5.81,25.02,6.76
2021-01-15,275.4088124169833,278.3942565917969,275.4088124169833,278.3942565917969,484814,38108.0,59394.778,0.005,0.0441,0.064,0.009000000000000001,0.008,0.014,55.1,55.13,55.09,54.49,1.208,6.257,6.243,6.285,6.35,167061.1,1.29,51.4,5.81,25.06,6.77
2021-01-18,276.71493641715017,278.67415099385903,276.1551567564367,276.99481201171875,249021,38108.0,59394.778,0.005,0.0441,0.064,0.009000000000000001,0.008,0.014,55.1,55.13,55.09,54.49,1.2078,6.337,6.275,6.317,6.325,166221.3,1.3,51.1,5.81,24.93,6.74
2021-01-19,277.3679401731658,278.58080063663436,274.7556735114309,277.1813659667969,348186,38108.0,59394.778,0.005,0.0441,0.064,0.009000000000000001,0.008,0.014,55.9,55.84,55.72,54.97,1.21285,6.125,6.087,6.15,6.2,166333.4,1.3,51.2,5.81,24.95,6.74
2021-01-20,277.7412045988857,278.7674341311008,273.6361725837162,273.91607666015625,426602,38108.0,59394.778,0.005,0.0441,0.064,0.009000000000000001,0.008,0.014,56.08,55.97,55.8,54.97,1.2106,5.95,5.9775,6.075,6.1775,164373.9,1.31,50.6,5.81,24.65,6.66
2021-01-21,274.66242682594446,276.0618617742474,273.0764176341473,274.8490295410156,406093,38108.0,59394.778,0.005,0.0441,0.064,0.009000000000000001,0.008,0.014,56.1,55.98,55.79,54.95,1.2164,5.9,6.087,6.155,6.25,164933.8,1.31,50.7,5.81,24.74,6.69
2021-01-22,275.1288945357563,276.4350280761719,273.3562826972226,276.4350280761719,374284,38108.0,59394.778,0.005,0.0441,0.064,0.009000000000000001,0.008,0.014,55.41,55.25,55.07,54.29,1.2168,5.875,6.1,6.163,6.25,165885.5,1.3,51.0,5.81,24.88,6.73
2021-01-25,276.80825160422603,279.7936958245821,274.6624342095306,278.95404052734375,367808,38108.0,59394.778,0.005,0.0441,0.064,0.009000000000000001,0.008,0.014,55.88,55.68,55.5,54.67,1.2139,5.9,6.097,6.15,6.213,167397.0,1.29,51.5,5.81,25.11,6.79
2021-01-26,278.4875086734439,282.5925114821886,278.4875086734439,281.5662536621094,365835,38108.0,59394.778,0.005,0.0441,0.064,0.009000000000000001,0.008,0.014,55.91,55.64,55.42,54.52,1.21605,5.725,5.9,6.0,6.125,168964.7,1.28,52.0,5.81,25.34,6.85
2021-01-27,280.07358102331256,282.31267115552384,276.43502752794643,277.64788818359375,501854,38108.0,59394.778,0.005,0.0441,0.064,0.009000000000000001,0.008,0.014,55.81,55.53,55.34,54.52,1.211,5.925,6.075,6.125,6.2,166613.3,1.29,51.2,5.81,24.99,6.76
2021-01-28,276.6216179898972,278.86070802298786,276.2484410629778,277.4612731933594,414665,38108.0,59394.778,0.005,0.0441,0.064,0.009000000000000001,0.008,0.014,55.53,55.1,54.9,54.03,1.2123,5.85,6.075,6.1125,6.1875,166501.3,1.29,51.2,5.81,24.97,6.75
2021-01-29,274.84903118843243,274.84903118843243,270.6507263183594,270.6507263183594,663811,38108.0,59394.778,0.005,0.0441,0.064,0.009000000000000001,0.008,0.014,55.04,54.81,54.55,53.61,1.21365,5.7,5.975,6.047,6.125,162414.4,1.33,50.0,5.81,24.36,6.59
2021-02-01,273.6361402490476,277.4612677357745,272.7964850621012,276.6216125488281,391433,38108.0,59394.778,0.005,0.0441,0.064,0.009000000000000001,0.008,0.014,56.35,56.1,55.81,54.81,1.206,5.875,6.07,6.0975,6.18,165997.4,1.3,51.1,5.81,24.9,6.73
2021-02-02,277.6479026659878,281.28642787956727,276.80824738155826,278.3942565917969,549226,38108.0,59394.778,0.005,0.0441,0.064,0.009000000000000001,0.008,0.014,57.46,57.2,56.88,55.79,1.20435,5.95,6.075,6.1025,6.138,167061.1,1.29,51.4,5.81,25.06,6.77
2021-02-03,279.4205086689416,280.260163935568,274.28924724096436,276.0618591308594,356030,38108.0,59394.778,0.005,0.0441,0.064,0.009000000000000001,0.008,0.014,58.46,58.17,57.82,56.62,1.20345,5.9,6.0225,6.05,6.15,165661.4,1.3,51.0,5.81,24.85,6.72
2021-02-04,275.4088113230298,278.1143798828125,274.0093763640136,278.1143798828125,391934,38108.0,59394.778,0.005,0.0441,0.064,0.009000000000000001,0.008,0.014,58.84,58.57,58.21,56.97,1.19625,5.875,6.075,6.1,6.15,166893.2,1.29,51.3,5.81,25.03,6.77
2021-02-05,278.39424286076843,286.13779969909996,275.87527713172085,285.1115417480469,597291,38108.0,59394.778,0.005,0.0441,0.064,0.009000000000000001,0.008,0.014,59.34,59.08,58.72,57.44,1.2044,5.675,5.9,6.01,6.125,171092.1,1.26,52.6,5.81,25.66,6.94
2021-02-08,288.750063619543,289.1232405599543,286.3243707995064,287.5372314453125,494516,38108.0,59394.778,0.005,0.0441,0.064,0.009000000000000001,0.008,0.014,60.56,60.27,59.87,58.55,1.20485,5.375,5.788,5.915,6.0425,172547.7,1.25,53.1,5.81,25.88,7.0
2021-02-09,288.93665386952944,291.82879638671875,286.9774394273621,291.82879638671875,409709,38108.0,59394.778,0.005,0.0441,0.064,0.009000000000000001,0.008,0.014,61.09,60.71,60.26,58.9,1.2119,5.725,5.963,5.9875,6.1125,175123.1,1.23,53.9,5.81,26.27,7.1
2021-02-10,291.26903544761836,292.66847022048347,289.77629932891426,290.4293518066406,333236,38108.0,59394.778,0.005,0.0441,0.064,0.009000000000000001,0.008,0.014,61.47,61.07,60.6,59.18,1.2118,5.65,5.875,6.05,6.125,174283.3,1.24,53.6,5.81,26.14,7.07
2021-02-11,290.149482406073,291.92209412838696,287.8170910684036,288.2835693359375,354308,38108.0,59394.778,0.005,0.0441,0.064,0.009000000000000001,0.008,0.014,61.14,60.71,60.23,58.84,1.213,5.75,5.995,6.125,6.25,172995.6,1.29,48.5,6.37,25.95,7.01
2021-02-12,293.0416822570637,297.9863409919051,290.42938661832113,296.9600830078125,549397,38108.0,59394.778,0.005,0.0441,0.064,0.009000000000000001,0.008,0.014,62.43,61.88,61.32,59.77,1.212,5.588,5.925,6.075,6.25,178202.3,1.26,49.9,6.37,26.73,7.23
2021-02-15,297.6131433880518,298.0796216692243,290.52266781991494,293.8813171386719,452782,38108.0,59394.778,0.008,0.056361,0.187,0.009000000000000001,0.008,0.0168,62.43,61.88,61.32,59.77,1.21285,5.475,5.875,6.05,6.2,176354.8,1.27,49.4,6.37,26.45,7.15
2021-02-16,293.2282478492379,293.50815191204777,290.24280381363053,292.5751953125,387752,38108.0,59394.778,0.008,0.056361,0.187,0.009000000000000001,0.008,0.0168,63.35,62.76,62.17,60.52,1.2106,5.63,5.95,6.07,6.285,175571.0,1.28,49.2,6.37,26.33,7.12
2021-02-17,291.54888838999653,296.3069719428355,290.2427550643236,295.7471923828125,385368,38108.0,59394.778,0.008,0.056361,0.187,0.009000000000000001,0.008,0.0168,64.34,63.6,62.91,61.07,1.2038,5.9,6.0325,6.2,6.388,177474.4,1.26,49.7,6.37,26.62,7.2
2021-02-18,296.58689637835636,297.70645568295777,294.9075858930301,295.5606384277344,376328,38108.0,59394.778,0.008,0.056361,0.187,0.009000000000000001,0.008,0.0168,63.93,63.15,62.45,60.69,1.209,5.775,5.9,6.07,6.28,177362.5,1.26,49.7,6.37,26.6,7.19
2021-02-19,298.26624229402563,298.5461178909178,294.9075927734375,294.9075927734375,423226,38108.0,59394.778,0.008,0.056361,0.187,0.009000000000000001,0.008,0.0168,62.91,62.14,61.51,59.9,1.2119,5.65,5.81,6.0425,6.29,176970.6,1.27,49.6,6.37,26.54,7.18
2021-02-22,293.6014656901518,293.6014656901518,290.05621337890625,290.05621337890625,269044,38108.0,59394.778,0.008,0.056361,0.187,0.009000000000000001,0.008,0.0168,65.24,64.36,63.69,61.92,1.2156,5.95,6.025,6.1875,6.35,174059.3,1.29,48.8,6.37,26.11,7.06
2021-02-23,290.52270821412134,290.8958851966308,288.09701512044165,290.8026123046875,291515,38108.0,59394.778,0.008,0.056361,0.187,0.009000000000000001,0.008,0.0168,65.37,64.48,63.84,62.13,1.21495,6.075,6.125,6.232,6.44,174507.2,1.28,48.9,6.37,26.17,7.08
2021-02-24,289.58969176245466,291.64220745006867,284.64503370352946,286.604248046875,417372,38108.0,59394.778,0.008,0.056361,0.187,0.009000000000000001,0.008,0.0168,67.04,66.18,65.53,63.76,1.2165,5.9125,6.085,6.275,6.4,171987.8,1.3,48.2,6.37,25.8,6.97
2021-02-25,286.5109740442349,289.40314516311776,285.8578930436055,286.3243713378906,327936,38108.0,59394.778,0.008,0.056361,0.187,0.009000000000000001,0.008,0.0168,66.88,66.11,65.48,63.68,1.21775,6.7875,6.6,6.683,6.77,171819.8,1.3,48.2,6.37,25.77,6.97
2021-02-26,284.8316284777296,287.1640198949124,281.9394858976829,282.4992370605469,461133,38108.0,59394.778,0.008,0.056361,0.187,0.009000000000000001,0.008,0.0168,64.42,63.73,63.04,61.42,1.2076,6.675,6.475,6.55,6.7,169524.5,1.32,47.5,6.37,25.43,6.87
2021-03-01,285.5780109169436,286.88414441672097,283.61879643149,285.204833984375,344245,38108.0,59394.778,0.008,0.056361,0.187,0.009000000000000001,0.008,0.0168,63.69,63.02,62.33,60.77,1.2049,6.213,6.125,6.35,6.45,171148.1,1.31,48.0,6.37,25.67,6.94
2021-03-02,287.5372245873592,290.6159698617916,287.0707463050771,288.1902770996094,384509,38108.0,59394.778,0.008,0.056361,0.187,0.009000000000000001,0.008,0.0168,62.7,62.18,61.58,60.18,1.2091,6.1375,6.088,6.265,6.375,172939.6,1.29,48.5,6.37,25.94,7.01
2021-03-03,288.47018372067595,290.05619281161347,284.8316303092148,286.9774475097656,401635,38108.0,59394.778,0.008,0.056361,0.187,0.009000000000000001,0.008,0.0168,64.07,63.57,62.95,61.48,1.2064,6.025,6.075,6.25,6.455,172211.9,1.3,48.3,6.37,25.83,6.98
2021-03-04,286.697542629351,290.8958471951854,286.6042697495925,289.962890625,408762,38108.0,59394.778,0.008,0.056361,0.187,0.009000000000000001,0.008,0.0168,66.74,66.2,65.47,63.66,1.1968,6.388,6.338,6.4,6.5125,174003.4,1.29,48.8,6.37,26.1,7.06
2021-03-05,288.8433366248497,289.9628673362105,285.8578644514089,288.0969543457031,450797,38108.0,59394.778,0.008,0.056361,0.187,0.009000000000000001,0.008,0.0168,69.36,68.68,67.83,65.73,1.1918,6.275,6.213,6.35,6.45,172883.6,1.3,48.5,6.37,25.93,7.01
2021-03-08,288.93663796868964,288.93663796868964,283.8986501170616,288.0969543457031,475519,38108.0,59394.778,0.008,0.056361,0.187,0.009000000000000001,0.008,0.0168,68.24,67.7,66.93,65.03,1.1845,6.675,6.425,6.45,6.55,172883.6,1.3,48.5,6.37,25.93,7.01
2021-03-09,288.9366947135856,292.57522006533816,286.88417863230046,290.2428283691406,439111,38108.0,59394.778,0.008,0.056361,0.187,0.009000000000000001,0.008,0.0168,67.52,67.05,66.35,64.56,1.19,6.505,6.34,6.39,6.47,174171.4,1.29,48.8,6.37,26.12,7.06
2021-03-10,290.98914842549095,297.14666748046875,290.70927284318174,297.14666748046875,393490,38108.0,59394.778,0.008,0.056361,0.187,0.009000000000000001,0.008,0.0168,67.9,67.38,66.65,64.77,1.1927,6.46,6.35,6.37,6.455,178314.3,1.26,50.0,6.37,26.74,7.23
2021-03-11,298.5460992671885,300.4120123876084,296.5868847964326,299.5723571777344,380086,38108.0,59394.778,0.008,0.056361,0.187,0.009000000000000001,0.008,0.0168,69.63,69.0,68.19,66.15,1.1986,6.087,6.225,6.25,6.35,179769.9,1.25,50.4,6.37,26.96,7.29
2021-03-12,300.4120221092565,301.81145699485864,297.61315233805226,300.9718017578125,334619,38108.0,59394.778,0.008,0.056361,0.187,0.009000000000000001,0.008,0.0168,69.22,68.68,67.92,65.95,1.1954,6.2625,6.275,6.4,6.463,180609.7,1.24,50.6,6.37,27.09,7.32
2021-03-15,302.1846468590235,303.0243021319758,298.7327244098691,299.945556640625,334566,38108.0,59394.778,0.008,0.056361,0.187,0.013,0.014,0.0262,68.88,68.33,67.58,65.67,1.193,6.463,6.337,6.4,6.45,179993.8,1.24,50.4,6.37,27.0,7.3
2021-03-16,299.3857785777323,301.9980742395558,297.51986530710565,301.7181701660156,363752,38108.0,59394.778,0.008,0.056361,0.187,0.013,0.014,0.0262,68.39,67.87,67.18,65.38,1.1902,6.513,6.3875,6.4075,6.4575,181057.4,1.24,50.7,6.37,27.16,7.34
2021-03-17,302.1846149347443,304.5170062640825,300.412003218762,304.1438293457031,321663,38108.0,59394.778,0.008,0.056361,0.187,0.013,0.014,0.0262,68.0,67.57,66.98,65.36,1.1979,6.05,6.2,6.275,6.4,182513.1,1.23,51.2,6.37,27.37,7.4
2021-03-18,304.33044683466443,304.423719715113,300.4120178222656,300.4120178222656,385109,38108.0,59394.778,0.008,0.056361,0.187,0.013,0.014,0.0262,63.28,63.03,62.61,61.47,1.19155,6.0375,6.263,6.3,6.4,180273.8,1.24,50.5,6.37,27.04,7.31
2021-03-19,298.91925048828125,301.99802395512774,298.4527722482959,298.91925048828125,1112056,38108.0,59394.778,0.008,0.056361,0.187,0.013,0.014,0.0262,64.53,64.35,63.9,62.62,1.1904,6.025,6.175,6.263,6.375,179377.9,1.25,50.3,6.37,26.9,7.27
2021-03-22,298.0795874304864,300.97175813586335,295.84049763236516,299.29241943359375,286547,38108.0,59394.778,0.008,0.056361,0.187,0.013,0.014,0.0262,64.62,64.52,64.1,62.86,1.1933,6.012,6.175,6.275,6.375,179601.9,1.25,50.3,6.37,26.94,7.28
2021-03-23,298.8259791329919,303.11758506583163,298.45280219786997,300.13214111328125,308077,38108.0,59394.778,0.008,0.056361,0.187,0.013,0.014,0.0262,60.79,60.86,60.56,59.74,1.1851,6.25,6.275,6.35,6.4,180105.8,1.24,50.5,6.37,27.01,7.3
2021-03-24,299.29245506649164,299.8522347005606,296.2137097864748,296.8667907714844,328392,38108.0,59394.778,0.008,0.056361,0.187,0.013,0.014,0.0262,64.41,64.25,63.82,62.66,1.1813,6.15,6.275,6.35,6.4,178146.3,1.26,49.9,6.37,26.72,7.22
2021-03-25,295.3740532707162,302.18462478577464,294.9075749896417,301.0650939941406,374207,38108.0,59394.778,0.008,0.056361,0.187,0.013,0.014,0.0262,61.95,61.8,61.4,60.34,1.17645,6.1,6.275,6.325,6.4,180665.6,1.24,50.6,6.37,27.1,7.33
2021-03-26,301.15840273470747,302.4645648545124,300.0388718097609,301.90478515625,317440,38108.0,59394.778,0.008,0.056361,0.187,0.013,0.014,0.0262,64.57,64.43,63.95,62.62,1.1798,5.825,6.075,6.3,6.31,181169.6,1.24,50.8,6.37,27.17,7.35
2021-03-29,303.584084444106,305.82317468197317,303.39751019937034,304.7036437988281,271847,38108.0,59394.778,0.008,0.056361,0.187,0.013,0.014,0.0262,64.98,64.92,64.37,62.92,1.1764,5.955,6.13,6.22,6.33,182849.1,1.22,51.2,6.37,27.42,7.41
2021-03-30,305.54327505388056,306.1963560380455,303.4907592221406,305.8231506347656,303582,38108.0,59394.778,0.008,0.056361,0.187,0.013,0.014,0.0262,64.14,64.17,63.61,62.16,1.1716,6.05,6.075,6.225,6.3,183520.9,1.22,51.4,6.37,27.53,7.44
2021-03-31,305.9164556821772,307.03601496239554,304.0505425295301,304.89019775390625,384508,38108.0,59394.778,0.008,0.056361,0.187,0.013,0.014,0.0262,62.74,62.31,61.92,60.63,1.173,5.75,5.95,6.1,6.212,182961.1,1.22,51.3,6.37,27.44,7.42
2021-04-01,306.5695753017675,306.5695753017675,300.8318973287496,302.1380310058594,330383,38108.0,59394.778,0.008,0.056361,0.187,0.013,0.014,0.0262,64.86,64.46,64.12,62.9,1.1777,5.575,5.825,5.98,6.175,181309.6,1.24,50.8,6.37,27.19,7.35
2021-04-06,304.37706608799846,309.1817864943832,303.9105878257946,308.94854736328125,400388,38108.0,59394.778,0.008,0.056361,0.187,0.013,0.014,0.0262,62.74,62.43,62.18,61.29,1.18765,6.15,6.0625,6.175,6.2625,185396.4,1.21,52.0,6.37,27.81,7.52
2021-04-07,308.48208264738,309.22846498262606,305.96311700380875,308.52874755859375,274918,38108.0,59394.778,0.008,0.056361,0.187,0.013,0.014,0.0262,63.16,62.81,62.51,61.57,1.1872,6.1,6.125,6.2,6.3,185144.4,1.21,51.9,6.37,27.77,7.51
2021-04-08,308.99523215266055,317.06530091368626,308.90193079990223,316.8320617675781,386573,38108.0,59394.778,0.008,0.056361,0.187,0.013,0.014,0.0262,63.2,62.71,62.33,61.23,1.19135,5.75,5.925,6.075,6.25,190127.3,1.18,53.3,6.37,28.52,7.71
2021-04-09,316.59881047289224,318.2781208718017,314.07981640295367,315.7591552734375,283493,38108.0,59394.778,0.008,0.056361,0.187,0.013,0.014,0.0262,62.95,62.53,62.17,61.11,1.1898,5.625,5.85,6.05,6.25,189483.4,1.18,53.1,6.37,28.42,7.68
2021-04-12,316.2255782791111,316.69205647189835,313.8931873151748,314.4996032714844,230409,38108.0,59394.778,0.008,0.056361,0.187,0.013,0.014,0.0262,63.28,62.86,62.5,61.48,1.1911,5.65,5.775,6.0,6.25,188727.6,1.19,52.9,6.37,28.31,7.65
2021-04-13,315.05940616324364,318.46469152882673,314.77950214387084,317.2518310546875,317108,38108.0,59394.778,0.008,0.056361,0.187,0.013,0.014,0.0262,63.67,63.28,62.93,61.97,1.1948,5.675,5.75,5.962,6.225,190379.2,1.18,53.4,6.37,28.55,7.72
2021-04-14,320.7504430906879,321.356887611436,315.80578487856,316.4122009277344,328042,38108.0,59394.778,0.008,0.056361,0.187,0.013,0.014,0.0262,66.58,66.15,65.74,64.54,1.198,5.6,5.725,5.9,6.25,189875.2,1.18,53.2,6.37,28.48,7.7
2021-04-15,316.8320609037139,319.9574711473561,315.19938688540867,319.8175048828125,352134,38108.0,59394.778,0.008,0.056361,0.187,0.016,0.016,0.0416,66.94,66.45,65.99,64.64,1.1967,5.575,5.775,5.9575,6.22,191918.8,1.17,53.8,6.37,28.78,7.78
2021-04-16,313.4734269913049,316.225660432389,309.64829912239327,313.9865417480469,633124,38108.0,59394.778,0.008,0.056361,0.187,0.016,0.016,0.0416,66.77,66.29,65.81,64.45,1.1985,5.45,5.725,5.9,6.2,188424.8,1.19,52.8,6.37,28.26,7.64
2021-04-19,313.9398706904898,317.99823726891634,313.4733924279482,316.13232421875,318467,38108.0,59394.778,0.008,0.056361,0.187,0.016,0.016,0.0416,67.05,66.46,65.93,64.53,1.2035,5.8625,5.8125,5.975,6.3,189712.5,1.18,53.2,6.37,28.45,7.69
2021-04-20,316.31889535350444,317.2052154323123,314.91946057953834,314.96612548828125,433745,38108.0,59394.778,0.008,0.056361,0.187,0.016,0.016,0.0416,66.57,65.92,65.37,63.96,1.2035,5.95,5.875,6.0,6.3,189012.6,1.18,53.0,6.37,28.35,7.66
2021-04-21,314.7328985121464,320.2839729136129,314.68623360160166,319.63092041015625,404622,38108.0,59394.778,0.008,0.056361,0.187,0.016,0.016,0.0416,65.32,64.68,64.17,62.89,1.2035,5.797,5.8325,5.98,6.2825,191812.0,1.17,53.8,6.37,28.77,7.78
2021-04-22,319.72422476450936,325.5552032693219,319.21108157314103,324.3890075683594,387005,38108.0,59394.778,0.008,0.056361,0.187,0.016,0.016,0.0416,65.4,64.75,64.24,63.02,1.2016,5.55,5.775,5.9,6.275,194667.3,1.15,54.6,6.37,29.2,7.89
2021-04-23,325.3686012251555,327.1412129998808,320.75045485139435,322.28985595703125,370661,38108.0,59394.778,0.008,0.056361,0.187,0.016,0.016,0.0416,66.11,65.42,64.93,63.69,1.21,5.4375,5.725,5.875,6.3,193407.5,1.16,54.2,6.37,29.01,7.84
2021-04-26,321.73008857391375,322.9895856757611,318.32480268490133,319.7708740234375,278051,38108.0,59394.778,0.008,0.056361,0.187,0.016,0.016,0.0416,65.65,65.03,64.61,63.49,1.2084,5.425,5.625,5.825,6.325,192168.4,1.17,53.8,6.37,28.78,7.78
2021-04-27,319.4876782964017,321.1396310718582,316.9861267616371,317.3637390136719,350311,38108.0,59394.778,0.008,0.056361,0.187,0.016,0.016,0.0416,66.42,65.87,65.47,64.32,1.2092,5.325,5.5325,5.75,6.2,188495.9,1.19,52.8,6.37,28.23,7.63
2021-04-28,318.02448694447503,321.51719844684135,317.6469035190819,320.0068359375,270094,38108.0,59394.778,0.008,0.056361,0.187,0.016,0.016,0.0416,67.27,66.78,66.38,65.12,1.2125,5.317,5.567,5.75,6.27,190065.8,1.18,53.2,6.37,28.47,7.7
2021-04-29,321.7059810848964,324.49071290786793,321.65879395885383,323.87713623046875,332921,38108.0,59394.778,0.008,0.056361,0.187,0.016,0.016,0.0416,68.56,68.05,67.58,66.1,1.212,5.2,5.525,5.725,6.2,192364.6,1.17,53.8,6.37,28.81,7.79
2021-04-30,324.7738911995535,325.8122672357619,322.50836181640625,322.50836181640625,451657,38108.0,59394.778,0.008,0.056361,0.187,0.016,0.016,0.0416,66.76,66.28,65.8,64.35,1.202,5.325,5.625,5.75,6.2,191551.6,1.17,53.6,6.37,28.69,7.76
2021-05-03,322.69716194894403,327.22822063118826,322.55557176658044,326.237060546875,307182,38108.0,59394.778,0.008,0.056361,0.187,0.016,0.016,0.0416,67.56,67.14,66.7,65.26,1.2063,5.5,5.65,5.8,6.275,193766.3,1.16,54.2,6.37,29.02,7.85
2021-05-04,326.1898894161279,326.8978692329545,321.6116429802006,322.2252197265625,425421,38108.0,59394.778,0.008,0.056361,0.187,0.016,0.016,0.0416,68.88,68.45,68.0,66.52,1.2015,5.425,5.675,5.83,6.25,191383.5,1.17,53.6,6.37,28.66,7.75
2021-05-05,323.3107490760053,328.2666072735208,323.3107490760053,326.6146545410156,464054,38108.0,59394.778,0.008,0.056361,0.187,0.016,0.016,0.0416,68.96,68.55,68.1,66.64,1.2006,5.475,5.725,5.875,6.3,193990.6,1.16,54.3,6.37,29.05,7.85
2021-05-06,325.57625464341345,329.77694566435196,325.2458583595586,328.17218017578125,406481,38108.0,59394.778,0.008,0.056361,0.187,0.016,0.016,0.0416,68.09,67.72,67.3,65.97,1.2066,5.6,5.85,5.9875,6.35,194915.6,1.15,54.5,6.37,29.19,7.89
2021-05-07,330.39057616473315,331.6649455772087,327.8418373397821,330.2961730957031,350743,38108.0,59394.778,0.008,0.056361,0.187,0.016,0.016,0.0416,68.28,68.0,67.61,66.37,1.2164,5.775,6.025,6.125,6.4375,196177.1,1.14,54.9,6.37,29.38,7.94
2021-05-10,331.00411420682366,332.84487301051956,329.54096763510444,332.65606689453125,280093,38108.0,59394.778,0.008,0.056361,0.187,0.016,0.016,0.0416,68.32,68.09,67.73,66.56,1.213,5.95,5.975,6.0625,6.425,197578.8,1.14,55.3,6.37,29.59,8.0
2021-05-11,330.39055717046364,331.4289332545535,324.3491356009007,326.99224853515625,447033,38108.0,59394.778,0.008,0.056361,0.187,0.016,0.016,0.0416,68.55,68.37,68.04,66.95,1.2148,6.125,6.118,6.203,6.54,194214.7,1.15,54.4,6.37,29.09,7.86
2021-05-12,327.03944613978894,328.64418290000674,324.3491174206438,326.8978271484375,353063,38108.0,59394.778,0.008,0.056361,0.187,0.016,0.016,0.0416,69.32,69.14,68.8,67.68,1.2071,6.087,6.175,6.2375,6.625,194158.8,1.16,54.3,6.37,29.08,7.86
2021-05-13,325.4346866511849,330.95693437621793,323.12194131431244,330.5321350097656,269103,38108.0,59394.778,0.008,0.056361,0.187,0.016,0.016,0.0416,67.05,66.88,66.56,65.46,1.208,5.8,5.925,6.0825,6.525,196317.3,1.14,54.9,6.37,29.4,7.95
2021-05-14,332.2785209000152,333.5528903070668,331.09855456159187,332.6089172363281,278430,38108.0,59394.778,0.008,0.056361,0.187,0.016,0.016,0.0416,68.71,68.38,67.96,66.63,1.2142,5.625,5.775,5.95,6.42,197550.8,1.14,55.3,6.37,29.59,8.0
2021-05-17,333.45846514402456,337.2815443040965,333.22247189197645,335.53521728515625,259108,38108.0,59394.778,0.022,0.06429599999999999,0.083,0.02,0.018,0.0499,69.46,69.14,68.69,67.23,1.2153,5.725,5.725,5.95,6.4,199288.8,1.13,55.8,6.37,29.85,8.07
2021-05-18,337.8007273923464,338.2727138694049,332.2312927246094,332.2312927246094,333995,38108.0,59394.778,0.022,0.06429599999999999,0.083,0.02,0.018,0.0499,68.71,68.52,68.11,66.7,1.2222,6.075,6.025,6.15,6.538,197326.4,1.14,55.2,6.37,29.55,7.99
2021-05-19,327.6530289279825,332.325677920111,327.13382650145536,330.5321350097656,372210,38108.0,59394.778,0.022,0.06429599999999999,0.083,0.02,0.018,0.0499,66.66,66.53,66.15,64.79,1.2174,6.2,6.175,6.2375,6.55,196317.3,1.14,54.9,6.37,29.4,7.95
2021-05-20,330.62657659622835,338.9335283109403,330.0601869775497,338.7447509765625,336395,38108.0,59394.778,0.022,0.06429599999999999,0.083,0.02,0.018,0.0499,65.11,65.07,64.77,63.65,1.2228,5.913,5.97,6.125,6.5,201195.2,1.11,56.3,6.37,30.13,8.15
2021-05-21,339.0278978893891,342.33180339622,339.0278978893891,341.05743408203125,423940,38108.0,59394.778,0.022,0.06429599999999999,0.083,0.02,0.018,0.0499,66.44,66.35,66.02,64.85,1.2181,5.788,5.85,6.025,6.45,202568.8,1.11,56.7,6.37,30.34,8.2
2021-05-24,342.1429981747004,344.4557145561908,342.0013791897424,344.2669372558594,183525,38108.0,59394.778,0.022,0.06429599999999999,0.083,0.02,0.018,0.0499,68.46,68.37,68.01,66.74,1.2217,5.838,5.825,6.01,6.475,204474.9,1.1,57.2,6.37,30.62,8.28
2021-05-25,345.58851604336775,348.37321906827003,345.3525227967945,346.62689208984375,394419,38108.0,59394.778,0.022,0.06429599999999999,0.083,0.02,0.018,0.0499,68.65,68.49,68.08,66.73,1.22515,5.9,5.925,6.07,6.495,205876.6,1.09,57.6,6.37,30.83,8.34
2021-05-26,347.90126572639343,350.78040089359905,345.7301391741425,345.9189453125,338686,38108.0,59394.778,0.022,0.06429599999999999,0.083,0.02,0.018,0.0499,68.87,68.73,68.32,66.98,1.2192,5.705,5.837,5.99,6.43,205456.1,1.09,57.5,6.37,30.77,8.32
2021-05-27,346.20210205982397,348.1844511460559,344.8333296696764,345.39971923828125,510673,38108.0,59394.778,0.022,0.06429599999999999,0.083,0.02,0.018,0.0499,69.46,69.2,68.81,67.38,1.2194,5.725,5.8325,6.005,6.4375,205147.8,1.09,57.4,6.37,30.72,8.31
2021-05-28,344.8332930818402,351.5355065157044,344.36130662604364,350.7331237792969,302370,38108.0,59394.778,0.022,0.06429599999999999,0.083,0.02,0.018,0.0499,68.72,68.34,67.85,66.47,1.2191,5.7,5.775,5.9,6.3625,208315.6,1.08,58.3,6.37,31.2,8.43
2021-05-31,350.30836368378624,351.44111392676405,346.81565228379344,347.66522216796875,202080,38108.0,59394.778,0.022,0.06429599999999999,0.083,0.02,0.018,0.0499,68.72,68.34,67.85,66.47,1.2227,5.775,5.76,5.93,6.4,206493.4,1.09,57.8,6.37,30.93,8.36
2021-06-01,348.5148830853453,351.15799626530827,346.4381307241079,349.2700500488281,363947,38108.0,59394.778,0.022,0.06429599999999999,0.083,0.02,0.018,0.0499,70.25,69.85,69.33,67.86,1.2213,5.8625,5.775,5.95,6.4,207446.5,1.08,58.1,6.37,31.07,8.4
2021-06-02,349.9308255137919,351.7243685695624,348.5148659211671,350.7803955078125,382628,38108.0,59394.778,0.022,0.06429599999999999,0.083,0.02,0.018,0.0499,71.35,70.95,70.4,68.85,1.2211,5.837,5.788,5.9,6.4,208343.6,1.08,58.3,6.37,31.2,8.44
2021-06-03,350.5915548206874,352.9514872424849,350.11956833632786,351.9603271484375,293361,38108.0,59394.778,0.022,0.06429599999999999,0.083,0.02,0.018,0.0499,71.35,70.95,70.4,68.85,1.2126,5.825,5.8,5.9675,6.425,209044.5,1.07,58.5,6.37,31.31,8.46
2021-06-04,352.2435196309119,356.4913981362478,352.2435196309119,355.3114318847656,333270,38108.0,59394.778,0.022,0.06429599999999999,0.083,0.02,0.018,0.0499,71.89,71.49,70.92,69.38,1.2167,5.575,5.675,5.875,6.35,211034.8,1.06,59.1,6.37,31.61,8.54
2021-06-07,355.8778323535479,358.9457447014233,355.35865871009264,357.52978515625,310969,38108.0,59394.778,0.022,0.06429599999999999,0.083,0.02,0.018,0.0499,71.49,71.11,70.58,69.13,1.21895,5.375,5.525,5.725,6.2,212352.3,1.06,59.4,6.37,31.8,8.6
2021-06-08,357.15218823327587,361.2112605865481,357.15218823327587,359.46490478515625,369622,38108.0,59394.778,0.022,0.06429599999999999,0.083,0.02,0.018,0.0499,72.22,71.81,71.25,69.71,1.2173,5.2925,5.422,5.63,6.19,213501.8,1.05,59.7,6.37,31.98,8.64
2021-06-09,360.64487389457065,362.7688131490917,360.2201033283284,360.5976867675781,360625,38108.0,59394.778,0.022,0.06429599999999999,0.083,0.02,0.018,0.0499,72.22,71.75,71.17,69.63,1.218,5.275,5.475,5.65,6.163,214174.5,1.05,59.9,6.37,32.08,8.67
2021-06-10,360.5976867675781,362.5328198985894,359.41772051506643,360.5976867675781,400003,38108.0,59394.778,0.022,0.06429599999999999,0.083,0.02,0.018,0.0499,72.52,71.98,71.37,69.78,1.2171,4.962,5.3,5.525,6.05,214174.5,1.05,59.9,6.37,32.08,8.67
2021-06-11,361.30565306268403,363.57118242157554,360.55048621230975,362.5328063964844,364116,38108.0,59394.778,0.022,0.06429599999999999,0.083,0.02,0.018,0.0499,72.69,72.11,71.47,69.88,1.2108,4.975,5.225,5.52,6.0325,215323.9,1.04,60.3,6.37,32.25,8.72
2021-06-14,364.1376009508501,367.01670720583655,361.1640916301097,363.00482177734375,388520,38108.0,59394.778,0.022,0.06429599999999999,0.083,0.02,0.018,0.0499,72.86,72.29,71.63,70.02,1.2119,5.05,5.25,5.495,6.03,215604.3,1.04,60.3,6.37,32.29,8.73
2021-06-15,364.7039944864733,369.47104687707207,364.7039944864733,365.74237060546875,368634,38108.0,59394.778,0.022,0.06429599999999999,0.083,0.019,0.019,0.0539,73.99,73.3,72.59,70.83,1.2126,5.155,5.325,5.575,6.0625,217230.1,1.03,60.8,6.37,32.53,8.8
2021-06-16,365.7423344313792,369.7542195065119,365.4119381342263,367.394287109375,450103,38108.0,59394.778,0.022,0.06429599999999999,0.083,0.019,0.019,0.0539,74.39,73.59,72.84,71.07,1.19945,5.4,5.513,5.7,6.138,218211.3,1.03,61.1,6.37,32.68,8.84
2021-06-17,365.4591534339326,369.4710388183594,362.3440539526625,369.4710388183594,454116,38108.0,59394.778,0.022,0.06429599999999999,0.083,0.019,0.019,0.0539,73.08,72.29,71.52,69.74,1.1908,5.6475,5.675,5.788,6.123,219444.8,1.02,61.4,6.37,32.87,8.89
2021-06-18,370.03741331654857,373.7661181626165,367.77188389453175,368.4326477050781,646109,38108.0,59394.778,0.022,0.06429599999999999,0.083,0.019,0.019,0.0539,73.51,72.73,71.92,70.09,1.1862,5.725,5.7,5.788,6.1125,218828.1,1.02,61.2,6.37,32.77,8.86
2021-06-21,367.34709473923994,369.6126242242538,366.45033765546907,367.4414978027344,352771,38108.0,59394.778,0.022,0.06429599999999999,0.083,0.019,0.019,0.0539,74.9,74.05,73.13,71.11,1.1917,5.625,5.625,5.7375,6.1,218239.4,1.03,61.1,6.37,32.69,8.84
2021-06-22,366.6391207505426,368.0078931733485,364.4679942948203,365.78955078125,387076,38108.0,59394.778,0.022,0.06429599999999999,0.083,0.019,0.019,0.0539,74.81,74.08,73.22,71.29,1.194,5.502,5.555,5.7075,6.0925,217258.2,1.03,60.8,6.37,32.54,8.8
2021-06-23,365.3647476196443,365.9783531318025,359.8425284723841,360.0785217285156,404708,38108.0,59394.778,0.022,0.06429599999999999,0.083,0.019,0.019,0.0539,75.19,74.5,73.69,71.78,1.19265,5.35,5.575,5.6875,6.075,213866.1,1.05,59.9,6.37,32.03,8.66
2021-06-24,362.1552218765859,369.51822828043777,362.06081881863236,368.2910461425781,477256,38108.0,59394.778,0.022,0.06429599999999999,0.083,0.019,0.019,0.0539,75.56,74.81,74.01,72.57,1.1932,5.075,5.525,5.6,6.0,218743.9,1.03,61.2,6.37,32.76,8.86
2021-06-25,366.59192182601845,366.9695052660244,362.20245311943864,363.80718994140625,416611,38108.0,59394.778,0.022,0.06429599999999999,0.083,0.019,0.019,0.0539,76.18,75.38,74.56,72.57,1.1935,4.9875,5.325,5.5,5.975,216080.8,1.04,60.5,6.37,32.36,8.75
2021-06-28,363.99599524606606,365.3175516869974,363.14642530602237,364.0431823730469,271868,38108.0,59394.778,0.022,0.06429599999999999,0.083,0.019,0.019,0.0539,74.68,74.14,73.39,71.69,1.1926,5.225,5.425,5.5225,5.975,216220.9,1.04,60.5,6.37,32.38,8.75
2021-06-29,363.38241453414366,364.3735746519284,361.6360587386362,361.77764892578125,323473,38108.0,59394.778,0.022,0.06429599999999999,0.083,0.019,0.019,0.0539,74.76,74.28,73.55,71.77,1.1897,5.525,5.625,5.663,6.075,214875.4,1.04,60.1,6.37,32.18,8.7
2021-06-30,361.5416735489573,362.580049652297,353.8010831143569,354.74505615234375,601091,42770.0,62741.002,0.022,0.06429599999999999,0.083,0.019,0.019,0.0539,75.13,74.62,73.79,72.21,1.18565,5.65,5.683,5.725,6.1,210700.4,1.06,59.0,6.37,31.56,8.53
2021-07-01,355.924988190295,358.19054630960903,352.62108287535824,354.32025146484375,353520,42770.0,62741.002,0.022,0.06429599999999999,0.083,0.019,0.019,0.0539,75.84,74.96,74.17,72.55,1.185,5.675,5.7375,5.725,6.1,210448.1,1.07,58.9,6.37,31.52,8.52
2021-07-02,353.42346755900707,355.78339993961976,350.68595175904994,351.7715148925781,374877,42770.0,62741.002,0.022,0.06429599999999999,0.083,0.019,0.019,0.0539,76.17,75.3,74.52,72.55,1.1865,5.325,5.4575,5.525,5.915,208934.2,1.07,58.5,6.37,31.29,8.46
2021-07-05,351.3467695934802,352.5267358685688,349.78919106414696,351.8187561035156,299358,42770.0,62741.002,0.022,0.06429599999999999,0.083,0.019,0.019,0.0539,76.17,75.3,74.52,70.59,1.1863,5.275,5.435,5.5,5.9,208962.3,1.07,58.5,6.37,31.3,8.46
2021-07-06,350.35555052571,351.01634310607454,347.9956181783621,349.7419738769531,388388,42770.0,62741.002,0.022,0.06429599999999999,0.083,0.019,0.019,0.0539,74.53,73.58,72.72,69.65,1.18235,5.45,5.56,5.525,5.93,207728.8,1.08,58.1,6.37,31.11,8.41
2021-07-07,350.59158495565504,355.8306526670289,349.69482784295286,355.4058532714844,364294,42770.0,62741.002,0.022,0.06429599999999999,0.083,0.019,0.019,0.0539,73.43,72.55,71.73,70.38,1.1791,5.4575,5.575,5.585,5.975,211092.8,1.06,59.1,6.37,31.61,8.55
2021-07-08,354.2730506274032,354.46185674798,340.2550748115482,344.5501403808594,663800,42770.0,62741.002,0.022,0.06429599999999999,0.083,0.019,0.019,0.0539,74.12,73.29,72.48,71.76,1.1844,5.425,5.587,5.625,6.015,204645.1,1.1,57.3,6.37,30.65,8.29
2021-07-09,345.3997118400303,350.9691467285156,345.0221284049714,350.9691467285156,424352,42770.0,62741.002,0.022,0.06429599999999999,0.083,0.019,0.019,0.0539,75.55,74.74,73.92,71.57,1.1875,5.15,5.375,5.4875,5.9,208457.7,1.08,58.3,6.37,31.22,8.44
2021-07-12,349.836379966001,355.40581459248364,349.55317079720265,354.32025146484375,310880,42770.0,62741.002,0.022,0.06429599999999999,0.083,0.019,0.019,0.0539,75.16,74.42,73.65,72.8,1.1861,5.275,5.375,5.5,5.9,210448.1,1.07,58.9,6.37,31.52,8.52
2021-07-13,354.8394364567645,354.93383951606194,352.05473345798873,354.46185302734375,305781,42770.0,62741.002,0.022,0.06429599999999999,0.083,0.019,0.019,0.0539,76.49,75.71,74.93,71.2,1.1776,5.325,5.425,5.55,5.975,210532.2,1.07,58.9,6.37,31.53,8.52
2021-07-14,354.131483892622,355.8778397964133,352.85711451375965,355.4058532714844,247290,42770.0,62741.002,0.022,0.06429599999999999,0.083,0.019,0.019,0.0539,74.76,73.98,73.22,70.25,1.1837,5.225,5.45,5.525,5.962,211092.8,1.06,59.1,6.37,31.61,8.55
2021-07-15,354.93386450473264,357.5769775045317,352.0547582439596,352.6683349609375,285544,42770.0,62741.002,0.022,0.06429599999999999,0.083,0.022,0.015,0.0537,73.47,72.77,72.07,70.58,1.1814,5.225,5.475,5.55,5.95,209466.9,1.07,58.6,6.37,31.37,8.48
2021-07-16,353.89548507490366,355.7362440163398,351.44114942224576,353.6123046875,296833,42770.0,62741.002,0.022,0.06429599999999999,0.083,0.022,0.015,0.0537,73.59,72.97,72.32,66.0,1.1806,5.125,5.375,5.465,5.9275,210027.6,1.07,58.8,6.37,31.46,8.5
2021-07-19,352.3850899364942,355.7362111862812,350.4971440406485,352.2434997558594,561295,42770.0,62741.002,0.022,0.06429599999999999,0.083,0.022,0.015,0.0537,68.62,68.05,67.49,66.0,1.18,5.5,5.5425,5.645,6.05,209214.5,1.07,58.5,6.37,31.33,8.47
2021-07-20,354.08427247205395,359.5593042625183,353.28188967316623,355.5946350097656,361083,42770.0,62741.002,0.022,0.06429599999999999,0.083,0.022,0.015,0.0537,69.35,68.77,68.2,69.17,1.1781,5.375,5.4875,5.575,5.9875,211204.9,1.06,59.1,6.37,31.63,8.55
2021-07-21,357.43539262142855,359.0401583430082,356.4914195635044,357.9073791503906,288464,42770.0,62741.002,0.022,0.06429599999999999,0.083,0.022,0.015,0.0537,72.23,71.63,70.98,70.39,1.1794,5.25,5.325,5.475,6.0,212578.6,1.05,59.5,6.37,31.84,8.61
2021-07-22,357.86018677778634,358.42657636579725,354.9810517086354,357.95458984375,238517,42770.0,62741.002,0.022,0.06429599999999999,0.083,0.022,0.015,0.0537,73.79,73.15,72.41,70.56,1.1771,5.225,5.375,5.5,5.923,212606.6,1.05,59.5,6.37,31.84,8.61
2021-07-23,358.7097478217442,365.6951424125083,357.43537848240237,365.36474609375,339206,42770.0,62741.002,0.022,0.06429599999999999,0.083,0.022,0.015,0.0537,74.1,73.44,72.66,70.72,1.1773,5.025,5.3,5.475,5.885,217007.9,1.03,60.7,6.37,32.5,8.79
2021-07-26,364.231983643591,365.03436644596314,360.97526530775025,362.0136413574219,231343,42770.0,62741.002,0.022,0.06429599999999999,0.083,0.022,0.015,0.0537,74.5,73.7,72.88,70.72,1.1801,5.2375,5.38,5.5,5.87,215017.5,1.04,60.2,6.37,32.2,8.71
2021-07-27,362.01363440775685,363.99598340857085,359.3233056786357,362.0608215332031,266429,42770.0,62741.002,0.022,0.06429599999999999,0.083,0.022,0.015,0.0537,74.48,73.52,72.69,70.58,1.1816,5.5,5.525,5.6125,5.95,215045.6,1.04,60.2,6.37,32.21,8.71
2021-07-28,362.29683265802385,364.23199462890625,360.59769274932887,364.23199462890625,247176,42770.0,62741.002,0.022,0.06429599999999999,0.083,0.022,0.015,0.0537,74.74,73.87,73.11,71.06,1.1844,5.3625,5.475,5.55,5.925,216335.2,1.04,60.5,6.37,32.4,8.76
2021-07-29,363.3824515347388,364.89278542843147,361.7304986317115,363.3352355957031,276694,42770.0,62741.002,0.022,0.06429599999999999,0.083,0.022,0.015,0.0537,76.05,75.1,74.36,72.31,1.1888,5.325,5.518,5.55,5.913,215802.4,1.04,52.5,7.33,32.32,8.74
2021-07-30,361.919242305554,366.9695036152536,358.5209337452479,364.2791748046875,453272,42770.0,62741.002,0.022,0.06429599999999999,0.083,0.022,0.015,0.0537,75.41,74.59,73.8,69.75,1.1871,5.25,5.375,5.538,5.895,216363.1,1.04,52.6,7.33,32.4,8.76
2021-08-02,365.8367276337489,372.8221509373788,365.2231509402598,370.6982116699219,335523,42770.0,62741.002,0.022,0.06429599999999999,0.083,0.022,0.015,0.0537,72.89,72.2,71.49,69.5,1.1869,5.375,5.4,5.525,5.925,220175.7,1.02,53.6,7.33,32.97,8.91
2021-08-03,371.7837829589844,373.95490940097477,369.47103751653196,371.7837829589844,231062,42770.0,62741.002,0.022,0.06429599999999999,0.083,0.022,0.015,0.0537,72.41,71.77,71.12,69.5,1.1862,5.35,5.385,5.525,5.9125,219639.0,1.02,53.7,7.33,33.07,8.94
2021-08-04,373.4357238473562,375.18207965557025,371.68936803914215,373.2469177246094,256807,42770.0,62741.002,0.022,0.06429599999999999,0.083,0.022,0.015,0.0537,70.38,69.87,69.32,67.88,1.1837,5.275,5.475,5.525,5.9,220503.3,1.01,53.9,7.33,33.2,8.98
2021-08-05,373.4357634281526,377.54205216708255,373.3413603567733,375.9372863769531,242631,42770.0,62741.002,0.022,0.06429599999999999,0.083,0.022,0.015,0.0537,71.29,70.8,70.26,68.81,1.1834,5.15,5.4375,5.5,5.925,222092.7,1.0,54.3,7.33,33.44,9.04
2021-08-06,375.229266706281,378.2971789497915,374.7572802072794,376.6924133300781,361422,42770.0,62741.002,0.022,0.06429599999999999,0.083,0.022,0.015,0.0537,70.7,70.32,69.87,68.56,1.17615,5.075,5.375,5.51,5.955,222538.8,1.0,54.4,7.33,33.51,9.06
2021-08-09,376.92840133575004,380.13793253052575,374.75727499365524,376.7396240234375,194002,42770.0,62741.002,0.022,0.06429599999999999,0.083,0.022,0.015,0.0537,69.04,68.61,68.16,66.89,1.1739,5.375,5.475,5.525,5.913,222566.8,1.0,54.4,7.33,33.51,9.06
2021-08-10,376.22041790134153,378.297169970764,374.9460774304999,375.84283447265625,227915,42770.0,62741.002,0.022,0.06429599999999999,0.083,0.022,0.015,0.0537,70.63,70.22,69.76,68.42,1.172,5.425,5.538,5.575,5.9275,222036.9,1.0,54.3,7.33,33.43,9.04
2021-08-11,376.1732356333713,378.53316810284036,376.1732356333713,377.87237548828125,182928,42770.0,62741.002,0.022,0.06429599999999999,0.083,0.022,0.015,0.0537,71.44,71.06,70.6,69.27,1.1739,5.1875,5.433,5.518,5.92,223235.9,1.0,54.6,7.33,33.61,9.09
2021-08-12,378.29718861208084,383.48904023370636,378.2500014840833,381.2235107421875,394218,42770.0,62741.002,0.022,0.06429599999999999,0.083,0.022,0.015,0.0537,71.31,70.91,70.44,69.12,1.1729,4.875,5.225,5.35,5.83,225215.7,0.99,55.1,7.33,33.91,9.17
2021-08-13,381.9786801179377,382.30907643937775,380.23232425412965,380.5155334472656,277968,42770.0,62741.002,0.022,0.06429599999999999,0.083,0.022,0.015,0.0537,70.59,70.2,69.74,68.49,1.1793,5.075,5.275,5.425,5.815,224797.4,0.99,55.0,7.33,33.85,9.15
2021-08-16,378.39157838531145,378.674758758891,371.07578772088806,376.26763916015625,290164,42770.0,62741.002,0.018,0.034553,0.052,0.03,0.024,0.0525,69.51,69.14,68.68,67.49,1.1779,5.225,5.375,5.4175,5.825,222287.9,1.0,54.4,7.33,33.47,9.05
2021-08-17,373.577305539684,378.01399005340824,372.6805196886858,377.68359375,283224,42770.0,62741.002,0.018,0.034553,0.052,0.03,0.024,0.0525,69.03,68.61,68.12,66.87,1.171,5.4,5.475,5.55,5.9,223124.4,1.0,54.6,7.33,33.6,9.08
2021-08-18,377.68360449639397,378.438771376155,370.7453971584814,371.1701965332031,377917,42770.0,62741.002,0.018,0.034553,0.052,0.03,0.024,0.0525,68.23,67.77,67.26,66.03,1.1712,5.275,5.45,5.475,5.882,219276.4,1.02,53.6,7.33,33.02,8.93
2021-08-19,369.70702194319597,369.990231129585,360.1728888234957,367.0166931152344,550750,42770.0,62741.002,0.018,0.034553,0.052,0.03,0.024,0.0525,66.45,66.02,65.53,64.36,1.1676,5.35,5.515,5.545,5.925,216822.7,1.03,53.0,7.33,32.65,8.83
2021-08-20,365.31754795730495,372.0197619630368,362.9576154769606,370.5093994140625,349998,42770.0,62741.002,0.018,0.034553,0.052,0.03,0.024,0.0525,65.18,64.75,64.28,63.14,1.1697,5.325,5.425,5.5,5.8625,218886.1,1.02,53.5,7.33,32.96,8.91
2021-08-23,373.2941414349918,374.71010096177855,370.1790131913987,372.9637451171875,353416,42770.0,62741.002,0.018,0.034553,0.052,0.03,0.024,0.0525,68.75,68.37,67.86,66.49,1.1745,5.5,5.375,5.445,5.8125,220336.1,1.01,53.9,7.33,33.18,8.97
2021-08-24,373.81330942013653,374.2381087948583,369.18784746411814,371.1701965332031,268389,42770.0,62741.002,0.018,0.034553,0.052,0.03,0.024,0.0525,71.05,70.41,69.78,68.27,1.1755,5.4,5.35,5.42,5.775,219276.4,1.02,53.6,7.33,33.02,8.93
2021-08-25,372.53895760896546,373.8133269852421,369.94303172712347,371.0285949707031,166387,42770.0,62741.002,0.018,0.034553,0.052,0.03,0.024,0.0525,72.25,71.28,70.59,69.02,1.1772,5.375,5.34,5.425,5.775,219192.8,1.02,53.6,7.33,33.0,8.92
2021-08-26,368.2910402022857,372.0197448730469,368.14945002152336,372.0197448730469,211627,42770.0,62741.002,0.018,0.034553,0.052,0.03,0.024,0.0525,71.07,70.18,69.57,68.11,1.1752,5.45,5.425,5.475,5.75,219778.4,1.01,53.7,7.33,33.09,8.95
2021-08-27,372.72775681534483,373.2469304589571,370.08461504555993,371.54779052734375,170397,42770.0,62741.002,0.018,0.034553,0.052,0.03,0.024,0.0525,72.7,71.7,71.05,69.53,1.1795,5.3,5.35,5.45,5.755,219499.6,1.02,53.7,7.33,33.05,8.94
2021-08-30,371.1702137673643,375.98445326297264,370.7926015021807,374.94610595703125,181246,42770.0,62741.002,0.018,0.034553,0.052,0.03,0.024,0.0525,73.41,72.23,71.53,69.95,1.1797,5.387,5.3,5.35,5.75,221507.1,1.01,54.2,7.33,33.35,9.02
2021-08-31,375.7012928888265,376.0788763663562,371.783810294882,374.0965270996094,423802,42770.0,62741.002,0.018,0.034553,0.052,0.03,0.024,0.0525,71.63,71.0,70.46,69.56,1.1809,5.425,5.325,5.388,5.7375,221005.3,1.01,54.0,7.33,33.28,9.0
2021-09-01,375.8428182763063,378.10834755855745,374.66285210765795,377.1171875,324048,42770.0,62741.002,0.018,0.034553,0.052,0.03,0.024,0.0525,71.59,71.03,70.51,69.28,1.1839,5.3625,5.3,5.375,5.7,222789.8,1.0,54.5,7.33,33.55,9.07
2021-09-02,375.7012681783221,379.6187505146072,374.4268988186756,377.7308044433594,212537,42770.0,62741.002,0.018,0.034553,0.052,0.03,0.024,0.0525,73.03,72.41,71.84,70.52,1.1875,5.15,5.212,5.263,5.6,223152.3,1.0,54.6,7.33,33.6,9.08
2021-09-03,377.683611040241,378.4859938687455,370.03742381715887,372.7277526855469,296365,42770.0,62741.002,0.018,0.034553,0.052,0.03,0.024,0.0525,72.61,71.98,71.4,70.1,1.1883,5.0375,5.175,5.25,5.55,220196.7,1.01,53.8,7.33,33.16,8.96
2021-09-06,373.3413244574805,374.99327722056665,373.3413244574805,374.1437072753906,182434,42770.0,62741.002,0.018,0.034553,0.052,0.03,0.024,0.0525,72.61,71.98,71.4,70.1,1.187,5.025,5.05,5.115,5.465,221033.1,1.01,54.0,7.33,33.28,9.0
2021-09-07,372.9165410665882,373.6245208525451,370.93422071212586,371.0285949707031,266743,42770.0,62741.002,0.018,0.034553,0.052,0.03,0.024,0.0525,71.69,71.06,70.48,69.22,1.1841,5.15,5.075,5.15,5.475,219192.8,1.02,53.6,7.33,33.0,8.92
2021-09-08,369.1878312262488,373.62448686330606,365.6479326184948,371.9725341796875,339365,42770.0,62741.002,0.018,0.034553,0.052,0.03,0.024,0.0525,72.6,71.82,71.14,69.69,1.1815,5.3,5.2,5.19,5.56,219750.5,1.02,53.7,7.33,33.09,8.95
2021-09-09,368.2438899301217,377.11723077503905,368.2438899301217,375.4180908203125,259346,42770.0,62741.002,0.018,0.034553,0.052,0.03,0.024,0.0525,71.45,70.79,70.17,68.79,1.1826,4.95,5.1,5.16,5.525,221785.9,1.01,54.2,7.33,33.39,9.03
2021-09-10,376.69244110876133,378.6276031820357,374.6629047749429,376.03167724609375,249531,42770.0,62741.002,0.018,0.034553,0.052,0.03,0.024,0.0525,72.92,72.26,71.63,70.22,1.1815,4.85,5.078,5.19,5.505,222148.6,1.0,54.3,7.33,33.45,9.04
2021-09-13,376.7868282988269,380.0907338962498,375.13487550011547,375.2292785644531,210463,42770.0,62741.002,0.018,0.034553,0.052,0.03,0.024,0.0525,73.51,72.9,72.28,70.82,1.181,4.975,5.05,5.2,5.5,221674.4,1.01,54.2,7.33,33.38,9.02
2021-09-14,373.6717134405221,376.69240972052563,370.792578539539,376.26763916015625,210769,42770.0,62741.002,0.018,0.034553,0.052,0.03,0.024,0.0525,73.6,72.97,72.33,70.77,1.1804,4.8625,4.975,5.067,5.45,222287.9,1.0,54.4,7.33,33.47,9.05
2021-09-15,376.0788326508984,377.5420080669338,370.98138427734375,370.98138427734375,343506,42770.0,62741.002,0.018,0.034553,0.052,0.034,0.027,0.0539,75.46,74.78,74.07,72.3,1.1817,4.775,4.975,5.125,5.5,219164.9,1.02,53.6,7.33,33.0,8.92
2021-09-16,372.1141575555755,374.0021035019604,361.8248291015625,361.8248291015625,545684,42770.0,62741.002,0.018,0.034553,0.052,0.034,0.027,0.0539,75.67,74.98,74.23,72.38,1.1766,4.875,5.1875,5.1675,5.55,213755.6,1.04,52.3,7.33,32.19,8.7
2021-09-17,364.93998520007705,369.09346083927164,359.2289309893847,361.1640930175781,813801,42770.0,62741.002,0.018,0.034553,0.052,0.034,0.027,0.0539,75.34,74.56,73.76,71.86,1.1727,4.9375,5.25,5.25,5.55,213365.2,1.05,52.2,7.33,32.13,8.69
2021-09-20,356.821765210502,358.5681208811545,350.0251486357664,351.3939208984375,547959,42770.0,62741.002,0.018,0.034553,0.052,0.034,0.027,0.0539,73.92,73.07,72.26,70.36,1.1727,5.325,5.375,5.35,5.61,207593.3,1.07,50.8,7.33,31.26,8.45
2021-09-21,351.8187513529036,362.01364830889884,351.8187513529036,361.9664611816406,475285,42770.0,62741.002,0.018,0.034553,0.052,0.034,0.027,0.0539,74.36,73.57,72.76,70.85,1.1725,5.05,5.25,5.263,5.587,213839.1,1.04,52.3,7.33,32.2,8.7
2021-09-22,363.52400759586317,365.55354378170927,362.20245115911007,362.9104309082031,335289,42770.0,62741.002,0.018,0.034553,0.052,0.034,0.027,0.0539,76.19,75.39,74.52,72.43,1.1688,4.975,5.225,5.2375,5.5625,214396.8,1.04,52.4,7.33,32.28,8.73
2021-09-23,365.1759444105435,367.67746698663956,363.66558191682384,365.55352783203125,307666,42770.0,62741.002,0.018,0.034553,0.052,0.034,0.027,0.0539,77.25,76.46,75.6,73.49,1.1738,4.55,5.05,5.138,5.5,215958.3,1.03,52.8,7.33,32.52,8.79
2021-09-24,365.1759616812179,365.36473899700565,356.7273917879898,357.1521911621094,357340,42770.0,62741.002,0.018,0.034553,0.052,0.034,0.027,0.0539,78.09,77.23,76.36,74.23,1.1716,4.525,5.025,5.1,5.473,210995.1,1.06,51.6,7.33,31.77,8.59
2021-09-27,358.8985179829892,359.1345112144857,349.83637213197,351.1579284667969,363182,42770.0,62741.002,0.018,0.034553,0.052,0.034,0.027,0.0539,79.53,78.72,77.88,75.78,1.1696,4.5125,4.925,5.075,5.4475,207453.8,1.08,50.7,7.33,31.24,8.44
2021-09-28,348.09005360895804,349.55320027729084,339.547109240104,342.3790283203125,705026,42770.0,62741.002,0.018,0.034553,0.052,0.034,0.027,0.0539,79.09,78.35,77.54,75.47,1.1683,4.775,5.05,5.1,5.462,202267.4,1.1,49.5,7.33,30.46,8.23
2021-09-29,345.9189114807208,348.0428506945416,341.5294140592757,342.94537353515625,377417,42770.0,62741.002,0.018,0.034553,0.052,0.034,0.027,0.0539,78.64,78.09,77.34,75.34,1.1597,5.225,5.27,5.317,5.575,202602.1,1.1,49.5,7.33,30.51,8.25
2021-09-30,344.88055174868293,345.4941284556977,336.8567810058594,336.8567810058594,636193,42770.0,62741.002,0.018,0.034553,0.052,0.034,0.027,0.0539,78.31,77.53,76.76,75.42,1.1583,5.125,5.225,5.263,5.5,199005.1,1.12,48.7,7.33,29.96,8.1
2021-10-01,334.92160876578566,344.21974857425505,331.3345228900835,341.2934265136719,528013,42770.0,62741.002,0.018,0.034553,0.052,0.034,0.027,0.0539,79.28,78.53,77.76,75.88,1.1596,4.825,5.05,5.175,5.54,201626.2,1.11,49.3,7.33,30.36,8.21
2021-10-04,338.5558871954453,344.78611432467255,337.5175112059461,341.2462158203125,365334,42770.0,62741.002,0.018,0.034553,0.052,0.034,0.027,0.0539,81.26,80.48,79.69,77.62,1.1623,5.15,5.1,5.213,5.5425,201598.3,1.11,49.3,7.33,30.36,8.21
2021-10-05,342.42619829312946,346.15490308503894,340.77424557910336,343.4173583984375,339861,42770.0,62741.002,0.018,0.034553,0.052,0.034,0.027,0.0539,82.56,81.83,81.05,78.94,1.1598,5.0425,5.07,5.22,5.535,202880.9,1.1,49.6,7.33,30.55,8.26
2021-10-06,339.31113614977664,339.9247128920679,336.1960076917428,338.0839538574219,413753,42770.0,62741.002,0.018,0.034553,0.052,0.034,0.027,0.0539,81.08,80.39,79.63,77.57,1.1558,5.28,5.315,5.4125,5.725,199730.0,1.12,48.8,7.33,30.07,8.13
2021-10-07,339.8302669449087,343.55897167477286,338.69748786531824,341.6238098144531,411996,42770.0,62741.002,0.018,0.034553,0.052,0.034,0.027,0.0539,81.95,81.27,80.51,78.46,1.1552,5.087,5.15,5.34,5.625,201821.3,1.11,49.4,7.33,30.39,8.22
2021-10-08,342.19022034527364,343.32299949435236,337.56475830078125,337.56475830078125,306056,42770.0,62741.002,0.018,0.034553,0.052,0.034,0.027,0.0539,82.39,81.69,80.9,78.78,1.1569,4.975,5.075,5.288,5.595,199423.4,1.12,48.8,7.33,30.03,8.12
2021-10-11,337.1399463119086,337.6119328050816,333.9776310460957,335.8183898925781,268118,42770.0,62741.002,0.018,0.034553,0.052,0.034,0.027,0.0539,83.65,82.92,82.12,79.98,1.1552,5.125,5.2,5.5,5.675,198391.6,1.12,48.5,7.33,29.87,8.08
2021-10-12,332.27850407535044,336.76237593432177,331.52333718010556,335.4880065917969,329161,42770.0,62741.002,0.018,0.034553,0.052,0.034,0.027,0.0539,83.42,82.73,81.96,79.87,1.1529,5.325,5.35,5.575,5.75,198196.4,1.13,48.5,7.33,29.84,8.07
2021-10-13,334.3080177637605,342.0957946777344,331.85368230810593,342.0957946777344,488829,42770.0,62741.002,0.018,0.034553,0.052,0.034,0.027,0.0539,83.18,82.56,81.83,79.81,1.1593,5.0375,5.225,5.5,5.725,202100.1,1.1,49.4,7.33,30.43,8.23
2021-10-14,344.92771457584803,350.5915523482191,342.1430116224267,349.2228088378906,489634,42770.0,62741.002,0.018,0.034553,0.052,0.034,0.027,0.0539,84.0,83.34,82.56,80.43,1.1596,4.925,5.19,5.5,5.675,206310.6,1.08,50.4,7.33,31.06,8.4
2021-10-15,351.11080383312503,352.5739506057023,346.2021322212619,348.8452453613281,400055,42770.0,62741.002,0.018,0.034553,0.052,0.04099999999999999,0.032,0.0622,84.86,84.15,83.3,81.01,1.1602,4.95,5.127,5.5,5.675,206087.6,1.08,50.4,7.33,31.03,8.39
2021-10-18,347.4764713872424,347.9012419578684,341.3406468108583,345.39971923828125,419509,42770.0,62741.002,0.018,0.034553,0.052,0.04099999999999999,0.032,0.0622,84.33,83.66,82.84,80.57,1.1611,5.06,5.2,5.5,5.675,204051.9,1.09,49.9,7.33,30.72,8.31
2021-10-19,346.57967775881866,347.0516642541481,340.25507600606653,342.2373962402344,311685,42770.0,62741.002,0.018,0.034553,0.052,0.04099999999999999,0.032,0.0622,85.08,84.36,83.49,81.13,1.1634,5.1,5.225,5.507,5.665,202183.9,1.1,49.4,7.33,30.44,8.23
2021-10-20,340.9158644057906,345.6357296995376,340.1134815442993,343.8893737792969,318914,42770.0,62741.002,0.018,0.034553,0.052,0.04099999999999999,0.032,0.0622,85.82,85.15,84.28,81.93,1.1651,4.925,5.125,5.395,5.625,203159.8,1.1,49.7,7.33,30.59,8.27
2021-10-21,345.7301465091707,350.92199853866,345.02216668696764,348.6092529296875,446770,42770.0,62741.002,0.018,0.034553,0.052,0.04099999999999999,0.032,0.0622,84.61,83.93,83.03,80.63,1.1623,4.75,5.0625,5.4,5.6,205948.1,1.08,50.4,7.33,31.01,8.38
2021-10-22,370.0374207411954,372.39735327143256,365.1287495551939,366.3087158203125,669134,42770.0,62741.002,0.018,0.034553,0.052,0.04099999999999999,0.032,0.0622,85.53,84.64,83.57,80.87,1.1649,4.725,4.975,5.4,5.575,216404.5,1.03,52.9,7.33,32.58,8.81
2021-10-25,368.1494835783472,368.43266396568373,362.34405517578125,362.34405517578125,363419,42770.0,62741.002,0.018,0.034553,0.052,0.04099999999999999,0.032,0.0622,85.99,85.17,84.09,81.35,1.1608,4.9125,5.075,5.575,5.625,214062.3,1.04,52.3,7.33,32.23,8.71
2021-10-26,364.75114154146473,370.60378534531407,363.71276553655366,368.5742492675781,401141,42770.0,62741.002,0.018,0.034553,0.052,0.04099999999999999,0.032,0.0622,86.4,85.65,84.52,81.67,1.15965,4.875,5.05,5.525,5.6,217742.8,1.02,53.2,7.33,32.79,8.86
2021-10-27,365.08155638938746,369.6598311838788,364.46797970322814,366.5919189453125,281623,42770.0,62741.002,0.018,0.034553,0.052,0.04099999999999999,0.032,0.0622,84.58,83.87,82.76,80.07,1.1606,4.975,5.125,5.575,5.7,216571.8,1.03,53.0,7.33,32.61,8.82
2021-10-28,367.1583104580759,371.40618896484375,365.8839411444916,371.40618896484375,373460,42770.0,62741.002,0.018,0.034553,0.052,0.04099999999999999,0.032,0.0622,84.32,83.66,82.56,79.83,1.1681,4.875,5.15,5.575,5.6575,219415.9,1.02,53.7,7.33,33.04,8.93
2021-10-29,368.0078755488975,372.8221435546875,365.12874064758483,372.8221435546875,374271,42770.0,62741.002,0.018,0.034553,0.052,0.04099999999999999,0.032,0.0622,83.72,82.55,81.43,78.87,1.1563,5.075,5.348,5.7725,5.837,220252.3,1.01,53.9,7.33,33.16,8.97
2021-11-01,373.9549136688232,378.1556052158245,373.9077265399777,375.89007568359375,281391,42770.0,62741.002,0.018,0.034553,0.052,0.04099999999999999,0.032,0.0622,84.71,83.37,82.15,79.37,1.1608,5.038,5.3,5.785,5.825,222064.8,1.0,54.3,7.33,33.44,9.04
2021-11-02,375.7012568664551,377.7307930703857,374.33248448290396,377.5892028808594,260335,42770.0,62741.002,0.018,0.034553,0.052,0.04099999999999999,0.032,0.0622,84.72,83.44,82.24,79.45,1.1579,5.075,5.325,5.712,5.8,223068.6,1.0,54.5,7.33,33.59,9.08
2021-11-03,375.1821185559456,382.8282775878906,374.8045062712996,382.8282775878906,301097,42770.0,62741.002,0.018,0.034553,0.052,0.04099999999999999,0.032,0.0622,81.99,80.82,79.72,77.18,1.1612,4.775,5.175,5.625,5.735,226163.8,0.99,55.3,7.33,34.05,9.21
2021-11-04,383.0170425711269,385.8961486816406,379.90194321195577,385.8961486816406,317921,42770.0,62741.002,0.018,0.034553,0.052,0.04099999999999999,0.032,0.0622,80.54,79.51,78.52,76.38,1.1554,4.825,5.1875,5.625,5.725,227976.2,0.98,55.7,7.33,34.33,9.28
2021-11-05,385.89613573603987,392.3151691688474,385.2353719466272,389.6720275878906,470440,42770.0,62741.002,0.018,0.034553,0.052,0.04099999999999999,0.032,0.0622,82.74,81.68,80.73,78.54,1.15675,4.575,5.087,5.55,5.6775,230206.8,0.97,56.3,7.33,34.66,9.37
2021-11-08,388.96405642897145,390.2856416524297,387.31210370741786,389.1528625488281,251402,42770.0,62741.002,0.018,0.034553,0.052,0.04099999999999999,0.032,0.0622,83.43,82.35,81.37,79.1,1.1588,4.775,5.105,5.605,5.69,229900.1,0.97,56.2,7.33,34.62,9.36
2021-11-09,387.92572529066985,391.8432075742195,386.84013326809946,391.3240051269531,255128,42770.0,62741.002,0.018,0.034553,0.052,0.04099999999999999,0.032,0.0622,84.78,83.56,82.46,79.92,1.1593,4.975,5.265,5.638,5.725,231182.8,0.96,56.5,7.33,34.81,9.41
2021-11-10,390.9464172631132,391.6543970223031,388.7280749227641,391.1352233886719,294226,42770.0,62741.002,0.018,0.034553,0.052,0.04099999999999999,0.032,0.0622,82.64,81.55,80.54,78.09,1.148,5.3875,5.525,5.85,5.875,231071.3,0.97,56.5,7.33,34.79,9.41
2021-11-11,390.7576277663965,392.59835779825727,389.1056750464406,391.2296142578125,211363,42770.0,62741.002,0.018,0.034553,0.052,0.04099999999999999,0.032,0.0622,82.87,81.85,80.9,78.52,1.1451,5.375,5.65,5.925,5.925,231126.9,0.97,56.5,7.33,34.8,9.41
2021-11-12,392.6927700999515,399.2533940081428,392.4095897215451,397.3654479980469,255713,42770.0,62741.002,0.018,0.034553,0.052,0.04099999999999999,0.032,0.0622,82.17,81.13,80.2,77.92,1.1452,5.31,5.6,5.95,5.9,234751.8,0.95,57.4,7.33,35.35,9.56
2021-11-15,398.356614876861,400.43336704624664,396.75184921799297,400.291748046875,268219,42770.0,62741.002,0.009000000000000001,0.074101,0.043,0.049,0.034,0.0681,82.05,81.05,80.14,77.94,1.1369,5.775,5.825,6.1,6.05,236480.6,0.94,57.8,7.33,35.61,9.63
2021-11-16,399.77254732474717,403.31244591380926,398.8285743676639,403.2652587890625,262706,42770.0,62741.002,0.009000000000000001,0.074101,0.043,0.049,0.034,0.0681,82.43,81.42,80.48,78.23,1.1321,6.85,6.225,6.375,6.213,238237.3,0.94,58.3,7.33,35.87,9.7
2021-11-17,398.54540239592313,405.7195739746094,397.69580367044324,405.7195739746094,353021,42770.0,62741.002,0.009000000000000001,0.074101,0.043,0.049,0.034,0.0681,80.28,79.34,78.49,76.49,1.13195,6.61,6.075,6.1875,6.075,239687.3,0.93,58.6,7.33,36.09,9.76
2021-11-18,405.6252104556493,406.33319020710246,399.2061767578125,399.2061767578125,473833,42770.0,62741.002,0.009000000000000001,0.074101,0.043,0.049,0.034,0.0681,81.24,80.36,79.55,77.6,1.1371,6.45,6.025,6.125,6.05,235839.3,0.95,57.7,7.33,35.51,9.6
2021-11-19,400.9053555634376,401.6605224609375,397.8846303578969,401.6605224609375,711311,42770.0,62741.002,0.009000000000000001,0.074101,0.043,0.049,0.034,0.0681,78.89,78.12,77.37,75.59,1.1289,6.673,6.225,6.338,6.1225,237289.3,0.94,58.0,7.33,35.73,9.66
2021-11-22,400.7165320185517,401.6605050032833,394.3447143716136,394.4391174316406,354492,42770.0,62741.002,0.009000000000000001,0.074101,0.043,0.049,0.034,0.0681,79.7,79.03,78.35,76.66,1.1236,6.925,6.375,6.5,6.25,233023.1,0.96,57.0,7.33,35.09,9.49
2021-11-23,392.9287631575085,393.6367429109455,386.2737649983091,388.6336975097656,349149,42770.0,62741.002,0.009000000000000001,0.074101,0.043,0.049,0.034,0.0681,82.31,81.33,80.66,78.88,1.1248,6.75,6.33,6.3975,6.25,229593.3,0.97,56.1,7.33,34.57,9.35
2021-11-24,388.4920621913261,389.95523757161936,381.4122649543968,389.43603515625,365522,42770.0,62741.002,0.009000000000000001,0.074101,0.043,0.049,0.034,0.0681,82.25,81.05,80.42,78.66,1.1199,6.8,6.335,6.425,6.3,230067.4,0.97,56.3,7.33,34.64,9.37
2021-11-25,390.80483513016134,394.06155361268765,389.6720559689946,392.2207946777344,250089,42770.0,62741.002,0.009000000000000001,0.074101,0.043,0.049,0.034,0.0681,82.25,81.05,80.42,78.66,1.1209,6.1,6.05,6.225,6.15,231712.6,0.96,56.7,7.33,34.89,9.43
2021-11-26,380.46832524455874,386.22656659545123,378.06120549671436,379.7603454589844,690282,42770.0,62741.002,0.009000000000000001,0.074101,0.043,0.049,0.034,0.0681,82.25,81.05,80.42,78.66,1.1319,7.05,6.625,6.625,6.4,224351.3,0.99,54.9,7.33,33.78,9.13
2021-11-29,383.1586558686738,385.94338789389906,378.58038080702937,379.2883605957031,535490,42770.0,62741.002,0.009000000000000001,0.074101,0.043,0.049,0.034,0.0681,73.44,73.22,72.84,67.42,1.12925,6.575,6.275,6.325,6.2375,224072.4,1.0,54.8,7.33,33.74,9.12
2021-11-30,375.89007120704593,378.86358048317237,370.74540668223636,375.2292785644531,976531,42770.0,62741.002,0.009000000000000001,0.074101,0.043,0.049,0.034,0.0681,69.23,68.88,68.55,67.42,1.13375,7.075,6.503,6.5,6.34,221674.4,1.01,54.2,7.33,33.38,9.02
2021-12-01,377.5420376213301,383.3946533203125,373.3885331028483,383.3946533203125,413453,42770.0,62741.002,0.009000000000000001,0.074101,0.043,0.049,0.034,0.0681,68.87,68.57,68.28,67.31,1.132,6.9,6.425,6.463,6.3,226498.3,0.98,55.4,7.33,34.1,9.22
2021-12-02,379.4771361902611,381.4122692671287,375.84283447265625,375.84283447265625,420272,42770.0,62741.002,0.009000000000000001,0.074101,0.043,0.049,0.034,0.0681,69.67,69.32,69.0,68.13,1.1301,6.5,6.315,6.3625,6.15,222036.9,1.0,54.3,7.33,33.43,9.04
2021-12-03,379.42997070384865,380.8931173763621,375.46527245712025,378.43878173828125,434988,42770.0,62741.002,0.009000000000000001,0.074101,0.043,0.049,0.034,0.0681,69.88,69.51,69.2,68.46,1.1315,6.35,6.225,6.3,6.15,223570.4,1.0,54.7,7.33,33.66,9.1
2021-12-06,380.3739253464277,387.97289634293213,379.6659456085756,385.7073669433594,441903,42770.0,62741.002,0.009000000000000001,0.074101,0.043,0.049,0.034,0.0681,73.08,72.69,72.32,71.36,1.12865,6.412,6.225,6.25,6.125,227864.7,0.98,55.7,7.33,34.31,9.28
2021-12-07,388.91688227010553,400.9997253417969,388.3504926994203,400.9997253417969,556013,42770.0,62741.002,0.009000000000000001,0.074101,0.043,0.049,0.034,0.0681,75.44,75.1,74.73,73.71,1.1265,6.4025,6.175,6.318,6.2275,236898.9,0.94,57.9,7.33,35.67,9.64
2021-12-08,405.43640778810055,409.35389001797984,393.2591617208618,394.81671142578125,401765,42770.0,62741.002,0.009000000000000001,0.074101,0.043,0.049,0.034,0.0681,75.82,75.59,75.25,74.3,1.13425,6.5,6.225,6.35,6.25,233246.1,0.96,57.0,7.33,35.12,9.49
2021-12-09,400.24457228023834,403.595665076929,394.5335468639708,395.6191101074219,291417,42770.0,62741.002,0.009000000000000001,0.074101,0.043,0.049,0.034,0.0681,74.42,74.23,73.91,73.02,1.1293,6.45,6.35,6.35,6.275,233720.2,0.95,57.2,7.33,35.19,9.51
2021-12-10,392.92877977665523,398.78142417571627,392.2679871223909,397.4598388671875,253743,42770.0,62741.002,0.009000000000000001,0.074101,0.043,0.049,0.034,0.0681,75.15,74.91,74.54,73.53,1.1313,6.425,6.325,6.4,6.3,234807.6,0.95,57.4,7.33,35.36,9.56
2021-12-13,398.4037981694208,399.6781674971042,391.79598708578686,394.5807189941406,277281,42770.0,62741.002,0.009000000000000001,0.074101,0.043,0.049,0.034,0.0681,74.39,74.28,73.98,73.07,1.12845,6.4,6.2675,6.318,6.275,233106.8,0.96,57.0,7.33,35.1,9.49
2021-12-14,396.3270601339979,398.30940914714665,391.0408057015243,391.9375915527344,227139,42770.0,62741.002,0.009000000000000001,0.074101,0.043,0.049,0.034,0.0681,73.7,73.63,73.35,72.48,1.1259,6.5625,6.25,6.4,6.2875,231545.2,0.96,56.6,7.33,34.86,9.43
2021-12-15,392.409588119306,395.71349362348377,390.4744261821972,393.919921875,295551,42770.0,62741.002,0.009000000000000001,0.074101,0.043,0.05,0.034,0.0704,73.88,73.78,73.45,72.46,1.1287,6.1,6.12,6.3,6.27,232716.4,0.96,56.9,7.33,35.04,9.47
2021-12-16,400.0085382849917,401.0469142934208,389.53043275951256,395.0054931640625,439199,42770.0,62741.002,0.009000000000000001,0.074101,0.043,0.05,0.034,0.0704,75.02,74.92,74.56,73.4,1.133,5.425,5.825,5.98,5.965,233357.6,0.96,57.1,7.33,35.14,9.5
2021-12-17,395.00549705516687,395.43026760295743,386.50974040613227,389.90802001953125,643982,42770.0,62741.002,0.009000000000000001,0.074101,0.043,0.05,0.034,0.0704,73.52,73.52,73.17,71.99,1.1241,5.525,5.875,6.0,6.0,230346.3,0.97,56.3,7.33,34.68,9.38
2021-12-20,381.6010826834797,389.1056795061142,377.5891974604623,387.972900390625,314825,42770.0,62741.002,0.009000000000000001,0.074101,0.043,0.05,0.034,0.0704,71.52,71.57,71.28,70.23,1.1277,5.725,5.975,6.05,6.0,229203.0,0.97,56.0,7.33,34.51,9.33
2021-12-21,391.74882201337607,391.74882201337607,385.84899035654814,391.6544189453125,270664,42770.0,62741.002,0.009000000000000001,0.074101,0.043,0.05,0.034,0.0704,73.98,73.96,73.62,72.45,1.1285,5.588,5.875,6.0125,5.95,231377.9,0.96,56.6,7.33,34.84,9.42
2021-12-22,391.74879670427634,395.5246887207031,389.01128075392097,395.5246887207031,258741,42770.0,62741.002,0.009000000000000001,0.074101,0.043,0.05,0.034,0.0704,75.29,75.28,74.87,73.45,1.13255,5.475,5.825,5.9975,5.95,233664.4,0.95,57.1,7.33,35.18,9.51
2021-12-23,396.6102518164846,400.24455364295693,394.29753524165307,398.9701843261719,198277,42770.0,62741.002,0.009000000000000001,0.074101,0.043,0.05,0.034,0.0704,76.85,76.64,76.14,74.6,1.133,5.287,5.787,5.915,5.95,235699.8,0.95,57.6,7.33,35.49,9.59
2021-12-24,398.35664589168806,400.4805853543807,396.89349911827554,398.6870422363281,52293,42770.0,62741.002,0.009000000000000001,0.074101,0.043,0.05,0.034,0.0704,76.85,76.64,76.14,74.6,1.1319,5.375,5.775,5.95,5.95,235532.6,0.95,57.6,7.33,35.46,9.59
2021-12-27,398.35659172033974,398.35659172033974,393.3063305898196,394.7222900390625,156489,42770.0,62741.002,0.009000000000000001,0.074101,0.043,0.05,0.034,0.0704,78.6,78.22,77.73,76.18,1.1327,5.65,5.85,5.925,5.9,233190.3,0.96,57.0,7.33,35.11,9.49
2021-12-28,396.46864302587113,398.4509920025542,393.54232108960264,397.50701904296875,181162,42770.0,62741.002,0.009000000000000001,0.074101,0.043,0.05,0.034,0.0704,78.94,78.67,78.21,76.65,1.1311,5.575,5.675,5.86,5.86,234835.5,0.95,57.4,7.33,35.36,9.56
2021-12-29,397.50705703786076,400.10298292484686,395.38311767578125,395.38311767578125,217507,42770.0,62741.002,0.009000000000000001,0.074101,0.043,0.05,0.034,0.0704,79.23,79.21,78.79,77.22,1.135,5.525,5.7,5.89,5.95,233580.8,0.95,57.1,7.33,35.17,9.51
2021-12-30,397.93176826457284,398.87574117356985,395.85504514943966,396.2798156738281,241904,42770.0,62741.002,0.009000000000000001,0.074101,0.043,0.05,0.034,0.0704,79.53,79.08,78.61,76.99,1.1325,5.448,5.66,5.8,5.8,234110.6,0.95,57.2,7.33,35.25,9.53
2021-12-31,396.0439066483569,397.8846657353664,393.589599609375,393.589599609375,81186,42770.0,62741.002,0.009000000000000001,0.074101,0.043,0.05,0.034,0.0704,79.53,79.08,78.61,76.99,1.137,5.125,5.375,5.55,5.6,232521.1,0.96,56.9,7.33,35.01,9.47
2022-01-03,401.4245275578029,406.238795730985,400.5749575996579,402.13250732421875,250080,42770.0,62741.002,0.009000000000000001,0.074101,0.043,0.05,0.034,0.0704,78.98,78.57,78.12,76.57,1.1296,5.55,5.52,5.65,5.72,237568.1,0.94,58.1,7.33,31.32,8.39
2022-01-04,405.34200393488663,407.7491523903123,400.2917425797696,407.2299499511719,252750,42770.0,62741.002,0.009000000000000001,0.074101,0.043,0.05,0.034,0.0704,80.0,79.55,79.09,77.56,1.1287,5.525,5.45,5.6,5.7,240579.5,0.93,58.8,7.33,31.71,8.49
2022-01-05,406.4747578329645,406.6163480138417,402.32128261654736,404.209228515625,260557,42770.0,62741.002,0.009000000000000001,0.074101,0.043,0.05,0.034,0.0704,80.8,80.19,79.59,77.85,1.1314,5.35,5.375,5.55,5.7,238794.9,0.93,58.4,7.33,31.48,8.43
2022-01-06,397.4126547751069,398.5926210897598,389.6720642278751,389.8608703613281,427847,42770.0,62741.002,0.009000000000000001,0.074101,0.043,0.05,0.034,0.0704,81.99,81.29,80.61,78.74,1.1293,5.475,5.525,5.7,5.775,230318.3,0.97,56.3,7.33,30.36,8.13
2022-01-07,388.5864443402116,390.8047864499714,383.9137956999266,386.6040954589844,268239,42770.0,62741.002,0.009000000000000001,0.074101,0.043,0.05,0.034,0.0704,81.75,81.06,80.38,78.51,1.1361,5.225,5.438,5.7,5.85,228394.4,0.98,55.8,7.33,30.11,8.06
2022-01-10,387.4065469846758,388.0673396650029,370.32062844362144,372.5389709472656,447503,42770.0,62741.002,0.009000000000000001,0.074101,0.043,0.05,0.034,0.0704,80.87,80.3,79.7,77.89,1.1326,5.675,5.575,5.713,5.805,220085.0,1.01,53.8,7.33,29.01,7.77
2022-01-11,372.96374101604334,380.1851287616947,371.87817781899787,374.1437072753906,379927,42770.0,62741.002,0.009000000000000001,0.074101,0.043,0.05,0.034,0.0704,83.72,83.08,82.42,80.37,1.1366,5.575,5.625,5.725,5.825,221033.1,1.01,54.0,7.33,29.14,7.8
2022-01-12,376.4092296929751,378.7219750411557,372.72774079420896,377.6363830566406,342404,42770.0,62741.002,0.009000000000000001,0.074101,0.043,0.05,0.034,0.0704,84.67,83.98,83.25,81.07,1.1444,5.45,5.55,5.6,5.713,223096.5,1.0,54.6,7.33,29.41,7.88
2022-01-13,375.98443666992637,375.98443666992637,366.497519485176,367.0166931152344,463436,42770.0,62741.002,0.009000000000000001,0.074101,0.043,0.05,0.034,0.0704,84.47,83.77,83.03,80.87,1.14545,5.255,5.525,5.6,5.75,216822.7,1.03,53.0,7.33,28.58,7.66
2022-01-14,360.1257207606165,361.9192638049473,357.67138505416676,358.14337158203125,424867,42770.0,62741.002,0.009000000000000001,0.074101,0.043,0.05,0.034,0.0704,86.06,85.35,84.57,82.23,1.1416,5.35,5.575,5.65,5.75,211580.5,1.05,51.7,7.33,27.89,7.47
2022-01-17,359.0873438250068,365.41197480718466,356.91621732485277,363.6656188964844,282696,42770.0,62741.002,0.009000000000000001,0.074101,0.043,0.051,0.033,0.0748,86.06,85.35,84.57,82.23,1.1409,5.475,5.65,5.7,5.78,214842.9,1.04,52.5,7.33,28.32,7.59
2022-01-18,363.24081976273334,363.24081976273334,354.79227821161584,354.9338684082031,420340,42770.0,62741.002,0.009000000000000001,0.074101,0.043,0.051,0.033,0.0748,86.06,85.35,84.57,82.23,1.1327,5.85,5.825,5.9,6.0,209684.5,1.06,51.3,7.33,27.64,7.4
2022-01-19,350.96913588088006,359.7481017154527,349.31718319675696,356.1138000488281,460176,42770.0,62741.002,0.009000000000000001,0.074101,0.043,0.051,0.033,0.0748,88.44,87.59,86.69,84.16,1.13425,5.6,5.775,5.85,6.0,210381.6,1.06,51.4,7.33,27.73,7.43
2022-01-20,355.35864530526646,359.88970415579223,352.6211005749805,359.46490478515625,358065,42770.0,62741.002,0.009000000000000001,0.074101,0.043,0.051,0.033,0.0748,88.38,87.61,86.74,84.28,1.1312,5.45,5.75,5.85,5.925,212361.4,1.05,51.9,7.33,27.99,7.5
2022-01-21,353.04589356118925,358.19055781132494,352.05473345798873,354.46185302734375,531006,42770.0,62741.002,0.009000000000000001,0.074101,0.043,0.051,0.033,0.0748,87.89,87.08,86.19,83.7,1.1342,5.4875,5.787,5.8875,5.98,209405.7,1.07,51.2,7.33,27.61,7.39
2022-01-24,353.0459118149883,356.30263027863583,342.3318122055729,345.82452392578125,603615,42770.0,62741.002,0.009000000000000001,0.074101,0.043,0.051,0.033,0.0748,86.27,85.43,84.56,83.67,1.1325,5.85,6.025,6.0,6.1375,204303.1,1.09,50.0,7.33,26.93,7.21
2022-01-25,349.7891817806004,351.77153083169094,344.6445462424172,349.12841796875,467461,42770.0,62741.002,0.009000000000000001,0.074101,0.043,0.051,0.033,0.0748,88.2,87.18,86.23,83.67,1.1301,5.775,6.03,6.0,6.1,206254.9,1.08,50.4,7.33,27.19,7.28
2022-01-26,352.62109338297233,354.93383869545187,348.84520148195685,351.2523498535156,381570,42770.0,62741.002,0.009000000000000001,0.074101,0.043,0.051,0.033,0.0748,89.96,88.74,87.65,84.88,1.1239,5.48,5.925,5.925,6.05,207509.6,1.07,50.7,7.33,27.36,7.33
2022-01-27,345.5412980225751,353.8482775364458,341.1990453580675,352.14910888671875,494814,42770.0,62741.002,0.009000000000000001,0.074101,0.043,0.051,0.033,0.0748,89.34,88.17,87.02,84.11,1.1145,6.012,6.2,6.125,6.15,208039.4,1.07,50.9,7.33,27.42,7.35
2022-01-28,350.7804072919601,350.7804072919601,342.3318365823679,347.47650146484375,507725,42770.0,62741.002,0.009000000000000001,0.074101,0.043,0.051,0.033,0.0748,90.03,88.52,87.17,84.11,1.1145,5.99,6.25,6.1625,6.225,205278.9,1.09,50.2,7.33,27.06,7.25
2022-01-31,350.3556089180117,356.7746432572922,349.8364352381738,355.73626708984375,778834,42770.0,62741.002,0.009000000000000001,0.074101,0.043,0.051,0.033,0.0748,89.26,87.85,86.64,83.85,1.1235,5.925,6.225,6.15,6.1,210158.6,1.06,51.4,7.33,27.7,7.42
2022-02-01,359.60653366612394,360.22011036786677,355.12266181895416,356.63299560546875,432457,42770.0,62741.002,0.009000000000000001,0.074101,0.043,0.051,0.033,0.0748,89.16,87.77,86.55,83.77,1.1271,5.975,6.275,6.15,6.15,210688.3,1.06,51.5,7.33,27.77,7.44
2022-02-02,357.8601973019629,362.3912565237604,355.830660959028,358.3321838378906,340645,42770.0,62741.002,0.009000000000000001,0.074101,0.043,0.051,0.033,0.0748,89.47,88.12,86.91,84.18,1.1305,6.125,6.262,6.15,6.25,211692.2,1.05,51.8,7.33,27.91,7.47
2022-02-03,361.5888475127168,363.6655996437841,351.3467634696789,351.62994384765625,473897,42770.0,62741.002,0.009000000000000001,0.074101,0.043,0.051,0.033,0.0748,91.11,89.69,88.42,85.57,1.144,6.525,6.705,6.5,6.425,207732.7,1.07,50.8,7.33,27.38,7.34
2022-02-04,351.67714674391465,356.5386309767513,346.10771153439003,347.1460876464844,456130,42770.0,62741.002,0.009000000000000001,0.074101,0.043,0.051,0.033,0.0748,93.27,91.65,90.22,87.05,1.1448,6.438,6.725,6.55,6.475,205083.7,1.09,50.1,7.33,27.04,7.24
2022-02-07,349.3172208083151,352.5739394022072,347.8540740822312,350.5444030761719,297497,42770.0,62741.002,0.009000000000000001,0.074101,0.043,0.051,0.033,0.0748,92.69,91.23,89.89,86.93,1.14425,6.44,6.863,6.675,6.625,207091.4,1.08,50.6,7.33,27.3,7.31
2022-02-08,352.2907604115831,354.32029674571527,346.8156993339051,348.2316589355469,495639,42770.0,62741.002,0.009000000000000001,0.074101,0.043,0.051,0.033,0.0748,90.78,89.38,88.13,85.33,1.1415,6.1625,6.713,6.575,6.5,205724.9,1.08,50.3,7.33,27.12,7.26
2022-02-09,352.2907213526191,356.4913837537599,349.128406164675,350.591552734375,527561,42770.0,62741.002,0.009000000000000001,0.074101,0.043,0.051,0.033,0.0748,91.55,90.18,88.97,86.26,1.1424,6.175,6.575,6.525,6.5,207119.4,1.29,45.0,8.24,27.3,7.31
2022-02-10,348.70365004309014,348.70365004309014,336.0544165307349,343.606201171875,643053,42770.0,62741.002,0.009000000000000001,0.074101,0.043,0.051,0.033,0.0748,91.41,90.03,88.82,87.87,1.14275,6.8875,6.875,6.675,6.6375,202992.7,1.32,44.2,8.24,26.76,7.17
2022-02-11,339.83025535820565,345.9188922898139,339.6886651800266,343.5589599609375,570026,42770.0,62741.002,0.009000000000000001,0.074101,0.043,0.051,0.033,0.0748,94.44,92.62,91.05,87.87,1.1351,7.35,7.255,7.05,6.95,202964.8,1.32,44.1,8.24,26.76,7.17
2022-02-14,338.31990926976624,338.79189575837023,327.46422003187513,333.3168640136719,698944,42770.0,62741.002,0.009000000000000001,0.074101,0.043,0.051,0.033,0.0748,96.48,94.41,92.59,88.96,1.1307,7.25,7.325,7.125,7.05,189054.1,1.36,42.8,8.24,25.96,6.95
2022-02-15,332.79767159955486,339.83028201434865,331.9009145289012,339.2167053222656,410960,42770.0,62741.002,0.005,-0.010258,0.048,0.059,0.042,0.0787,93.28,91.1,89.29,85.88,1.1358,6.65,6.875,6.7375,6.7375,192400.4,1.34,43.6,8.24,26.42,7.08
2022-02-16,336.71518963397426,340.585455991331,333.69446443002846,335.25201416015625,301249,42770.0,62741.002,0.005,-0.010258,0.048,0.059,0.042,0.0787,94.81,92.49,90.61,86.82,1.1374,6.675,6.8,6.73,6.745,190151.6,1.35,43.1,8.24,26.11,6.99
2022-02-17,335.91280880105694,338.41433157134117,333.6944664169292,336.62078857421875,333024,42770.0,62741.002,0.005,-0.010258,0.048,0.059,0.042,0.0787,92.97,90.81,89.08,85.69,1.1361,7.238,6.988,6.9,6.875,190928.1,1.35,43.3,8.24,26.22,7.02
2022-02-18,342.70942619125395,345.63574859490893,338.2727698572496,340.5382995605469,509755,42770.0,62741.002,0.005,-0.010258,0.048,0.059,0.042,0.0787,93.54,91.39,89.69,86.4,1.1323,7.3,7.025,6.925,6.9125,193149.9,1.33,43.8,8.24,26.52,7.1
2022-02-21,340.5382616819911,341.67104081152564,325.81227703689154,327.0394592285156,458698,42770.0,62741.002,0.005,-0.010258,0.048,0.059,0.042,0.0787,93.54,91.39,89.69,86.4,1.1311,7.4,7.2,7.075,7.025,185493.5,1.39,42.0,8.24,25.47,6.82
2022-02-22,321.61163026295793,332.1841111581786,320.95083760360666,329.2106018066406,500401,42770.0,62741.002,0.005,-0.010258,0.048,0.059,0.042,0.0787,96.84,93.85,91.75,88.09,1.13265,7.113,6.9875,6.875,6.9,186725.0,1.38,42.3,8.24,25.64,6.87
2022-02-23,326.8034688848541,331.28734070018714,323.6411535272231,324.2547302246094,569512,42770.0,62741.002,0.005,-0.010258,0.048,0.059,0.042,0.0787,96.84,94.05,92.18,88.82,1.1311,7.05,6.8,6.79,6.8875,183914.1,1.4,41.7,8.24,25.25,6.76
2022-02-24,313.9654210716224,323.5467411230487,310.3783064382589,321.56439208984375,1023413,42770.0,62741.002,0.005,-0.010258,0.048,0.059,0.042,0.0787,99.08,95.42,92.89,88.69,1.1193,7.45,7.275,7.1,7.075,182388.1,1.41,41.3,8.24,25.04,6.71
2022-02-25,325.1042733554223,334.92158612701786,320.0540123869123,334.1192321777344,697970,42770.0,62741.002,0.005,-0.010258,0.048,0.059,0.042,0.0787,97.93,94.12,91.77,87.65,1.1269,7.025,6.875,6.8475,6.84,189509.1,1.36,42.9,8.24,26.02,6.97
2022-02-28,330.01296419575283,336.4319690266283,326.3786624102525,335.11041259765625,745953,42770.0,62741.002,0.005,-0.010258,0.048,0.059,0.042,0.0787,97.97,95.1,92.9,91.21,1.1221,8.575,7.875,7.55,7.325,190071.3,1.35,43.1,8.24,26.1,6.99
2022-03-01,335.1104156516271,336.47918802739656,323.5467463791413,325.4346923828125,577375,42770.0,62741.002,0.005,-0.010258,0.048,0.059,0.042,0.0787,104.97,101.13,97.97,95.94,1.11275,10.1,8.975,8.5,8.088,184583.3,1.39,41.8,8.24,25.34,6.79
2022-03-02,326.00106977420984,332.184081182282,322.60276133292376,328.9745788574219,679253,42770.0,62741.002,0.005,-0.010258,0.048,0.059,0.042,0.0787,112.93,108.29,104.16,95.94,1.1122,9.225,8.475,8.1125,7.8,186591.2,1.38,42.3,8.24,25.62,6.86
2022-03-03,330.20173253495324,333.22245755430373,324.8211039044317,326.8978271484375,440125,42770.0,62741.002,0.005,-0.010258,0.048,0.059,0.042,0.0787,110.46,106.54,103.0,95.9,1.1066,9.238,8.55,8.075,7.725,185413.3,1.39,42.0,8.24,25.46,6.82
2022-03-04,323.82993562450963,326.8506608362125,317.5525207519531,317.5525207519531,736673,42770.0,62741.002,0.005,-0.010258,0.048,0.059,0.042,0.0787,118.11,114.34,110.87,106.46,1.0927,10.875,9.55,8.838,8.1875,180112.6,1.43,40.8,8.24,24.73,6.62
2022-03-07,306.79125235978944,327.74746635178246,304.4313196493295,322.69720458984375,884180,42770.0,62741.002,0.005,-0.010258,0.048,0.059,0.042,0.0787,123.21,118.87,115.1,108.85,1.0854,12.275,10.4,9.5375,8.725,183030.7,1.4,41.5,8.24,25.13,6.73
2022-03-08,317.74130388251484,327.8890131956472,307.7823718765937,309.90631103515625,877913,42770.0,62741.002,0.005,-0.010258,0.048,0.059,0.042,0.0787,127.98,123.48,119.34,108.85,1.0901,10.7125,9.475,8.8,8.24,175775.8,1.46,39.8,8.24,24.14,6.46
2022-03-09,317.4581030151922,336.05438232421875,317.4581030151922,336.05438232421875,903692,42770.0,62741.002,0.005,-0.010258,0.048,0.059,0.042,0.0787,111.14,107.03,103.51,95.55,1.10765,10.425,8.875,8.15,7.675,190606.7,1.35,43.2,8.24,26.17,7.01
2022-03-10,333.8360595947061,333.97764978905025,317.7413307973727,319.81805419921875,782532,42770.0,62741.002,0.005,-0.010258,0.048,0.059,0.042,0.0787,109.33,105.43,102.36,99.36,1.0985,10.325,9.025,8.288,7.825,181397.7,1.42,41.1,8.24,24.91,6.67
2022-03-11,320.0068453397711,327.03945567639306,311.2750951350723,319.2516784667969,766924,42770.0,62741.002,0.005,-0.010258,0.048,0.059,0.042,0.0787,112.67,109.1,106.16,94.67,1.0911,10.9,9.338,8.575,8.025,181076.4,1.42,41.0,8.24,24.86,6.66
2022-03-14,321.61158151703955,328.5025722274394,315.05095827847094,325.9066467285156,545929,42770.0,62741.002,0.005,-0.010258,0.048,0.059,0.042,0.0787,106.9,103.4,100.58,91.5,1.094,10.825,9.2875,8.525,7.95,184851.1,1.39,41.9,8.24,25.38,6.8
2022-03-15,322.13078931320547,327.8418144944048,315.6173813128221,324.7267150878906,518097,42770.0,62741.002,0.005,-0.010258,0.048,0.07400000000000001,0.051,0.08539999999999999,99.91,97.58,95.64,89.46,1.0953,10.4,8.875,8.275,7.85,184181.8,1.4,41.7,8.24,25.29,6.77
2022-03-16,332.27851428616,344.7861572244884,329.68258839329934,339.7831115722656,579503,42770.0,62741.002,0.005,-0.010258,0.048,0.07400000000000001,0.051,0.08539999999999999,98.02,95.64,93.66,95.56,1.1033,8.7875,8.0875,7.65,7.35,192721.6,1.33,43.7,8.24,26.46,7.09
2022-03-17,342.42620283528885,342.47338996177933,335.959982078775,340.6326599121094,413639,42770.0,62741.002,0.005,-0.010258,0.048,0.07400000000000001,0.051,0.08539999999999999,106.64,103.56,100.95,97.06,1.1091,7.9,7.582,7.125,7.125,193203.6,1.33,43.8,8.24,26.53,7.11
2022-03-18,338.65032334159645,342.3790283203125,331.33453238439125,342.3790283203125,1024620,42770.0,62741.002,0.005,-0.010258,0.048,0.07400000000000001,0.051,0.08539999999999999,107.93,105.07,102.54,101.73,1.1057,8.213,7.787,7.512,7.325,194193.9,1.32,44.0,8.24,26.66,7.14
2022-03-21,340.25508847870583,343.3701879389614,334.7328405193705,335.25201416015625,376363,42770.0,62741.002,0.005,-0.010258,0.048,0.07400000000000001,0.051,0.08539999999999999,115.62,111.92,108.64,101.57,1.1016,8.113,7.738,7.475,7.25,190151.6,1.35,43.1,8.24,26.11,6.99
2022-03-22,335.676793714909,344.219737565755,335.29921028866374,342.9925842285156,464844,42770.0,62741.002,0.005,-0.010258,0.048,0.07400000000000001,0.051,0.08539999999999999,115.48,111.83,108.53,105.23,1.1029,8.137,7.738,7.4875,7.3,194542.1,1.32,44.1,8.24,26.71,7.15
2022-03-23,344.55016620014,345.7773196525387,335.1104356193142,337.234375,353521,42770.0,62741.002,0.005,-0.010258,0.048,0.07400000000000001,0.051,0.08539999999999999,121.6,117.75,113.86,103.02,1.1005,7.875,7.65,7.4375,7.262,191276.0,1.34,43.3,8.24,26.26,7.03
2022-03-24,332.18411924521587,336.1960048129305,327.2282606027449,330.2961730957031,515424,42770.0,62741.002,0.005,-0.010258,0.048,0.07400000000000001,0.051,0.08539999999999999,119.03,115.3,111.51,104.69,1.0997,7.825,7.613,7.4375,7.3,187340.7,1.37,42.4,8.24,25.72,6.89
2022-03-25,330.8625713594609,336.054423406471,327.70025571472746,329.7770080566406,305342,42770.0,62741.002,0.005,-0.010258,0.048,0.07400000000000001,0.051,0.08539999999999999,120.65,117.37,113.58,98.63,1.0983,7.725,7.55,7.3875,7.25,187046.3,1.37,42.4,8.24,25.68,6.88
2022-03-28,332.9392841904918,338.5087190547887,331.7121020221681,333.74163818359375,358380,42770.0,62741.002,0.005,-0.010258,0.048,0.07400000000000001,0.051,0.08539999999999999,112.48,109.49,106.16,98.12,1.098,8.025,7.725,7.55,7.35,189295.0,1.36,42.9,8.24,25.99,6.96
2022-03-29,339.8302916860613,355.02826327024206,337.70635236302337,348.5620422363281,580344,42770.0,62741.002,0.005,-0.010258,0.048,0.07400000000000001,0.051,0.08539999999999999,110.23,107.71,104.74,101.78,1.1087,7.8,7.338,7.175,7.1,197700.9,1.3,44.8,8.24,27.15,7.27
2022-03-30,347.8540523540652,348.5148449806951,342.3318045130776,346.1076965332031,351046,42770.0,62741.002,0.005,-0.010258,0.048,0.07400000000000001,0.051,0.08539999999999999,113.45,111.44,108.64,96.75,1.1158,7.625,7.338,7.15,7.0,196308.8,1.31,44.5,8.24,26.95,7.22
2022-03-31,346.10768187080475,352.7154926260932,342.85099242607384,343.4645690917969,502204,42770.0,62741.002,0.005,-0.010258,0.048,0.07400000000000001,0.051,0.08539999999999999,104.71,102.73,100.98,98.03,1.1067,7.762,7.525,7.262,7.1,194809.8,1.32,44.1,8.24,26.75,7.16
2022-04-01,344.59732550497995,349.3644063480358,342.6621924152741,347.098876953125,349309,42770.0,62741.002,0.005,-0.010258,0.048,0.07400000000000001,0.051,0.08539999999999999,104.39,102.82,101.44,100.93,1.1055,7.525,7.475,7.275,7.125,196871.0,1.31,44.6,8.24,27.03,7.24
2022-04-04,347.8540498114662,350.9691491821924,345.39971425477034,350.26116943359375,314575,42770.0,62741.002,0.005,-0.010258,0.048,0.07400000000000001,0.051,0.08539999999999999,107.53,106.0,104.56,100.17,1.0972,8.015,7.675,7.412,7.225,198664.8,1.29,45.0,8.24,27.28,7.31
2022-04-05,350.4499710959013,355.2642390866514,349.8835815426773,353.51788330078125,391128,42770.0,62741.002,0.005,-0.010258,0.048,0.07400000000000001,0.051,0.08539999999999999,106.64,105.2,103.8,96.51,1.0905,8.925,8.075,7.7825,7.54,200511.9,1.28,45.4,8.24,27.53,7.37
2022-04-06,350.4027918211125,352.6211053419771,343.65336177292795,345.8717041015625,380261,42770.0,62741.002,0.005,-0.010258,0.048,0.07400000000000001,0.051,0.08539999999999999,101.07,100.25,99.31,96.95,1.0895,9.0,8.165,7.8725,7.6,196175.0,1.31,44.4,8.24,26.94,7.21
2022-04-07,347.7596423887336,351.677124520295,346.0605025365142,346.62689208984375,420933,42770.0,62741.002,0.005,-0.010258,0.048,0.07400000000000001,0.051,0.08539999999999999,100.58,100.05,99.36,98.86,1.0879,8.425,8.0,7.7,7.45,196603.3,1.31,44.5,8.24,26.99,7.23
2022-04-08,349.3172325591896,351.1579916190112,344.31418667482353,347.2405090332031,327622,42770.0,62741.002,0.005,-0.010258,0.048,0.07400000000000001,0.051,0.08539999999999999,102.78,102.17,101.37,96.16,1.0878,8.488,7.85,7.6,7.4,196951.4,1.3,44.6,8.24,27.04,7.24
2022-04-11,346.76846055141056,349.78915663364137,343.2285620745847,344.03094482421875,282264,42770.0,62741.002,0.005,-0.010258,0.048,0.07400000000000001,0.051,0.08539999999999999,98.48,98.27,97.87,100.74,1.08835,8.212,7.625,7.45,7.3,195130.9,1.32,44.2,8.24,26.79,7.18
2022-04-12,339.83026775050973,344.59731970556913,334.49682625431245,341.3878173828125,332473,42770.0,62741.002,0.005,-0.010258,0.048,0.07400000000000001,0.051,0.08539999999999999,104.64,104.22,103.55,103.42,1.0827,8.125,7.4875,7.35,7.2,193631.8,1.33,43.9,8.24,26.59,7.12
2022-04-13,339.83030120134924,341.4822540544113,335.2520261041656,339.07513427734375,365397,42770.0,62741.002,0.005,-0.010258,0.048,0.07400000000000001,0.051,0.08539999999999999,108.78,108.08,106.99,105.03,1.0887,7.975,7.5,7.35,7.225,192320.0,1.34,43.6,8.24,26.41,7.07
2022-04-14,339.97185352003663,344.03095450568566,339.4998670431776,341.19903564453125,393601,42770.0,62741.002,0.005,-0.010258,0.048,0.07400000000000001,0.051,0.08539999999999999,111.7,110.8,109.47,105.39,1.08285,8.275,7.588,7.45,7.338,193524.7,1.33,43.8,8.24,26.57,7.12
2022-04-19,337.3287752758035,337.9423519969252,327.1338490482167,331.287353515625,559378,42770.0,62741.002,0.005,-0.010258,0.048,0.07400000000000001,0.05400000000000001,0.08259999999999999,107.25,106.63,105.23,101.14,1.0788,8.1,7.525,7.463,7.45,187902.9,1.37,42.6,8.24,25.8,6.91
2022-04-20,339.8302630655838,340.53824278030373,328.125004210434,333.8360290527344,610594,42770.0,62741.002,0.005,-0.010258,0.048,0.07400000000000001,0.05400000000000001,0.08259999999999999,106.8,106.33,105.21,102.53,1.0852,8.0,7.525,7.5,7.462,189348.4,1.36,42.9,8.24,26.0,6.96
2022-04-21,338.2255296893597,342.1430408629328,336.24320934583,340.7270812988281,478121,42770.0,62741.002,0.005,-0.010258,0.048,0.07400000000000001,0.05400000000000001,0.08259999999999999,108.33,107.96,106.77,100.41,1.0838,8.075,7.775,7.625,7.55,193570.4,1.33,43.8,8.24,26.54,7.11
2022-04-22,337.7535320777794,340.5854511130021,331.71211056419185,333.22247314453125,421659,42770.0,62741.002,0.005,-0.010258,0.048,0.07400000000000001,0.05400000000000001,0.08259999999999999,106.65,106.15,104.87,97.36,1.0795,8.363,7.975,7.7375,7.65,189307.0,1.36,42.8,8.24,25.95,6.95
2022-04-25,325.67067623080504,328.26660191090565,319.3932617113882,322.7443542480469,509353,42770.0,62741.002,0.005,-0.010258,0.048,0.07400000000000001,0.05400000000000001,0.08259999999999999,102.32,102.16,101.2,99.09,1.0713,8.25,7.89,7.75,7.6975,183354.3,1.4,41.5,8.24,25.13,6.73
2022-04-26,327.27544892516875,327.7946225493673,318.11889934956594,319.2516784667969,472872,42770.0,62741.002,0.005,-0.010258,0.048,0.07400000000000001,0.05400000000000001,0.08259999999999999,104.99,104.61,103.52,99.4,1.0638,8.95,8.462,8.25,8.025,181370.0,1.42,41.0,8.24,24.86,6.66
2022-04-27,332.27451864784473,334.0938833665427,320.1613467952438,327.0557861328125,438649,42770.0,62741.002,0.005,-0.010258,0.048,0.07400000000000001,0.05400000000000001,0.08259999999999999,105.32,104.95,103.85,100.4,1.0557,9.4,8.925,8.588,8.35,183166.6,1.41,41.4,8.24,25.11,6.73
2022-04-28,334.3811614732923,337.6368712910644,329.7848394753935,332.561767578125,420100,42770.0,62741.002,0.005,-0.010258,0.048,0.07400000000000001,0.05400000000000001,0.08259999999999999,107.59,107.26,105.72,98.14,1.0496,10.0625,9.588,9.0625,8.675,186250.3,1.38,42.1,8.24,25.53,6.84
2022-04-29,334.8599709289284,339.74352144889303,332.22667127805687,334.0939025878906,476009,42770.0,62741.002,0.005,-0.010258,0.048,0.07400000000000001,0.05400000000000001,0.08259999999999999,107.14,105.45,103.48,98.78,1.0543,9.475,9.175,8.7,8.375,187108.2,1.38,42.3,8.24,25.65,6.87
2022-05-02,329.2102950328375,330.4551450234109,322.89039978268283,325.6673278808594,323385,42770.0,62741.002,0.005,-0.010258,0.048,0.07400000000000001,0.05400000000000001,0.08259999999999999,107.58,105.97,104.08,97.45,1.0505,10.0,9.425,8.975,8.55,182389.1,1.41,41.3,8.24,25.0,6.7
2022-05-03,325.140659320703,325.85883191165357,312.50083925348264,319.347412109375,511441,42770.0,62741.002,0.005,-0.010258,0.048,0.07400000000000001,0.05400000000000001,0.08259999999999999,104.97,103.73,102.16,101.73,1.0522,9.688,9.337,8.95,8.5625,178849.6,1.44,40.5,8.24,24.52,6.57
2022-05-04,318.5813702135624,319.10801841992225,314.1286768110846,315.8044128417969,303432,42770.0,62741.002,0.005,-0.010258,0.048,0.07400000000000001,0.05400000000000001,0.08259999999999999,110.14,108.72,106.95,101.73,1.0623,8.738,8.863,8.637,8.4,176865.3,1.46,40.0,8.24,24.25,6.49
2022-05-05,323.56067311967155,325.23640910128535,312.69232248013014,315.2298889160156,458201,42770.0,62741.002,0.005,-0.010258,0.048,0.07400000000000001,0.05400000000000001,0.08259999999999999,110.9,109.22,107.31,103.61,1.0542,9.75,9.5,9.137,8.75,176543.5,1.46,39.9,8.24,24.2,6.48
2022-05-06,313.3147799562887,313.5062751173177,299.2864517032263,302.5900573730469,536582,42770.0,62741.002,0.005,-0.010258,0.048,0.07400000000000001,0.05400000000000001,0.08259999999999999,112.39,110.84,108.99,98.55,1.0553,9.575,9.463,9.138,8.75,169464.6,1.52,38.3,8.24,23.23,6.22
2022-05-09,298.08951278114773,302.54220653753225,290.8120533902165,291.4823303222656,503765,42770.0,62741.002,0.005,-0.010258,0.048,0.07400000000000001,0.05400000000000001,0.08259999999999999,105.94,104.6,102.99,95.84,1.0557,10.175,9.863,9.438,8.95,163243.7,1.58,36.9,8.24,22.38,5.99
2022-05-10,296.5095258963454,303.21247025993637,292.4398811041652,295.8871154785156,513958,42770.0,62741.002,0.005,-0.010258,0.048,0.07400000000000001,0.05400000000000001,0.08259999999999999,102.46,101.24,99.77,100.08,1.0529,9.3,9.125,9.025,8.625,165710.6,1.55,37.5,8.24,22.72,6.08
2022-05-11,298.9513250850693,311.208125732608,296.50952071888736,310.10693359375,742734,42770.0,62741.002,0.005,-0.010258,0.048,0.07400000000000001,0.05400000000000001,0.08259999999999999,107.51,106.1,104.46,99.64,1.0513,8.7,8.775,8.7,8.55,173674.5,1.48,39.3,8.24,23.81,6.38
2022-05-12,303.21246089303986,311.4475124155565,300.2440083506479,309.0057373046875,500261,42770.0,62741.002,0.005,-0.010258,0.048,0.07400000000000001,0.05400000000000001,0.08259999999999999,107.45,105.99,104.23,102.24,1.038,10.25,9.887,9.525,9.202,173057.7,1.49,39.1,8.24,23.72,6.35
2022-05-13,308.3354302597404,318.34197998046875,306.1330460183206,318.34197998046875,525514,42770.0,62741.002,0.005,-0.010258,0.048,0.07400000000000001,0.05400000000000001,0.08259999999999999,111.55,109.75,107.71,103.37,1.0413,9.45,9.337,9.2,8.95,178286.4,1.44,40.3,8.24,24.44,6.55
2022-05-16,316.8577347188336,316.8577347188336,308.8142077113212,313.8892822265625,425172,42770.0,62741.002,0.008,0.00281,0.004,0.081,0.058,0.0858,114.24,112.11,109.68,101.61,1.0433,9.375,8.988,8.9375,8.7,175792.8,1.46,39.8,8.24,24.1,6.45
2022-05-17,311.6869213049047,317.5280645379182,311.112377356613,314.3202209472656,336839,42770.0,62741.002,0.008,0.00281,0.004,0.081,0.058,0.0858,111.93,109.85,107.53,98.76,1.0549,8.838,8.613,8.575,8.405,176034.1,1.46,39.8,8.24,24.13,6.46
2022-05-18,313.64990379371903,315.18201119454193,302.06340915206937,302.5900573730469,534259,42770.0,62741.002,0.008,0.00281,0.004,0.081,0.058,0.0858,109.11,106.93,104.53,101.24,1.0468,9.375,8.95,8.775,8.55,169464.6,1.52,38.3,8.24,23.23,6.22
2022-05-19,300.0046359113159,300.6749420571389,288.7532646719166,295.5519714355469,574136,42770.0,62741.002,0.008,0.00281,0.004,0.081,0.058,0.0858,112.04,109.82,107.31,101.04,1.0588,8.9125,8.775,8.612,8.4375,165522.9,1.56,37.4,8.24,22.69,6.08
2022-05-20,295.7434657081359,302.01549436915946,293.0144041388104,294.7380065917969,582217,42770.0,62741.002,0.008,0.00281,0.004,0.081,0.058,0.0858,112.55,109.99,107.32,102.01,1.0562,8.675,8.475,8.4,8.2,165067.2,1.56,37.3,8.24,22.63,6.06
2022-05-23,300.3397671177598,300.81854883776975,293.54106084911456,300.2919006347656,367169,42770.0,62741.002,0.008,0.00281,0.004,0.081,0.058,0.0858,113.42,110.78,108.1,102.28,1.0691,8.75,8.475,8.35,8.192,168177.6,1.53,38.0,8.24,23.05,6.18
2022-05-24,294.83377734348784,299.1428128236631,294.11560476345863,295.216796875,387002,42770.0,62741.002,0.008,0.00281,0.004,0.081,0.058,0.0858,113.56,110.69,108.11,103.01,1.0736,8.95,8.575,8.4,8.2,165335.3,1.56,37.4,8.24,22.66,6.07
2022-05-25,297.5628407481764,297.5628407481764,288.13083496362617,294.40289306640625,407082,42770.0,62741.002,0.008,0.00281,0.004,0.081,0.058,0.0858,114.03,111.12,108.68,105.44,1.0682,8.7,8.475,8.35,8.2,164879.4,1.56,37.3,8.24,22.6,6.05
2022-05-26,292.72717272378964,299.9088989513358,292.3441239469721,298.7119445800781,304404,42770.0,62741.002,0.008,0.00281,0.004,0.081,0.058,0.0858,117.4,114.17,111.55,106.2,1.0726,8.438,8.3,8.225,8.1,167292.6,1.54,37.8,8.24,22.93,6.14
2022-05-27,301.9197486502792,312.88386200717355,301.6803577841681,311.0166015625,514283,42770.0,62741.002,0.008,0.00281,0.004,0.081,0.058,0.0858,119.43,115.56,112.7,106.2,1.0729,7.9,7.9125,7.9,7.875,174183.9,1.48,39.4,8.24,23.88,6.4
2022-05-30,314.4638328784284,324.0873631377777,313.31477426557007,317.6238098144531,444835,42770.0,62741.002,0.008,0.00281,0.004,0.081,0.058,0.0858,119.43,115.56,112.7,103.85,1.0779,7.8775,7.6775,7.69,7.69,177884.2,1.45,40.2,8.24,24.39,6.53
2022-05-31,316.66623713956244,317.4322761924984,311.6390291455636,314.6074523925781,1559890,42770.0,62741.002,0.008,0.00281,0.004,0.081,0.058,0.0858,115.6,112.58,109.93,104.92,1.0735,8.0425,7.79,7.785,7.75,176195.0,1.46,39.9,8.24,24.15,6.47
2022-06-01,316.52262083614096,317.5759465892146,307.377900591659,308.28759765625,371794,42770.0,62741.002,0.008,0.00281,0.004,0.081,0.058,0.0858,116.29,113.56,111.03,104.92,1.0648,8.252,8.04,7.93,7.85,172655.4,1.49,39.1,8.24,23.67,6.34
2022-06-02,310.6336133858352,320.25714470869696,310.6336133858352,317.9111022949219,389465,42770.0,62741.002,0.008,0.00281,0.004,0.081,0.058,0.0858,116.29,113.56,111.03,108.21,1.0747,7.9525,7.89,7.8,7.77,178045.1,1.45,40.3,8.24,24.41,6.54
2022-06-03,319.5867983597755,319.92195140855137,313.50626466632957,313.98504638671875,241249,42770.0,62741.002,0.008,0.00281,0.004,0.081,0.058,0.0858,119.72,117.03,114.43,108.33,1.072,7.843,7.81,7.795,7.745,175846.3,1.46,39.8,8.24,24.11,6.46
2022-06-06,316.85776505671555,323.56070974184263,316.6183741751039,318.96441650390625,314945,42770.0,62741.002,0.008,0.00281,0.004,0.081,0.058,0.0858,119.51,116.97,114.45,110.0,1.0695,8.238,7.963,7.87,7.79,178635.1,1.44,40.4,8.24,24.49,6.56
2022-06-07,317.14502970728967,318.2940883260192,311.35175323956827,313.4584045410156,320351,42770.0,62741.002,0.008,0.00281,0.004,0.081,0.058,0.0858,120.57,118.14,115.8,112.29,1.0701,8.33,8.02,7.96,7.86,175551.4,1.47,39.7,8.24,24.07,6.45
2022-06-08,314.60747023826593,314.60747023826593,310.3941967630922,313.0274963378906,303567,42770.0,62741.002,0.008,0.00281,0.004,0.081,0.058,0.0858,123.58,120.89,118.36,111.96,1.0716,8.43,8.1275,7.983,7.8925,175310.1,1.47,39.7,8.24,24.03,6.44
2022-06-09,310.9208732815922,316.4268632851566,305.8936650174682,308.67059326171875,441748,42770.0,62741.002,0.008,0.00281,0.004,0.081,0.058,0.0858,123.07,120.3,117.82,110.44,1.0616,8.1,8.1425,8.0,7.88,172870.1,1.49,39.1,8.24,23.7,6.35
2022-06-10,304.50517814702886,306.8033245904275,300.0525139337221,301.3930969238281,396290,42770.0,62741.002,0.008,0.00281,0.004,0.081,0.058,0.0858,122.01,119.02,116.37,110.33,1.0517,8.748,8.67,8.4825,8.29,168794.3,1.53,38.2,8.24,23.14,6.2
2022-06-13,296.7489042235657,298.75979329215096,292.5356309318978,295.216796875,427692,42770.0,62741.002,0.008,0.00281,0.004,0.081,0.058,0.0858,122.27,119.07,116.35,108.9,1.041,10.35,9.725,9.35,9.0175,165335.3,1.56,37.4,8.24,22.66,6.07
2022-06-14,295.9828894435892,297.5149969178522,288.27448558535207,288.8490295410156,508690,42770.0,62741.002,0.008,0.00281,0.004,0.081,0.058,0.0858,121.17,117.78,114.94,107.19,1.0416,10.433,9.788,9.445,9.06,161768.9,1.59,36.6,8.24,22.18,5.94
2022-06-15,292.24839079374584,297.3713321215314,289.80658634438566,294.4507751464844,455375,42770.0,62741.002,0.008,0.00281,0.004,0.086,0.065,0.0906,118.51,115.47,112.85,108.63,1.04445,9.725,9.495,9.25,8.9775,164906.3,1.56,37.3,8.24,22.61,6.06
2022-06-16,293.1101556126817,293.44530863921307,287.6999283758708,291.5301818847656,341818,42770.0,62741.002,0.008,0.00281,0.004,0.086,0.065,0.0906,119.81,117.0,114.4,102.65,1.0549,9.9975,9.693,9.445,9.15,163270.6,1.58,36.9,8.24,22.38,6.0
2022-06-17,292.00901732580786,298.0895225124534,291.38657763802286,294.59442138671875,995996,42770.0,62741.002,0.008,0.00281,0.004,0.086,0.065,0.0906,113.12,110.39,107.92,102.65,1.05,9.718,9.592,9.4,9.06,164986.6,1.56,37.3,8.24,22.62,6.06
2022-06-20,295.6477160585178,297.56284296416,292.3920061634295,295.4083251953125,269784,42770.0,62741.002,0.008,0.00281,0.004,0.086,0.065,0.0906,113.12,110.39,107.92,103.54,1.0511,9.678,9.417,9.21,8.905,165442.5,1.56,37.4,8.24,22.68,6.07
2022-06-21,296.3180517884862,303.9785601769038,295.98289870198886,302.2070617675781,409242,42770.0,62741.002,0.008,0.00281,0.004,0.086,0.065,0.0906,114.65,111.77,109.19,100.85,1.0527,9.133,9.002,8.85,8.56,169250.2,1.52,38.3,8.24,23.2,6.21
2022-06-22,298.32888970325666,304.5530523065297,297.17983106385566,303.499755859375,417915,42770.0,62741.002,0.008,0.00281,0.004,0.086,0.065,0.0906,111.74,108.65,106.15,97.85,1.05665,9.073,9.04,8.81,8.55,169974.1,1.51,38.4,8.24,23.3,6.24
2022-06-23,302.5900760254345,312.02208265744014,301.77614117896337,309.628173828125,445862,42770.0,62741.002,0.008,0.00281,0.004,0.086,0.065,0.0906,110.05,106.46,103.69,99.74,1.0525,8.938,8.99,8.757,8.5,173406.3,1.48,39.2,8.24,23.77,6.37
2022-06-24,310.7772188777461,324.66188947770894,310.15480845397565,322.5552673339844,492544,42770.0,62741.002,0.008,0.00281,0.004,0.086,0.065,0.0906,113.12,109.1,106.09,101.28,1.0556,8.53,8.68,8.55,8.37,180646.1,1.42,40.9,8.24,24.76,6.63
2022-06-27,326.24191398094183,329.35399552613933,319.5868356029728,320.3528747558594,400531,42770.0,62741.002,0.008,0.00281,0.004,0.086,0.065,0.0906,115.09,110.98,107.88,104.15,1.0584,8.3775,8.46,8.34,8.21,179412.7,1.43,40.6,8.24,24.59,6.59
2022-06-28,323.08193756127406,324.47041640481217,316.85777445476083,316.9056701660156,381931,42770.0,62741.002,0.008,0.00281,0.004,0.086,0.065,0.0906,117.98,113.8,110.78,102.36,1.05195,8.65,8.625,8.5,8.315,177482.0,1.45,40.1,8.24,24.33,6.52
2022-06-29,311.8305318849112,316.714111328125,310.92086414023055,316.714111328125,256259,42770.0,62741.002,0.008,0.00281,0.004,0.086,0.065,0.0906,116.26,112.45,109.26,98.6,1.0441,9.43,9.0,8.79,8.5825,177374.8,1.45,40.1,8.24,24.32,6.51
2022-06-30,311.1602751735055,315.3256530761719,307.5694120005039,315.3256530761719,633715,41261.0,63720.764,0.008,0.00281,0.004,0.086,0.065,0.0906,114.81,109.03,105.59,98.25,1.04835,9.387,9.125,8.98,8.84,176597.2,1.46,39.9,8.24,24.21,6.48
2022-07-01,313.889309761802,318.0547169129289,311.35177228158153,315.4214172363281,295244,41261.0,63720.764,0.008,0.00281,0.004,0.086,0.065,0.0906,111.63,107.8,104.65,98.25,1.0429,9.762,9.538,9.36,9.14,176650.8,1.46,40.0,8.24,24.22,6.49
2022-07-04,316.90563722297264,319.7783275888947,316.09170244145787,317.6238098144531,206521,41261.0,63720.764,0.008,0.00281,0.004,0.086,0.065,0.0906,111.63,107.8,104.65,89.58,1.0423,9.76,9.4,9.2,9.03,177884.2,1.45,40.2,8.24,24.39,6.53
2022-07-05,318.77287945636397,320.8795308199341,312.069935037301,317.3844299316406,403458,41261.0,63720.764,0.008,0.00281,0.004,0.086,0.065,0.0906,102.77,98.99,95.79,88.52,1.0268,10.792,10.307,10.035,9.795,177750.1,1.45,40.2,8.24,24.37,6.53
2022-07-06,320.6880095098529,333.51935453351393,320.304989955307,332.9927062988281,535363,41261.0,63720.764,0.008,0.00281,0.004,0.086,0.065,0.0906,100.69,97.09,94.12,91.91,1.0183,11.28,10.81,10.405,10.065,186491.6,1.38,42.2,8.24,25.57,6.85
2022-07-07,334.1896401738765,337.34958783321866,328.68365040023815,329.3060607910156,495133,41261.0,63720.764,0.008,0.00281,0.004,0.086,0.065,0.0906,104.65,100.98,97.99,94.39,1.0161,10.698,10.432,10.1,9.88,184426.8,1.4,41.7,8.24,25.28,6.77
2022-07-08,329.8327692903273,330.35941754232886,314.6553815094584,316.4268798828125,565041,41261.0,63720.764,0.008,0.00281,0.004,0.086,0.065,0.0906,107.02,103.46,100.51,94.39,1.0185,10.767,10.328,10.12,9.85,177213.9,1.45,40.1,8.24,24.29,6.51
2022-07-11,311.20811543442954,316.04379907755776,309.3408550528162,315.51715087890625,396447,41261.0,63720.764,0.008,0.00281,0.004,0.086,0.065,0.0906,107.1,103.65,100.8,88.87,1.0041,12.025,11.105,10.652,10.258,176704.4,1.46,40.0,8.24,24.22,6.49
2022-07-12,315.5171733761357,324.61402662977235,312.64448287498726,324.47039794921875,420484,41261.0,63720.764,0.008,0.00281,0.004,0.086,0.065,0.0906,99.49,96.12,93.61,89.46,1.0038,11.783,10.898,10.505,10.12,181718.7,1.42,41.1,8.24,24.91,6.67
2022-07-13,325.81094694137573,327.8218359264429,316.9534854888916,321.7413024902344,397498,41261.0,63720.764,0.008,0.00281,0.004,0.086,0.065,0.0906,99.57,96.29,93.97,88.15,1.0062,11.908,11.088,10.535,10.055,180190.3,1.43,40.8,8.24,24.7,6.62
2022-07-14,320.92740771499984,323.1298213433552,318.05471715650805,320.5922546386719,306977,41261.0,63720.764,0.008,0.00281,0.004,0.086,0.065,0.0906,99.1,95.31,92.82,89.54,1.0018,12.675,11.825,11.175,10.63,179546.8,1.43,40.6,8.24,24.61,6.59
2022-07-15,323.5128450443876,326.43340212720034,316.95352900743364,325.9546203613281,391740,41261.0,63720.764,0.008,0.00281,0.004,0.08900000000000001,0.068,0.0852,101.16,97.15,94.54,93.46,1.0089,12.0,11.25,10.765,10.35,182549.8,1.41,41.3,8.24,25.02,6.7
2022-07-18,325.6194378709318,332.0351246431664,324.2788548920742,327.67822265625,271875,41261.0,63720.764,0.008,0.00281,0.004,0.08900000000000001,0.068,0.0852,106.27,101.86,98.95,94.07,1.0142,12.6,11.4,10.8,10.28,183515.1,1.4,41.5,8.24,25.16,6.74
2022-07-19,323.7522306127874,333.7587518217441,321.2146931398232,332.466064453125,342832,41261.0,63720.764,0.008,0.00281,0.004,0.08900000000000001,0.068,0.0852,107.35,102.88,99.84,94.19,1.0226,12.328,11.123,10.56,10.11,186196.6,1.38,42.1,8.24,25.52,6.84
2022-07-20,333.95025331097094,334.81205457178606,327.4388335375704,329.4975891113281,305120,41261.0,63720.764,0.008,0.00281,0.004,0.08900000000000001,0.068,0.0852,106.92,102.37,99.51,92.24,1.0179,12.102,11.09,10.515,10.0,184534.1,1.39,41.7,8.24,25.3,6.78
2022-07-21,324.90128545757244,332.99270876134165,324.90128545757244,332.2745361328125,395715,41261.0,63720.764,0.008,0.00281,0.004,0.08900000000000001,0.068,0.0852,103.86,99.48,96.97,91.26,1.023,11.292,11.042,10.43,10.005,186089.3,1.38,42.1,8.24,25.51,6.83
2022-07-22,331.125439237114,339.5998818678992,329.83275191891613,338.5944519042969,497843,41261.0,63720.764,0.008,0.00281,0.004,0.08900000000000001,0.068,0.0852,103.2,98.38,95.93,93.18,1.0212,11.167,10.913,10.43,9.965,189628.8,1.36,42.9,8.24,26.0,6.96
2022-07-25,335.6738831648873,339.2168799086931,335.38662579539806,338.73809814453125,368344,41261.0,63720.764,0.008,0.00281,0.004,0.08900000000000001,0.068,0.0852,105.15,100.19,97.8,92.7,1.0222,11.028,10.77,10.26,9.86,189709.3,1.36,42.9,8.24,26.01,6.97
2022-07-26,336.53567404208667,340.9883380793357,335.5781106266561,339.88714599609375,342194,41261.0,63720.764,0.008,0.00281,0.004,0.08900000000000001,0.068,0.0852,104.4,99.46,97.14,95.12,1.0116,11.03,10.86,10.41,10.02,190352.8,1.35,43.1,8.24,26.09,6.99
2022-07-27,339.88715916916004,342.0416769373819,337.01446881153095,340.6531982421875,324808,41261.0,63720.764,0.008,0.00281,0.004,0.08900000000000001,0.068,0.0852,106.62,101.67,99.44,94.95,1.0204,10.26,10.55,10.14,9.8,190781.8,1.35,43.2,8.24,26.15,7.01
2022-07-28,340.6531960429535,341.1798442494451,334.6205580198856,339.64776611328125,375944,41261.0,63720.764,0.008,0.00281,0.004,0.08900000000000001,0.068,0.0852,107.14,101.83,99.49,95.72,1.0198,10.28,10.502,10.06,9.845,190377.6,1.35,35.3,10.04,26.08,6.98
2022-07-29,345.68041936341547,357.17118122591125,345.5846571700576,352.4791259765625,744899,41261.0,63720.764,0.008,0.00281,0.004,0.08900000000000001,0.068,0.0852,103.97,101.44,99.62,93.17,1.022,10.06,10.26,9.9,9.7,197569.9,1.3,36.7,10.04,27.06,7.25
2022-08-01,351.952452627121,356.35725057026224,348.6009803781577,353.580322265625,314868,41261.0,63720.764,0.008,0.00281,0.004,0.08900000000000001,0.068,0.0852,100.03,97.95,96.47,94.27,1.0263,9.898,9.95,9.61,9.42,198187.1,1.3,36.8,10.04,27.15,7.27
2022-08-02,354.2984773590265,354.7772590851873,348.361572265625,348.361572265625,335689,41261.0,63720.764,0.008,0.00281,0.004,0.08900000000000001,0.068,0.0852,100.54,98.64,97.28,91.51,1.0166,10.087,10.127,9.8,9.53,195261.9,1.32,36.2,10.04,26.74,7.16
2022-08-03,346.49436131265185,348.74464140159444,343.5737750789114,346.0634460449219,367074,41261.0,63720.764,0.008,0.00281,0.004,0.08900000000000001,0.068,0.0852,96.78,95.2,94.06,88.75,1.0165,10.212,10.52,10.07,9.78,193973.7,1.33,36.0,10.04,26.57,7.12
2022-08-04,347.0689138317526,352.3833797448752,346.44647415799164,350.80340576171875,234931,41261.0,63720.764,0.008,0.00281,0.004,0.08900000000000001,0.068,0.0852,94.12,92.5,91.31,88.75,1.0245,9.395,10.01,9.71,9.55,196630.6,1.31,36.5,10.04,26.93,7.21
2022-08-05,351.2821689567224,353.19729591930775,341.65863843622,342.95135498046875,282226,41261.0,63720.764,0.008,0.00281,0.004,0.08900000000000001,0.068,0.0852,94.92,93.18,91.92,91.27,1.0183,9.47,9.78,9.51,9.35,192229.3,1.34,35.7,10.04,26.33,7.05
2022-08-08,346.20703758834406,348.36155525083626,340.2701620074309,345.6803894042969,230335,41261.0,63720.764,0.008,0.00281,0.004,0.08900000000000001,0.068,0.0852,96.65,95.12,93.9,91.01,1.0197,9.465,9.64,9.392,9.2,193759.1,1.33,35.9,10.04,26.54,7.11
2022-08-09,346.590117903433,347.4997856880699,342.4247108653038,344.05255126953125,256313,41261.0,63720.764,0.008,0.00281,0.004,0.08900000000000001,0.068,0.0852,96.31,94.85,93.64,92.58,1.0213,9.025,9.475,9.2,9.05,192846.6,1.34,35.8,10.04,26.41,7.08
2022-08-10,342.52044185498147,347.4518875490714,339.1689699355492,345.6803894042969,242490,41261.0,63720.764,0.008,0.00281,0.004,0.08900000000000001,0.068,0.0852,97.4,96.23,95.18,94.27,1.0299,8.608,8.932,8.69,8.6,193759.1,1.33,35.9,10.04,26.54,7.11
2022-08-11,346.8295259402856,347.93071816698244,341.3714020722817,345.0101318359375,233489,41261.0,63720.764,0.008,0.00281,0.004,0.08900000000000001,0.068,0.0852,99.6,98.3,97.15,92.98,1.03185,8.375,8.82,8.55,8.47,193383.4,1.33,35.9,10.04,26.49,7.09
2022-08-12,343.8131572792586,346.5901147611808,342.13742118207307,344.67498779296875,231769,41261.0,63720.764,0.008,0.00281,0.004,0.08900000000000001,0.068,0.0852,98.15,96.9,95.78,90.98,1.026,8.62,8.908,8.7,8.56,193195.4,1.33,35.8,10.04,26.46,7.09
2022-08-15,346.49433254421825,348.2658307319425,344.5792056866822,347.8827819824219,152900,41261.0,63720.764,0.005,0.027201,0.039,0.091,0.066,0.08259999999999999,95.1,94.28,93.4,89.01,1.0162,9.72,9.76,9.4,9.15,194993.5,1.32,36.2,10.04,26.71,7.15
2022-08-16,349.70221299279626,350.18099475799863,344.57924226062727,347.3561706542969,223871,41261.0,63720.764,0.005,0.027201,0.039,0.091,0.066,0.08259999999999999,92.34,91.74,91.06,90.06,1.0172,9.8,9.82,9.47,9.23,194698.3,1.32,36.1,10.04,26.67,7.14
2022-08-17,347.7391743177142,349.7979299694208,344.8186173725628,349.0318908691406,233239,41261.0,63720.764,0.005,0.027201,0.039,0.091,0.066,0.08259999999999999,93.65,93.02,92.3,90.06,1.01815,9.823,10.028,9.61,9.36,195637.6,1.32,36.3,10.04,26.8,7.18
2022-08-18,348.02644843532636,350.56398573947536,343.5258885204074,348.361572265625,277911,41261.0,63720.764,0.005,0.027201,0.039,0.091,0.066,0.08259999999999999,96.59,95.76,94.68,92.43,1.009,9.98,10.36,9.86,9.63,195261.9,1.32,36.2,10.04,26.74,7.16
2022-08-19,343.6216683451116,350.99488977287837,343.3343817611608,346.7816162109375,351442,41261.0,63720.764,0.005,0.027201,0.039,0.091,0.066,0.08259999999999999,96.72,96.09,95.14,92.43,1.0036,10.533,10.79,10.385,10.05,194376.3,1.33,36.1,10.04,26.62,7.13
2022-08-22,344.24405938101853,348.7446192733378,342.3767989693607,346.5422058105469,329078,41261.0,63720.764,0.005,0.027201,0.039,0.091,0.066,0.08259999999999999,96.48,95.81,94.88,94.8,0.99425,11.658,11.188,10.65,10.235,194242.1,1.33,36.0,10.04,26.61,7.13
2022-08-23,343.81316399286976,345.34527144186046,337.34961034894087,339.0732421875,377617,41261.0,63720.764,0.005,0.027201,0.039,0.091,0.066,0.08259999999999999,100.22,99.17,98.0,94.8,0.9969,11.29,10.87,10.415,10.02,190055.7,1.36,35.3,10.04,26.03,6.97
2022-08-24,337.25385190720675,347.3082679273405,337.1580897196545,345.3452453613281,228951,41261.0,63720.764,0.005,0.027201,0.039,0.091,0.066,0.08259999999999999,101.22,100.34,99.11,93.67,0.9967,11.392,10.967,10.485,10.11,193571.1,1.33,35.9,10.04,26.51,7.1
2022-08-25,347.3561459204562,347.5476703019074,341.1798499001274,344.29193115234375,220788,41261.0,63720.764,0.005,0.027201,0.039,0.091,0.066,0.08259999999999999,99.34,98.46,97.25,93.67,0.99745,11.273,10.63,10.2,9.88,192980.8,1.34,35.8,10.04,26.43,7.08
2022-08-26,348.17008718087857,348.55310672838414,336.7750876131081,337.780517578125,344781,41261.0,63720.764,0.005,0.027201,0.039,0.091,0.066,0.08259999999999999,100.99,99.01,97.35,96.07,0.9963,11.22,10.347,9.985,9.735,189331.0,1.36,35.1,10.04,25.93,6.95
2022-08-29,334.2375119580463,334.4769028215666,329.1145708567258,332.1308898925781,193032,41261.0,63720.764,0.005,0.027201,0.039,0.091,0.066,0.08259999999999999,105.09,102.93,100.94,92.49,0.9997,11.5,10.56,10.185,9.843,186164.4,1.38,34.5,10.04,25.5,6.83
2022-08-30,332.6097061763226,336.4399603905943,325.7631326128161,328.061279296875,323499,41261.0,63720.764,0.005,0.027201,0.039,0.091,0.066,0.08259999999999999,99.31,97.84,96.46,89.93,1.0014,11.34,10.47,10.09,9.79,183883.3,1.4,34.1,10.04,25.19,6.75
2022-08-31,329.21030299456686,334.04601595900243,324.6140101155658,328.68365478515625,611271,41261.0,63720.764,0.005,0.027201,0.039,0.091,0.066,0.08259999999999999,95.64,94.21,92.93,87.54,1.0059,11.005,10.243,9.99,9.79,184232.1,1.4,34.2,10.04,25.23,6.76
2022-09-01,326.28973646601406,327.39092855822656,323.12978885835787,323.84796142578125,258663,41261.0,63720.764,0.005,0.027201,0.039,0.091,0.066,0.08259999999999999,92.36,91.32,90.3,87.68,0.99455,11.22,10.7,10.28,9.96,181521.6,1.42,33.7,10.04,24.86,6.66
2022-09-02,328.34851242435656,330.40726806797784,323.1776754614766,330.1678771972656,354608,41261.0,63720.764,0.005,0.027201,0.039,0.091,0.066,0.08259999999999999,93.02,91.81,90.66,87.68,0.9953,11.163,10.632,10.295,10.025,185064.1,1.39,34.3,10.04,25.35,6.79
2022-09-05,322.50736166706105,327.58246553901336,321.7891890719985,327.15155029296875,252870,41261.0,63720.764,0.005,0.027201,0.039,0.091,0.066,0.08259999999999999,93.02,91.81,90.66,87.99,0.9928,11.512,10.75,10.46,10.16,183373.3,1.4,34.0,10.04,25.12,6.73
2022-09-06,326.9600891280857,331.41275383590755,325.14069498675315,329.06671142578125,225575,41261.0,63720.764,0.005,0.027201,0.039,0.091,0.066,0.08259999999999999,92.83,91.97,90.92,83.84,0.9904,11.395,10.67,10.3925,10.19,184446.8,1.4,34.2,10.04,25.26,6.77
2022-09-07,326.57702781769245,329.3539854123023,322.65104075155784,327.4867248535156,227816,41261.0,63720.764,0.005,0.027201,0.039,0.091,0.066,0.08259999999999999,88.0,87.21,86.31,84.5,1.0001,11.125,10.535,10.25,10.18,183561.2,1.4,34.1,10.04,25.14,6.73
2022-09-08,327.199460925349,329.88062704688207,320.5922493713585,327.10369873046875,502639,41261.0,63720.764,0.005,0.027201,0.039,0.091,0.066,0.08259999999999999,89.15,88.25,87.22,87.48,0.9996,10.233,10.17,9.98,9.8975,183346.6,1.41,34.0,10.04,25.11,6.73
2022-09-09,327.6303482760764,332.84908108142827,326.52915608685623,330.64666748046875,285388,41261.0,63720.764,0.005,0.027201,0.039,0.091,0.066,0.08259999999999999,92.84,91.71,90.42,88.76,1.0041,10.192,9.99,9.785,9.61,185332.4,1.39,34.4,10.04,25.38,6.8
2022-09-12,334.2375299468333,338.25930835943507,328.587911108193,337.44537353515625,395999,41261.0,63720.764,0.005,0.027201,0.039,0.091,0.066,0.08259999999999999,94.0,92.93,91.68,88.76,1.01205,10.538,9.86,9.585,9.37,189143.1,1.36,35.1,10.04,25.91,6.94
2022-09-13,340.8447314514084,346.35072144616555,333.4236145019531,333.4236145019531,400360,41261.0,63720.764,0.005,0.027201,0.039,0.091,0.066,0.08259999999999999,93.17,92.22,90.88,87.82,0.9972,11.163,10.292,9.89,9.51,186888.9,1.38,34.7,10.04,25.6,6.86
2022-09-14,329.06668503649314,331.60422242153885,326.5291476514475,330.1678771972656,358657,41261.0,63720.764,0.005,0.027201,0.039,0.091,0.066,0.08259999999999999,94.1,93.12,91.69,84.7,0.9979,10.623,10.198,9.8,9.545,185064.1,1.39,34.3,10.04,25.35,6.79
2022-09-15,330.3594129299439,333.18423699038163,327.5345888695062,328.20489501953125,462256,41261.0,63720.764,0.005,0.027201,0.039,0.099,0.062,0.08199999999999999,90.84,89.61,88.12,84.92,1.0001,10.722,10.587,10.04,9.75,183963.8,1.4,34.1,10.04,25.2,6.75
2022-09-16,325.7631477854409,327.48675057313284,322.5553038870769,324.66192626953125,814401,41261.0,63720.764,0.005,0.027201,0.039,0.099,0.062,0.08199999999999999,91.35,90.05,88.51,85.41,1.0017,10.637,10.658,10.14,9.84,181977.9,1.42,33.8,10.04,24.93,6.68
2022-09-19,323.2255086171648,323.5127951659069,314.0329235077256,318.9164733886719,484605,41261.0,63720.764,0.005,0.027201,0.039,0.099,0.062,0.08199999999999999,92.0,90.66,89.09,84.14,1.0024,10.813,10.563,10.11,9.81,178757.5,1.44,33.2,10.04,24.48,6.56
2022-09-20,319.39530270920517,324.4225112254415,315.7087065086477,319.87408447265625,403152,41261.0,63720.764,0.005,0.027201,0.039,0.099,0.062,0.08199999999999999,90.62,89.4,87.85,83.63,0.9972,10.932,10.67,10.14,9.84,179294.2,1.44,33.3,10.04,24.56,6.58
2022-09-21,316.331096472033,324.9970341403109,315.8044190328309,322.98614501953125,280346,41261.0,63720.764,0.005,0.027201,0.039,0.099,0.062,0.08199999999999999,89.83,88.8,87.31,84.48,0.9838,10.425,10.66,10.24,9.94,181038.6,1.42,33.6,10.04,24.8,6.64
2022-09-22,316.5704853238041,322.84251428993747,314.2244431607369,314.2723388671875,410473,41261.0,63720.764,0.005,0.027201,0.039,0.099,0.062,0.08199999999999999,90.46,89.53,88.1,80.37,0.9838,10.175,10.675,10.227,9.92,176154.3,1.46,32.7,10.04,24.13,6.46
2022-09-23,314.2723579475694,315.42141663438156,309.62816904592347,311.97418212890625,420951,41261.0,63720.764,0.005,0.027201,0.039,0.099,0.062,0.08199999999999999,86.15,85.03,83.61,78.2,0.9692,12.007,11.948,11.23,10.7,174866.3,1.47,32.4,10.04,23.95,6.42
2022-09-26,310.7772480968969,318.8208055442457,310.63361940444884,314.8468933105469,374064,41261.0,63720.764,0.005,0.027201,0.039,0.099,0.062,0.08199999999999999,84.06,82.86,81.34,79.46,0.96075,13.108,12.657,11.72,10.945,176476.4,1.46,32.7,10.04,24.17,6.47
2022-09-27,316.2353356596331,319.58680780137036,311.9263000488281,311.9263000488281,407291,41261.0,63720.764,0.005,0.027201,0.039,0.099,0.062,0.08199999999999999,86.27,84.87,83.11,79.46,0.9594,13.2075,12.422,11.695,11.06,174839.4,1.47,32.4,10.04,23.95,6.41
2022-09-28,307.2342345165734,311.399641310815,306.1330424088472,311.35174560546875,559721,41261.0,63720.764,0.005,0.027201,0.039,0.099,0.062,0.08199999999999999,86.27,84.87,83.11,81.47,0.97355,13.5225,12.598,11.875,11.175,174517.3,1.48,32.4,10.04,23.9,6.4
2022-09-29,308.19182853053593,312.9796461891662,306.42033015233875,309.628173828125,524934,41261.0,63720.764,0.005,0.027201,0.039,0.099,0.062,0.08199999999999999,88.49,87.18,85.48,78.73,0.9816,13.177,12.71,11.95,11.23,173551.3,1.48,32.2,10.04,23.77,6.37
2022-09-30,311.2081130646468,316.2353210449219,308.09603193400034,316.2353210449219,496053,41261.0,63720.764,0.005,0.027201,0.039,0.099,0.062,0.08199999999999999,85.14,83.52,81.99,81.56,0.9801,13.303,12.6675,12.07,11.33,177254.6,1.45,32.9,10.04,24.28,6.5
2022-10-03,313.07538940357233,314.4159724221988,307.7608945912242,312.83599853515625,337923,41261.0,63720.764,0.005,0.027201,0.039,0.099,0.062,0.08199999999999999,88.86,86.94,85.22,84.19,0.98255,13.173,12.167,11.6,11.0,175349.3,1.47,32.5,10.04,24.02,6.43
2022-10-04,317.52803698795236,326.62488950864827,314.1286693019718,323.84796142578125,381048,41261.0,63720.764,0.005,0.027201,0.039,0.099,0.062,0.08199999999999999,91.8,89.82,87.99,86.15,0.9985,12.905,11.74,11.145,10.56,181521.6,1.42,33.7,10.04,24.86,6.66
2022-10-05,322.0764794884015,324.32675949096415,319.68257080961524,321.3583068847656,255590,41261.0,63720.764,0.005,0.027201,0.039,0.099,0.062,0.08199999999999999,93.37,91.61,89.86,87.27,0.9883,13.282,12.148,11.6,11.01,180126.2,1.43,33.4,10.04,24.67,6.61
2022-10-06,323.75220739217605,323.80007387553644,317.48014927854956,320.0655822753906,226369,41261.0,63720.764,0.005,0.027201,0.039,0.099,0.062,0.08199999999999999,94.42,92.67,90.95,89.8,0.979,13.462,12.252,11.68,11.05,179401.6,1.44,33.3,10.04,24.57,6.58
2022-10-07,317.6238247467741,321.11892567845615,314.0808281065644,314.2244567871094,366540,41261.0,63720.764,0.005,0.027201,0.039,0.099,0.062,0.08199999999999999,97.92,95.89,93.92,88.48,0.9743,13.4,12.273,11.74,11.1,176127.4,1.46,32.7,10.04,24.12,6.46
2022-10-10,310.5857304403468,313.8414405311778,308.8142321016166,310.96875,331550,41261.0,63720.764,0.005,0.027201,0.039,0.099,0.062,0.08199999999999999,96.19,94.36,92.49,86.65,0.9702,13.9575,12.608,11.935,11.25,174302.6,1.48,32.3,10.04,23.87,6.39
2022-10-11,310.44210287459936,314.60748078176994,307.4736501372043,313.60205078125,381211,41261.0,63720.764,0.005,0.027201,0.039,0.099,0.062,0.08199999999999999,94.29,92.49,90.7,85.25,0.9705,13.77,12.575,11.95,11.26,175778.6,1.47,32.6,10.04,24.08,6.45
2022-10-12,314.17658325081607,317.1929023646479,311.35175929924054,314.6553649902344,317440,41261.0,63720.764,0.005,0.027201,0.039,0.099,0.062,0.08199999999999999,92.45,90.82,89.16,87.14,0.9706,13.333,12.477,11.87,11.27,176369.1,1.46,32.7,10.04,24.16,6.47
2022-10-13,313.88929294557784,313.9850551368278,298.1373914393115,306.7554626464844,632206,41261.0,63720.764,0.005,0.027201,0.039,0.099,0.062,0.08199999999999999,94.57,92.92,91.21,84.73,0.9775,12.61,12.083,11.66,11.15,171941.1,1.5,31.9,10.04,23.55,6.31
2022-10-14,312.2135679082876,318.58138856991576,309.72392618293526,312.5008544921875,374953,41261.0,63720.764,0.005,0.027201,0.039,0.099,0.062,0.08199999999999999,91.63,90.15,88.51,84.73,0.9721,12.44,11.79,11.515,11.1,175161.4,1.47,32.5,10.04,23.99,6.43
2022-10-17,314.0808190936549,315.9480795547128,308.766353508364,314.5596008300781,283902,41261.0,63720.764,0.005,0.027201,0.039,0.106,0.071,0.0775,91.62,90.18,88.58,83.91,0.984,12.29,11.45,11.145,10.81,176315.4,1.46,32.7,10.04,24.15,6.47
2022-10-18,317.3844375005105,319.44319320524403,312.97963950414993,316.13958740234375,301546,41261.0,63720.764,0.005,0.027201,0.039,0.106,0.071,0.0775,90.03,88.6,87.13,85.24,0.9854,12.025,11.2,10.875,10.575,177200.9,1.45,32.9,10.04,24.27,6.5
2022-10-19,316.6183411861857,318.4856015572122,312.1178106143147,313.6977844238281,307125,41261.0,63720.764,0.005,0.027201,0.039,0.106,0.071,0.0775,92.41,90.56,88.85,85.24,0.9773,12.2525,11.508,11.185,10.865,175832.4,1.47,32.6,10.04,24.08,6.45
2022-10-20,313.79354378891804,315.7086706250481,311.35173953934236,315.2298889160156,326360,41261.0,63720.764,0.005,0.027201,0.039,0.106,0.071,0.0775,92.38,90.45,88.61,85.43,0.9785,11.907,11.392,11.14,10.82,176691.1,1.46,32.8,10.04,24.2,6.48
2022-10-21,303.0209633985079,303.5476116034502,295.4561888164965,296.9404296875,790088,41261.0,63720.764,0.005,0.027201,0.039,0.106,0.071,0.0775,93.5,91.34,89.45,85.6,0.9862,12.0025,11.43,11.19,10.82,166439.6,1.55,30.9,10.04,22.8,6.11
2022-10-24,299.717368904027,305.5106162625257,298.90343410243577,302.6858215332031,479322,41261.0,63720.764,0.005,0.027201,0.039,0.106,0.071,0.0775,93.26,91.21,89.43,86.44,0.9875,11.97,11.26,11.01,10.74,169660.0,1.52,31.5,10.04,23.24,6.22
2022-10-25,302.8294379262582,308.0002746582031,291.1471522682384,308.0002746582031,521010,41261.0,63720.764,0.005,0.027201,0.039,0.106,0.071,0.0775,93.52,91.74,90.1,88.19,0.9966,11.1225,10.672,10.5,10.35,172638.7,1.49,32.0,10.04,23.65,6.33
2022-10-26,307.76092837131324,309.1972737394642,304.3615893556978,306.22882080078125,616928,41261.0,63720.764,0.005,0.027201,0.039,0.106,0.071,0.0775,95.69,93.79,92.09,89.14,1.0079,11.013,10.493,10.255,10.08,171645.8,1.5,31.8,10.04,23.51,6.3
2022-10-27,306.2287980065646,306.56395107869025,300.0525309167602,302.3506774902344,434040,41261.0,63720.764,0.005,0.027201,0.039,0.106,0.071,0.0775,96.96,95.04,93.25,87.71,0.9964,10.998,10.625,10.38,10.15,169472.1,1.52,31.4,10.04,23.21,6.22
2022-10-28,299.8131145451547,301.44095483595356,295.55194561016305,300.914306640625,343558,41261.0,63720.764,0.005,0.027201,0.039,0.106,0.071,0.0775,95.77,93.77,91.86,86.05,0.9965,11.17,10.77,10.55,10.22,168667.0,1.53,31.3,10.04,23.1,6.19
2022-10-31,301.72826167716494,305.89366870501385,300.5313073141347,304.6009521484375,389057,41261.0,63720.764,0.005,0.027201,0.039,0.106,0.071,0.0775,92.81,91.02,89.47,86.05,0.9885,11.43,10.94,10.68,10.315,170733.4,1.51,31.7,10.04,23.39,6.26
2022-11-01,307.6651271539586,308.9578436658696,302.7815768995447,304.0263977050781,233348,41261.0,63720.764,0.005,0.027201,0.039,0.106,0.071,0.0775,94.65,92.79,91.17,89.24,0.98745,11.385,10.96,10.66,10.4,170411.4,1.51,31.6,10.04,23.34,6.25
2022-11-02,304.7445754375276,309.38876412844763,292.10472589847996,294.8816833496094,791956,41261.0,63720.764,0.005,0.027201,0.039,0.106,0.071,0.0775,96.16,94.42,92.85,88.07,0.9819,10.95,10.948,10.575,10.31,165285.6,1.56,30.7,10.04,22.64,6.06
2022-11-03,291.0035211257358,293.97197360929067,287.93933567699924,288.2265930175781,546024,41261.0,63720.764,0.005,0.027201,0.039,0.106,0.071,0.0775,94.67,93.07,91.56,91.53,0.9753,11.025,11.255,10.89,10.5625,161555.3,1.59,30.0,10.04,22.13,5.93
2022-11-04,295.8871135393507,308.0960478358773,292.0568596424012,307.7608947753906,679246,41261.0,63720.764,0.005,0.027201,0.039,0.106,0.071,0.0775,98.57,96.9,95.33,91.22,0.9962,10.9,10.91,10.68,10.36,172504.5,1.49,32.0,10.04,23.63,6.33
2022-11-07,307.33000976371835,310.2505666808113,303.11670708510013,309.4845275878906,412544,41261.0,63720.764,0.005,0.027201,0.039,0.106,0.071,0.0775,97.92,96.36,94.88,89.28,1.0021,10.902,10.81,10.54,10.19,173470.7,1.49,32.2,10.04,23.76,6.36
2022-11-08,308.14391433485446,313.74566650390625,305.7979013563751,313.74566650390625,355933,41261.0,63720.764,0.005,0.027201,0.039,0.106,0.071,0.0775,95.36,93.98,92.64,86.72,1.0074,10.81,10.523,10.12,9.8,175859.1,1.46,32.6,10.04,24.09,6.45
2022-11-09,311.97415535703493,314.7989791785949,308.04816865251695,313.8892822265625,290632,41261.0,63720.764,0.005,0.027201,0.039,0.106,0.071,0.0775,92.65,91.21,89.91,87.31,1.00125,10.83,10.757,10.27,9.8,175939.7,1.46,32.6,10.04,24.1,6.45
2022-11-10,312.30932412448925,326.146128142339,308.86208974131205,324.18310546875,527759,41261.0,63720.764,0.005,0.027201,0.039,0.106,0.071,0.0775,93.67,92.09,90.71,89.45,1.0209,10.43,10.4,9.9,9.345,181709.5,1.42,33.7,10.04,24.89,6.67
2022-11-11,335.91326178598916,336.1047861736711,326.2897603666052,332.0830078125,540823,41261.0,63720.764,0.005,0.027201,0.039,0.106,0.071,0.0775,95.99,94.41,92.98,89.45,1.0354,11.075,10.22,9.72,9.14,186137.5,1.38,34.5,10.04,25.5,6.83
2022-11-14,334.85996067489015,337.82838408514044,330.790315884527,331.7957458496094,448843,41261.0,63720.764,0.005,0.027201,0.039,0.106,0.071,0.0775,93.14,91.82,90.6,88.9,1.0327,11.323,10.55,9.96,9.36,185976.5,1.39,34.5,10.04,25.47,6.82
2022-11-15,333.2321034771608,335.0036018257818,326.9121784287798,328.20489501953125,340391,41261.0,63720.764,-0.002,0.033527,0.029,0.101,0.071,0.0711,93.86,92.75,91.73,87.64,1.0349,12.1,10.52,9.855,9.4,183963.8,1.4,34.1,10.04,25.2,6.75
2022-11-16,329.73701913746885,331.12546877188083,327.67826331918843,330.8860778808594,431817,41261.0,63720.764,-0.002,0.033527,0.029,0.101,0.071,0.0711,92.86,91.65,90.57,87.64,1.0394,12.04,10.39,9.782,9.25,185466.6,1.39,34.4,10.04,25.4,6.8
2022-11-17,331.9393596003153,332.84905655449614,327.582457650857,331.8435974121094,299403,41261.0,63720.764,-0.002,0.033527,0.029,0.101,0.071,0.0711,89.78,88.82,87.99,84.57,1.0362,11.75,10.565,9.97,9.47,186003.3,1.39,34.5,10.04,25.48,6.82
2022-11-18,332.4181533546787,335.4823681531123,329.7369873229378,333.3278503417969,448252,41261.0,63720.764,-0.002,0.033527,0.029,0.101,0.071,0.0711,87.62,87.15,86.56,84.57,1.03245,11.225,10.222,9.77,9.77,186835.3,1.38,34.7,10.04,25.59,6.85
2022-11-21,331.5084727127359,333.710856923078,330.1199940437048,333.4714660644531,350681,41261.0,63720.764,-0.002,0.033527,0.029,0.101,0.071,0.0711,87.45,87.09,86.67,84.98,1.0243,11.818,10.5025,10.005,9.45,186915.8,1.38,34.7,10.04,25.6,6.86
2022-11-22,331.60423741126573,332.8011918189335,324.4225109652592,330.1200256347656,364560,41261.0,63720.764,-0.002,0.033527,0.029,0.101,0.071,0.0711,88.36,87.7,87.21,85.39,1.0304,11.67,10.44,9.9,9.4,185037.3,1.39,34.3,10.04,25.34,6.79
2022-11-23,330.6466546231734,334.5248042116055,326.9600586403367,334.14178466796875,256272,41261.0,63720.764,-0.002,0.033527,0.029,0.101,0.071,0.0711,85.41,85.14,84.93,83.77,1.03965,11.37,10.205,9.71,9.25,187291.4,1.38,34.7,10.04,25.65,6.87
2022-11-24,335.14723841535147,336.9187368057652,332.7054630816191,336.3920593261719,205071,41261.0,63720.764,-0.002,0.033527,0.029,0.101,0.071,0.0711,85.41,85.14,84.93,83.77,1.0409,11.27,10.22,9.69,9.24,188552.8,1.37,35.0,10.04,25.83,6.92
2022-11-25,336.10476926358405,337.34959005333116,333.90238502864156,335.3865966796875,214758,41261.0,63720.764,-0.002,0.033527,0.029,0.101,0.071,0.0711,85.41,85.14,84.93,83.77,1.0397,10.8825,10.153,9.68,9.21,187989.2,1.37,34.9,10.04,25.75,6.9
2022-11-28,334.33329797783347,338.8817247089121,332.46606664279716,337.732666015625,281961,41261.0,63720.764,-0.002,0.033527,0.029,0.101,0.071,0.0711,83.19,83.89,83.79,82.88,1.0339,11.5575,10.368,9.705,9.23,189304.2,1.36,35.1,10.04,25.93,6.95
2022-11-29,339.6956620031124,341.562922574167,332.22667816393346,332.7533264160156,271292,41261.0,63720.764,-0.002,0.033527,0.029,0.101,0.071,0.0711,83.03,84.25,84.24,83.48,1.0329,11.65,10.382,9.833,9.335,186513.2,1.38,34.6,10.04,25.55,6.84
2022-11-30,334.1896734636231,341.08414259944504,332.84909036013545,339.7435302734375,654038,41261.0,63720.764,-0.002,0.033527,0.029,0.101,0.071,0.0711,86.97,86.99,86.83,86.16,1.0407,11.46,10.2,9.695,9.25,190431.4,1.35,35.3,10.04,26.08,6.99
2022-12-01,344.4834819986732,349.3191661653797,340.653227855533,343.1907653808594,386053,41261.0,63720.764,-0.002,0.033527,0.029,0.101,0.071,0.0711,86.88,86.81,86.58,85.46,1.0524,10.925,10.052,9.49,9.04,192363.5,1.34,35.7,10.04,26.35,7.06
2022-12-02,342.90350255410414,347.35616708016613,341.27563288015824,345.4410400390625,385104,41261.0,63720.764,-0.002,0.033527,0.029,0.101,0.071,0.0711,85.57,85.55,85.43,84.66,1.054,10.595,9.788,9.265,8.85,193624.9,1.33,35.9,10.04,26.52,7.1
2022-12-05,344.9143695086492,346.3028189902371,339.5041125890443,341.65863037109375,251962,41261.0,63720.764,-0.002,0.033527,0.029,0.101,0.071,0.0711,82.68,82.66,82.63,79.68,1.0492,10.558,9.637,9.045,8.645,191504.8,1.35,35.5,10.04,26.23,7.03
2022-12-06,341.7065181653747,344.38768409861376,340.5095638697292,343.7174072265625,320322,41261.0,63720.764,-0.002,0.033527,0.029,0.101,0.071,0.0711,79.35,79.67,79.84,79.68,1.047,10.59,9.527,9.05,8.653,192658.8,1.34,35.7,10.04,26.39,7.07
2022-12-07,340.65321071537244,343.52590117818653,339.7914094210319,341.3235168457031,326048,41261.0,63720.764,-0.002,0.033527,0.029,0.101,0.071,0.0711,77.17,77.59,77.83,76.91,1.0506,10.21,9.343,8.95,8.6,191316.9,1.35,35.5,10.04,26.2,7.02
2022-12-08,342.7119562638399,343.04710931912274,337.6368816181886,339.9350280761719,313622,41261.0,63720.764,-0.002,0.033527,0.029,0.101,0.071,0.0711,76.15,76.59,76.83,76.91,1.0557,9.5625,9.14,8.81,8.505,190538.7,1.35,35.4,10.04,26.1,6.99
2022-12-09,341.706526320509,342.8077184542804,338.25929202227525,339.9350280761719,301800,41261.0,63720.764,-0.002,0.033527,0.029,0.101,0.071,0.0711,76.1,76.6,76.84,76.89,1.0532,9.257,8.94,8.62,8.41,190538.7,1.35,35.4,10.04,26.1,6.99
2022-12-12,332.75330352553505,338.3071599241483,330.3593948670779,334.8599548339844,366702,41261.0,63720.764,-0.002,0.033527,0.029,0.101,0.071,0.0711,77.99,78.34,78.47,78.38,1.05365,9.48,8.722,8.42,8.27,187154.6,1.37,34.8,10.04,25.71,6.89
2022-12-13,336.200554290967,345.9198180754338,331.07758366666087,339.2647399902344,471246,41261.0,63720.764,-0.002,0.033527,0.029,0.101,0.071,0.0711,80.68,80.86,80.79,81.72,1.0632,8.615,8.145,8.1,8.03,189616.6,1.35,35.3,10.04,26.05,6.98
2022-12-14,338.6902157782083,342.7119648751034,335.673867427389,340.413818359375,375728,41261.0,63720.764,-0.002,0.033527,0.029,0.101,0.071,0.0711,82.7,82.75,82.49,81.72,1.06825,7.758,7.788,7.66,7.67,190258.8,1.35,35.4,10.04,26.13,7.0
2022-12-15,338.01992042484,338.7380930603035,323.46494332377114,324.7576599121094,535983,41261.0,63720.764,-0.002,0.033527,0.029,0.092,0.067,0.0645,81.21,81.32,80.99,80.08,1.0628,7.94,8.0925,7.97,7.81,181508.4,1.42,33.8,10.04,24.93,6.68
2022-12-16,323.6085738488823,325.52370071474934,319.0122518372914,321.5019226074219,640133,41261.0,63720.764,-0.002,0.033527,0.029,0.092,0.067,0.0645,79.04,79.49,79.36,78.67,1.0584,8.08,8.34,8.14,7.9,179688.8,1.43,33.4,10.04,24.68,6.61
2022-12-19,322.3637419446682,322.65102852418187,319.4431849993166,320.8316345214844,257756,41261.0,63720.764,-0.002,0.033527,0.029,0.092,0.067,0.0645,79.8,80.14,79.87,78.98,1.0607,8.322,8.468,8.175,7.93,179314.3,1.43,33.4,10.04,24.63,6.6
2022-12-20,319.0601559169308,321.0231493169611,315.9959411621094,315.9959411621094,274869,41261.0,63720.764,-0.002,0.033527,0.029,0.092,0.067,0.0645,79.99,80.53,80.44,79.68,1.06225,8.4175,8.525,8.32,8.045,176611.5,1.45,32.9,10.04,24.26,6.5
2022-12-21,317.38441006874854,326.76851997914287,317.2886478813942,325.6673278808594,374515,41261.0,63720.764,-0.002,0.033527,0.029,0.092,0.067,0.0645,82.2,82.58,82.39,81.4,1.0605,8.172,8.363,8.23,8.01,182016.9,1.41,33.9,10.04,25.0,6.7
2022-12-22,325.3800715573257,328.1570291360899,319.2516708898327,320.49652099609375,238499,41261.0,63720.764,-0.002,0.033527,0.029,0.092,0.067,0.0645,80.98,81.67,81.46,80.44,1.0595,8.17,8.59,8.38,8.11,179126.9,1.43,33.3,10.04,24.61,6.59
2022-12-23,321.0710256870358,321.74133181732935,316.57049482905455,319.1080322265625,151004,41261.0,63720.764,-0.002,0.033527,0.029,0.092,0.067,0.0645,83.92,84.5,84.34,83.21,1.0616,8.172,8.653,8.36,8.16,178350.9,1.44,33.2,10.04,24.5,6.56
2022-12-27,321.93282447900253,323.75218908155773,320.0176976926254,322.45947265625,138624,41261.0,63720.764,-0.002,0.033527,0.029,0.092,0.067,0.0645,84.33,84.68,84.58,83.47,1.064,8.5625,8.73,8.415,8.205,180224.0,1.43,33.5,10.04,24.76,6.63
2022-12-28,323.895840269319,324.80553724511356,321.02314988999024,321.1667785644531,146242,41261.0,63720.764,-0.002,0.033527,0.029,0.092,0.067,0.0645,83.26,83.99,83.93,82.86,1.061,8.655,8.7275,8.4,8.21,179501.5,1.43,33.4,10.04,24.66,6.6
2022-12-29,320.0177161905613,325.47581031372016,318.19832226032435,324.3267517089844,178763,41261.0,63720.764,-0.002,0.033527,0.029,0.092,0.067,0.0645,83.46,83.31,83.01,81.59,1.06615,8.47,8.738,8.42,8.205,181267.6,1.42,33.7,10.04,24.9,6.67
2022-12-30,322.3158666510513,323.99160270693795,318.629241483597,319.44317626953125,195837,41261.0,63720.764,-0.002,0.033527,0.029,0.092,0.067,0.0645,85.65,85.27,84.76,83.1,1.0704,8.475,8.77,8.4,8.1,178538.3,1.44,33.2,10.04,24.52,6.57
2023-01-02,321.88495024359025,323.8000771576946,320.11345200354015,322.7946472167969,182912,41261.0,63720.764,-0.002,0.033527,0.029,0.092,0.067,0.0645,85.65,85.27,84.76,83.1,1.0664,9.4975,8.87,8.43,8.16,180411.4,1.42,33.6,10.04,22.56,6.2
2023-01-03,321.31042786603075,327.9176395406632,320.64015093466827,324.03948974609375,317275,41261.0,63720.764,-0.002,0.033527,0.029,0.092,0.067,0.0645,82.1,82.12,81.95,80.78,1.0548,9.785,8.92,8.56,8.295,181107.0,1.42,33.7,10.04,22.65,6.22
2023-01-04,327.9654888300864,342.0416835433338,327.3909449029607,341.0362243652344,459088,41261.0,63720.764,-0.002,0.033527,0.029,0.092,0.067,0.0645,77.84,78.01,78.01,77.39,1.0601,9.55,8.8,8.46,8.25,190606.6,1.35,35.5,10.04,23.84,6.55
2023-01-05,339.0732252961094,343.9089090553673,335.7217532032525,339.02532958984375,343397,41261.0,63720.764,-0.002,0.033527,0.029,0.092,0.067,0.0645,78.69,78.82,78.8,78.15,1.0522,9.365,8.887,8.58,8.4,189482.8,1.36,35.3,10.04,23.7,6.51
2023-01-06,338.97749554171895,343.3822937011719,335.62602312817086,343.3822937011719,298828,41261.0,63720.764,-0.002,0.033527,0.029,0.092,0.067,0.0645,78.57,78.75,78.74,78.17,1.06455,9.093,8.725,8.5,8.32,191917.9,1.34,35.7,10.04,24.0,6.6
2023-01-09,343.7652696536828,351.6173014294867,341.4192275728892,350.3245849609375,419498,41261.0,63720.764,-0.002,0.033527,0.029,0.092,0.067,0.0645,79.65,79.89,79.89,79.34,1.073,9.422,8.783,8.46,8.26,195798.0,1.31,36.4,10.04,24.49,6.73
2023-01-10,350.4203826264574,351.4258126357262,346.39860414434315,348.8882751464844,239838,41261.0,63720.764,-0.002,0.033527,0.029,0.092,0.067,0.0645,80.1,80.28,80.25,79.54,1.0736,9.323,8.66,8.365,8.158,194995.2,1.32,36.3,10.04,24.39,6.7
2023-01-11,347.0209959254661,356.2614775729057,346.63797638170263,352.0960998535156,353057,41261.0,63720.764,-0.002,0.033527,0.029,0.092,0.067,0.0645,82.67,82.86,82.71,81.7,1.0757,9.347,8.627,8.355,8.15,196788.0,1.31,36.6,10.04,24.61,6.76
2023-01-12,350.75546223697893,354.6336115460829,350.03728968594294,351.56939697265625,328685,41261.0,63720.764,-0.002,0.033527,0.029,0.092,0.067,0.0645,84.03,84.19,83.97,82.83,1.0848,9.08,8.632,8.35,8.11,196493.6,1.31,36.6,10.04,24.57,6.75
2023-01-13,352.3833706539079,358.9426865228119,351.6651980234991,358.0329895019531,419427,41261.0,63720.764,-0.002,0.033527,0.029,0.092,0.067,0.0645,85.28,85.55,85.34,84.11,1.083,8.712,8.325,8.09,7.9,200106.2,1.28,37.2,10.04,25.03,6.88
2023-01-16,359.08630034470434,363.1559450819443,358.0329746858563,361.4323425292969,277250,41261.0,63720.764,-0.002,0.033527,0.029,0.086,0.07,0.0641,85.28,85.55,85.34,84.11,1.0818,8.85,8.31,8.0,7.85,202006.1,1.27,37.6,10.04,25.26,6.94
2023-01-17,359.3735527783122,371.91763987653775,358.9426667573056,370.5770568847656,493125,41261.0,63720.764,-0.002,0.033527,0.029,0.086,0.07,0.0641,85.92,86.09,85.88,84.53,1.07885,9.127,8.34,8.055,7.87,207117.2,1.24,38.5,10.04,25.9,7.12
2023-01-18,369.6194965633914,370.4334313511045,362.9165523251952,367.32135009765625,345363,41261.0,63720.764,-0.002,0.033527,0.029,0.086,0.07,0.0641,85.92,86.09,85.88,84.53,1.0794,8.77,8.113,7.905,7.75,205297.6,1.25,38.2,10.04,25.68,7.06
2023-01-19,363.25173848281025,369.1407484699276,357.6978523601266,360.6184387207031,489218,41261.0,63720.764,-0.002,0.033527,0.029,0.086,0.07,0.0641,86.16,86.31,86.18,84.94,1.0829,8.475,8.16,7.93,7.76,201551.3,1.27,37.5,10.04,25.21,6.93
2023-01-20,362.581405027119,364.6401606599004,358.46389376155616,364.25714111328125,421178,41261.0,63720.764,-0.002,0.033527,0.029,0.086,0.07,0.0641,87.63,87.68,87.51,86.13,1.0857,8.27,8.0025,7.88,7.745,203584.9,1.26,37.9,10.04,25.46,7.0
2023-01-23,365.5977382650964,368.03954276137114,362.9165721126387,366.746826171875,209879,41261.0,63720.764,-0.002,0.033527,0.029,0.086,0.07,0.0641,88.19,88.16,87.97,86.64,1.087,8.46,8.035,7.81,7.67,204976.4,1.25,38.1,10.04,25.63,7.04
2023-01-24,366.6989610520227,367.5607623740594,361.3844659915108,363.3953552246094,267987,41261.0,63720.764,-0.002,0.033527,0.029,0.086,0.07,0.0641,86.13,86.25,86.14,85.01,1.0887,8.42,7.887,7.7425,7.662,203103.3,1.26,37.8,10.04,25.4,6.98
2023-01-25,364.35290283203125,365.54985717773434,359.9002385105193,365.0710754394531,223184,41261.0,63720.764,-0.002,0.033527,0.029,0.086,0.07,0.0641,86.12,86.19,86.04,84.84,1.0917,8.547,8.068,7.89,7.78,204039.8,1.26,38.0,10.04,25.52,7.01
2023-01-26,368.66196137819384,371.1994989042151,366.0286616540639,368.94921875,295740,41261.0,63720.764,-0.002,0.033527,0.029,0.086,0.07,0.0641,87.47,87.28,87.06,85.64,1.0891,8.61,8.137,8.0,7.7925,206207.4,1.25,38.4,10.04,25.79,7.09
2023-01-27,368.5661902195391,369.23649636748377,361.3844638737861,362.3899230957031,411057,41261.0,63720.764,-0.002,0.033527,0.029,0.086,0.07,0.0641,86.66,86.4,86.04,84.47,1.0869,8.413,7.975,7.925,7.807,202541.3,1.27,37.7,10.04,25.33,6.96
2023-01-30,361.71963209987103,364.8317136467263,358.41602615343186,364.1614074707031,362825,41261.0,63720.764,-0.002,0.033527,0.029,0.086,0.07,0.0641,84.9,84.5,84.14,82.7,1.0846,8.538,8.18,8.035,7.81,203531.4,1.26,37.9,10.04,25.45,6.99
2023-01-31,362.6292755328314,364.16135361283295,359.56506092779574,362.0068359375,414236,41261.0,63720.764,-0.002,0.033527,0.029,0.086,0.07,0.0641,84.49,85.46,85.17,83.83,1.0863,8.69,8.267,8.072,7.91,202327.3,1.27,37.6,10.04,25.3,6.95
2023-02-01,360.2354080811318,361.9111442419139,354.5857599324795,356.5966491699219,362902,41261.0,63720.764,-0.002,0.033527,0.029,0.086,0.07,0.0641,82.84,82.58,82.16,80.89,1.09905,8.0475,7.825,7.825,7.785,199303.4,1.29,37.1,10.04,24.93,6.85
2023-02-02,359.22991223027253,363.0601659215936,348.74461028379096,361.3844299316406,567734,41261.0,63720.764,-0.002,0.033527,0.029,0.086,0.07,0.0641,82.17,82.03,81.7,80.56,1.0912,7.655,7.755,7.7,7.64,201979.3,1.27,37.6,10.04,25.26,6.94
2023-02-03,359.56509306630926,368.08740234375,358.0329856268492,368.08740234375,535365,41261.0,63720.764,-0.002,0.033527,0.029,0.086,0.07,0.0641,79.94,79.71,79.33,78.19,1.0795,8.15,8.097,7.985,7.88,205725.6,1.25,38.3,10.04,25.73,7.07
2023-02-06,364.4007817520183,367.4171301841376,363.58687614718025,365.74139404296875,314317,41261.0,63720.764,-0.002,0.033527,0.029,0.086,0.07,0.0641,80.99,80.71,80.29,79.14,1.0732,8.5,8.552,8.2925,8.15,204414.4,1.26,38.0,10.04,25.56,7.02
2023-02-07,364.49654829299857,365.45411181365404,358.8947958526602,360.8578186035156,253993,41261.0,63720.764,-0.002,0.033527,0.029,0.086,0.07,0.0641,83.69,83.37,82.89,81.52,1.0725,8.3,8.427,8.18,8.04,201685.1,1.27,37.5,10.04,25.22,6.93
2023-02-08,363.68258758418114,365.9328675421443,358.7032751645042,359.42144775390625,272206,41261.0,63720.764,-0.002,0.033527,0.029,0.086,0.07,0.0641,85.09,84.7,84.16,82.68,1.0711,7.988,8.153,7.99,7.875,200882.3,1.28,37.4,10.04,25.12,6.9
2023-02-09,361.52809713969725,364.0177681489599,358.84693095896506,362.67718505859375,328823,41261.0,63720.764,-0.002,0.033527,0.029,0.086,0.07,0.0641,84.5,84.06,83.52,82.03,1.0738,8.375,8.407,8.13,7.935,202701.9,1.27,35.6,10.65,25.35,6.97
2023-02-10,365.310445989697,368.0873740727693,349.17549646255566,359.66082763671875,587538,41261.0,63720.764,-0.002,0.033527,0.029,0.086,0.07,0.0641,86.39,85.99,85.35,83.74,1.0677,8.868,8.597,8.25,7.99,201016.1,1.28,35.3,10.65,25.14,6.91
2023-02-13,363.8741417934499,373.1146240234375,361.48023296586143,373.1146240234375,379984,41261.0,63720.764,-0.002,0.033527,0.029,0.086,0.07,0.0641,86.61,86.23,85.63,84.08,1.0722,8.725,8.602,8.25,7.952,208535.4,1.23,36.6,10.65,26.08,7.17
2023-02-14,372.5400784643647,376.8970100454227,370.14616964703157,371.2952575683594,351390,41261.0,63720.764,-0.002,0.033527,0.029,0.086,0.07,0.0641,85.58,85.3,84.77,83.36,1.0737,8.205,8.225,8.01,7.855,207518.5,1.24,36.4,10.65,25.95,7.13
2023-02-15,369.9546368752463,376.6096851775423,369.4758551604401,373.4497375488281,321078,41261.0,63720.764,0.001,0.02797,0.045,0.085,0.073,0.0604,85.38,85.05,84.5,83.09,1.069,8.177,8.142,8.0,7.895,208722.7,1.23,36.6,10.65,26.1,7.17
2023-02-16,375.2212634336666,376.1788269339579,372.4443351273255,374.98187255859375,323274,41261.0,63720.764,0.001,0.02797,0.045,0.085,0.073,0.0604,85.38,85.05,84.5,83.09,1.067,8.1,7.93,7.885,7.825,209579.1,1.23,36.8,10.65,26.21,7.2
2023-02-17,372.8273264281651,372.9709550978201,365.3583141584214,368.2789001464844,390517,41261.0,63720.764,0.001,0.02797,0.045,0.085,0.073,0.0604,83.0,82.67,82.17,80.95,1.06945,8.185,8.07,8.0,7.93,205832.8,1.25,36.1,10.65,25.74,7.07
2023-02-20,369.2365086319016,369.5237660062654,363.92201342600856,364.7838439941406,196870,41261.0,63720.764,0.001,0.02797,0.045,0.085,0.073,0.0604,83.0,82.67,82.17,80.95,1.0684,8.0,8.0,7.95,7.85,203879.3,1.26,35.8,10.65,25.5,7.01
2023-02-21,362.9165451618626,369.4758605957031,360.1874835028175,369.4758605957031,349708,41261.0,63720.764,0.001,0.02797,0.045,0.085,0.073,0.0604,83.05,82.77,82.29,81.09,1.0648,8.075,8.08,7.93,7.85,206501.8,1.24,36.2,10.65,25.83,7.1
2023-02-22,368.6140659087684,371.0558410447006,365.8850042010974,369.85888671875,276250,41261.0,63720.764,0.001,0.02797,0.045,0.085,0.073,0.0604,80.6,80.45,80.08,79.11,1.0603,8.132,8.052,7.99,7.94,206715.8,1.24,36.3,10.65,25.85,7.1
2023-02-23,369.1407280347862,372.7315911479651,368.08740234375,368.08740234375,235935,41261.0,63720.764,0.001,0.02797,0.045,0.085,0.073,0.0604,82.21,81.95,81.48,80.33,1.05965,8.49,8.025,7.987,7.978,205725.6,1.25,36.1,10.65,25.73,7.07
2023-02-24,369.1885983402981,371.4388784256756,355.49545188271236,357.1233215332031,745856,41261.0,63720.764,0.001,0.02797,0.045,0.085,0.073,0.0604,83.16,82.82,82.29,81.03,1.0548,8.298,8.023,8.02,8.04,199597.8,1.29,35.0,10.65,24.96,6.86
2023-02-27,359.99601040892327,365.02321879642045,359.3735707543608,362.1983947753906,254989,41261.0,63720.764,0.001,0.02797,0.045,0.085,0.073,0.0604,82.45,82.04,81.51,80.23,1.0609,8.35,7.938,8.0,8.0,202434.3,1.27,35.5,10.65,25.32,6.96
2023-02-28,361.33655500452943,362.4856135515606,358.4638648031777,359.1820373535156,447270,41261.0,63720.764,0.001,0.02797,0.045,0.085,0.073,0.0604,83.89,83.45,82.83,81.37,1.0578,8.055,7.74,7.807,7.865,200748.5,1.28,35.2,10.65,25.11,6.9
2023-03-01,358.8468919364355,367.36920053685355,355.5911821502947,356.2135925292969,351234,41261.0,63720.764,0.001,0.02797,0.045,0.085,0.073,0.0604,84.31,83.69,83.17,81.69,1.0667,8.288,7.827,7.83,7.84,199089.4,1.29,34.9,10.65,24.9,6.84
2023-03-02,354.63362100264504,362.4377570875027,352.43120758722944,362.29412841796875,405988,41261.0,63720.764,0.001,0.02797,0.045,0.085,0.073,0.0604,84.75,84.09,83.57,82.1,1.0598,8.0125,7.93,7.86,7.85,202487.8,1.27,35.5,10.65,25.32,6.96
2023-03-03,362.294154025681,366.12440800407325,362.0068674437903,363.7304992675781,336912,41261.0,63720.764,0.001,0.02797,0.045,0.085,0.073,0.0604,85.83,85.26,84.78,83.31,1.0634,7.9175,7.78,7.81,7.815,203290.6,1.26,35.7,10.65,25.42,6.99
2023-03-06,365.6456292284639,366.2680396605074,360.9535739113037,362.1983947753906,285278,41261.0,63720.764,0.001,0.02797,0.045,0.085,0.073,0.0604,86.18,85.62,85.16,83.73,1.0679,8.027,7.7275,7.71,7.715,202434.3,1.27,35.5,10.65,25.32,6.96
2023-03-07,360.4747880613617,365.07108113151827,359.9002441219625,361.0971984863281,270848,41261.0,63720.764,0.001,0.02797,0.045,0.085,0.073,0.0604,83.29,82.8,82.43,81.19,1.05485,8.4825,7.9725,7.905,7.9,201818.9,1.27,35.4,10.65,25.24,6.94
2023-03-08,359.1820564391095,360.7620302893037,356.7881478107797,360.2353820800781,266639,41261.0,63720.764,0.001,0.02797,0.045,0.085,0.073,0.0604,82.66,82.19,81.82,80.58,1.0546,8.475,8.02,7.95,7.9125,201337.1,1.28,35.3,10.65,25.18,6.92
2023-03-09,359.5650544870907,361.28865690747665,356.9796216339962,359.90020751953125,234147,41261.0,63720.764,0.001,0.02797,0.045,0.085,0.073,0.0604,81.59,81.09,80.71,79.49,1.0581,8.525,8.08,7.925,7.895,201149.9,1.28,35.3,10.65,25.16,6.91
2023-03-10,354.77727747435273,361.2886975986396,353.72395177769835,357.9372253417969,399713,41261.0,63720.764,0.001,0.02797,0.045,0.085,0.073,0.0604,82.78,82.16,81.76,80.47,1.0644,8.905,8.24,8.11,8.15,200052.7,1.28,35.1,10.65,25.02,6.87
2023-03-13,358.94267530905097,362.43777615667915,352.95790357594865,357.3627014160156,532236,41261.0,63720.764,0.001,0.02797,0.045,0.085,0.073,0.0604,80.77,80.23,79.87,78.74,1.0731,9.792,8.648,8.465,8.385,199731.6,1.29,35.0,10.65,24.98,6.86
2023-03-14,358.65540251800763,363.7305066762614,357.0275620775453,361.57598876953125,364177,41261.0,63720.764,0.001,0.02797,0.045,0.085,0.073,0.0604,77.45,77.0,76.72,75.75,1.07325,9.02,8.337,8.25,8.173,202086.4,1.27,35.5,10.65,25.27,6.94
2023-03-15,360.3311349225709,360.762050188446,350.2767181289978,355.3996887207031,539063,41261.0,63720.764,0.001,0.02797,0.045,0.069,0.067,0.0498,73.69,73.28,73.05,72.31,1.0577,10.56,9.5,9.05,8.75,198634.4,1.29,34.9,10.65,24.84,6.83
2023-03-16,359.1820625908129,370.48129982104444,356.59662953892905,367.4171142578125,575075,41261.0,63720.764,0.001,0.02797,0.045,0.069,0.067,0.0498,74.7,74.29,74.07,73.29,1.0607,9.31,8.902,8.52,8.31,205351.0,1.25,36.0,10.65,25.68,7.06
2023-03-17,369.9546376504249,371.5346114680925,361.91111066933036,364.1134948730469,856311,41261.0,63720.764,0.001,0.02797,0.045,0.069,0.067,0.0498,74.7,74.29,74.07,73.29,1.0668,8.9,8.76,8.575,8.475,203504.6,1.26,35.7,10.65,25.45,6.99
2023-03-20,364.11351822986535,372.9231140548749,363.3953456100826,370.5292053222656,438737,41261.0,63720.764,0.001,0.02797,0.045,0.069,0.067,0.0498,73.79,73.54,73.48,72.88,1.0721,9.14,8.85,8.66,8.5175,207090.4,1.24,36.3,10.65,25.9,7.12
2023-03-21,371.91764674595674,373.5933828222526,368.1831550490011,369.2364807128906,267671,41261.0,63720.764,0.001,0.02797,0.045,0.069,0.067,0.0498,75.32,75.03,74.91,74.11,1.0769,8.822,8.71,8.49,8.35,206367.9,1.24,36.2,10.65,25.81,7.09
2023-03-22,369.28433427833255,377.9981674147271,369.18857208996224,377.0884704589844,283301,41261.0,63720.764,0.001,0.02797,0.045,0.069,0.067,0.0498,76.69,76.38,76.25,75.36,1.0857,8.432,8.408,8.29,8.235,210756.4,1.22,37.0,10.65,26.36,7.24
2023-03-23,376.3703007035098,380.6314697265625,374.16791646705485,380.6314697265625,329687,41261.0,63720.764,0.001,0.02797,0.045,0.069,0.067,0.0498,75.91,75.5,75.4,74.61,1.0832,8.367,8.587,8.38,8.22,212736.6,1.21,37.3,10.65,26.61,7.31
2023-03-24,379.6738999449679,382.78598109205785,377.8066395677073,381.1581115722656,371204,41261.0,63720.764,0.001,0.02797,0.045,0.069,0.067,0.0498,74.99,74.59,74.52,73.81,1.0761,8.925,8.83,8.65,8.425,213031.0,1.21,37.4,10.65,26.64,7.32
2023-03-27,381.15815609544313,385.5150877438133,380.8230322338548,383.6478271484375,336888,41261.0,63720.764,0.001,0.02797,0.045,0.069,0.067,0.0498,78.12,77.76,77.68,76.87,1.07975,8.49,8.63,8.48,8.31,214422.4,1.2,37.6,10.65,26.82,7.37
2023-03-28,384.94051586741557,385.4192976035691,379.19513503357354,381.2060241699219,247661,41261.0,63720.764,0.001,0.02797,0.045,0.069,0.067,0.0498,78.65,78.14,77.98,77.07,1.0844,8.3525,8.512,8.41,8.27,213057.8,1.21,37.4,10.65,26.65,7.32
2023-03-29,384.126571095887,387.57380535117295,383.4083985103073,385.80230712890625,319026,41261.0,63720.764,0.001,0.02797,0.045,0.069,0.067,0.0498,78.28,77.59,77.44,76.57,1.0845,8.1275,8.325,8.275,8.15,215626.6,1.19,37.8,10.65,26.97,7.41
2023-03-30,386.71203381532683,389.3931999852228,383.3126657821335,388.3398742675781,301773,41261.0,63720.764,0.001,0.02797,0.045,0.069,0.067,0.0498,79.27,78.6,78.46,77.51,1.0903,7.9975,8.32,8.25,8.1425,217044.9,1.18,38.1,10.65,27.14,7.46
2023-03-31,388.91439413353123,396.00035790576396,388.6750032681009,393.7979736328125,447123,41261.0,63720.764,0.001,0.02797,0.045,0.069,0.067,0.0498,79.89,79.73,79.45,78.31,1.0841,7.655,8.0125,8.0,7.94,220095.4,1.17,38.6,10.65,27.53,7.56
2023-04-03,392.02645646862106,397.867599147785,391.69130342868647,397.8197326660156,331611,41261.0,63720.764,0.001,0.02797,0.045,0.069,0.067,0.0498,84.93,84.55,83.97,82.08,1.0897,7.66,7.925,7.9,7.895,222343.2,1.16,39.0,10.65,27.81,7.64
2023-04-04,398.1548789824151,403.08635422901494,396.47914291056566,402.5118103027344,369327,41261.0,63720.764,0.001,0.02797,0.045,0.069,0.067,0.0498,84.94,84.55,83.97,82.07,1.0953,8.315,7.867,7.86,7.82,224965.7,1.14,39.5,10.65,28.13,7.73
2023-04-05,401.98514450956117,406.1505515676518,400.6445614577381,405.71966552734375,439067,41261.0,63720.764,0.001,0.02797,0.045,0.069,0.067,0.0498,84.99,84.62,84.04,82.15,1.0904,8.427,8.06,8.0,7.95,226758.4,1.13,39.8,10.65,28.36,7.79
2023-04-06,404.3790339197026,404.5705582990286,391.7392138921547,392.69677734375,444576,41261.0,63720.764,0.001,0.02797,0.045,0.069,0.067,0.0498,85.12,84.67,84.04,82.1,1.0922,8.31,7.9,7.905,7.87,219480.0,1.17,38.5,10.65,27.45,7.54
2023-04-11,394.5161250817624,399.44757080078125,394.18097204362175,399.44757080078125,371771,41261.0,63720.764,0.001,0.02797,0.045,0.069,0.067,0.0498,85.61,85.17,84.54,82.64,1.0912,8.158,7.73,7.73,7.745,223253.0,1.15,39.2,10.65,27.92,7.67
2023-04-12,393.7501222490523,398.68156842153354,393.1276825970488,394.6597900390625,292566,41261.0,63720.764,0.001,0.02797,0.045,0.069,0.067,0.0498,87.33,86.75,86.04,83.99,1.0991,7.86,7.57,7.6,7.875,220577.0,1.16,38.7,10.65,27.59,7.58
2023-04-13,399.25611837791246,406.1026916503906,398.96883179054146,406.1026916503906,344275,41261.0,63720.764,0.001,0.02797,0.045,0.069,0.067,0.0498,86.09,85.68,85.09,83.22,1.10455,7.838,7.68,7.66,7.875,226972.6,1.13,39.8,10.65,28.39,7.8
2023-04-14,406.34206883281485,407.1081079282794,400.88394530444526,402.799072265625,316016,41261.0,63720.764,0.001,0.02797,0.045,0.069,0.067,0.0498,86.31,85.87,85.28,83.46,1.1001,7.813,7.682,7.65,7.63,225126.1,1.14,39.5,10.65,28.15,7.74
2023-04-17,403.51725702258784,407.5869019375977,403.2778661452343,405.1929931640625,297874,41261.0,63720.764,0.001,0.02797,0.045,0.07,0.069,0.0493,84.76,84.45,83.93,82.27,1.0927,8.17,7.758,7.74,7.7,226464.1,1.13,39.7,10.65,28.32,7.78
2023-04-18,405.04933814326245,407.39538027778,401.9851234233845,406.2941589355469,317358,41261.0,63720.764,0.001,0.02797,0.045,0.07,0.069,0.0493,84.77,84.45,83.96,82.33,1.0972,7.818,7.52,7.56,7.55,227079.6,1.13,39.8,10.65,28.4,7.8
2023-04-19,407.82626254282576,410.02867598450894,403.5651227757405,404.3790283203125,302952,41261.0,63720.764,0.001,0.02797,0.045,0.07,0.069,0.0493,83.12,82.79,82.35,80.82,1.0955,7.89,7.59,7.62,7.57,226009.3,1.14,39.7,10.65,28.27,7.77
2023-04-20,407.92201168925226,411.32135009765625,404.23538672502224,411.32135009765625,392937,41261.0,63720.764,0.001,0.02797,0.045,0.07,0.069,0.0493,81.1,80.81,80.4,78.99,1.0969,7.6175,7.525,7.55,7.567,229889.4,1.12,40.3,10.65,28.75,7.9
2023-04-21,410.6510987612883,423.8175964355469,410.12442132080724,423.8175964355469,441451,41261.0,63720.764,0.001,0.02797,0.045,0.07,0.069,0.0493,81.66,81.46,81.1,79.79,1.0989,7.435,7.425,7.47,7.5,237217.3,1.08,41.6,10.65,29.62,8.14
2023-04-24,418.694625517497,421.37579153334747,416.9231272608553,418.6467590332031,311939,41261.0,63720.764,0.001,0.02797,0.045,0.07,0.069,0.0493,82.73,82.54,82.17,80.82,1.1043,7.5925,7.318,7.38,7.39,234322.9,1.1,41.1,10.65,29.26,8.04
2023-04-25,418.8861586950911,419.3649404381544,413.7152924919926,414.0504455566406,441191,41261.0,63720.764,0.001,0.02797,0.045,0.07,0.069,0.0493,80.77,80.6,80.23,78.85,1.09725,7.858,7.59,7.55,7.505,231750.3,1.11,40.6,10.65,28.94,7.95
2023-04-26,411.91417347919946,419.73101452785096,411.08878556900055,415.31280517578125,403374,41261.0,63720.764,0.001,0.02797,0.045,0.07,0.069,0.0493,77.69,77.72,77.49,76.42,1.1042,7.983,7.91,7.7725,7.65,229231.3,1.12,40.2,10.65,28.63,7.87
2023-04-27,419.7938950068669,427.1802978515625,419.35069881404513,427.1802978515625,336323,41261.0,63720.764,0.001,0.02797,0.045,0.07,0.069,0.0493,78.37,78.22,77.89,76.64,1.1029,7.823,7.787,7.695,7.6,232473.9,1.11,40.7,10.65,29.03,7.98
2023-04-28,428.411355373971,429.69165314950055,422.7484466535104,426.1954345703125,349209,41261.0,63720.764,0.001,0.02797,0.045,0.07,0.069,0.0493,80.33,79.92,79.46,78.08,1.1022,7.463,7.5,7.5,7.43,231937.9,1.11,40.6,10.65,28.96,7.96
2023-05-02,424.2257385253906,427.5250044878479,420.9757332819851,424.2257385253906,295223,41261.0,63720.764,0.001,0.02797,0.045,0.07,0.069,0.0493,75.32,75.04,74.68,73.58,1.10005,7.6575,7.6275,7.575,7.49,230866.0,1.11,40.5,10.65,28.83,7.92
2023-05-03,427.47573028393555,433.335621736374,419.30145671423,422.206787109375,413986,41261.0,63720.764,0.001,0.02797,0.045,0.07,0.069,0.0493,72.33,72.18,71.93,71.15,1.1061,7.6375,7.73,7.65,7.6,229767.3,1.12,40.3,10.65,28.69,7.88
2023-05-04,416.49460672362835,417.62718242134304,410.043827273996,414.82037353515625,476401,41261.0,63720.764,0.001,0.02797,0.045,0.07,0.069,0.0493,72.5,72.32,72.03,71.12,1.1013,7.63,7.827,7.73,7.63,225747.6,1.14,39.6,10.65,28.19,7.75
2023-05-05,417.5779525117882,419.8431039112929,412.16125737307397,418.0211486816406,301626,41261.0,63720.764,0.001,0.02797,0.045,0.07,0.069,0.0493,75.3,75.09,74.76,73.69,1.1019,7.2425,7.595,7.635,7.55,227489.4,1.13,39.9,10.65,28.41,7.81
2023-05-08,418.218125631206,421.8128356933594,417.92268153773875,421.8128356933594,185770,41261.0,63720.764,0.001,0.02797,0.045,0.07,0.069,0.0493,77.01,76.81,76.47,75.36,1.1006,7.287,7.597,7.63,7.55,229552.9,1.12,40.2,10.65,28.67,7.88
2023-05-09,421.8128250989011,422.1082992402974,414.42642239423657,416.29766845703125,272298,41261.0,63720.764,0.001,0.02797,0.045,0.07,0.069,0.0493,77.44,77.27,76.96,75.88,1.0962,7.125,7.51,7.5125,7.5,226551.5,1.14,39.7,10.65,28.29,7.77
2023-05-10,415.70675863216564,416.00220272418414,408.32035577820164,410.8809814453125,300318,41261.0,63720.764,0.001,0.02797,0.045,0.07,0.069,0.0493,76.41,76.27,75.99,75.0,1.0982,6.8675,7.432,7.465,7.52,223603.8,1.15,39.2,10.65,27.92,7.67
2023-05-11,411.61962286793,418.2181247358248,411.4718707661624,417.28253173828125,248537,41261.0,63720.764,0.001,0.02797,0.045,0.07,0.069,0.0493,74.98,74.76,74.44,73.41,1.0916,7.0525,7.51,7.4875,7.6,227087.4,1.13,39.8,10.65,28.36,7.79
2023-05-12,419.5969010245052,421.51737773492323,412.7521859379538,414.7218933105469,263059,41261.0,63720.764,0.001,0.02797,0.045,0.07,0.069,0.0493,74.98,74.76,74.44,73.41,1.085,7.0325,7.4675,7.555,7.6,225694.1,1.14,39.5,10.65,28.19,7.74
2023-05-15,416.5930981006793,419.5476590801168,414.7218821581053,414.82037353515625,215895,41261.0,63720.764,0.001,0.024501,0.063,0.061,0.06,0.0405,75.23,75.02,74.69,73.64,1.0874,7.3125,7.29,7.43,7.49,225747.6,1.14,39.6,10.65,28.19,7.75
2023-05-16,412.2104893528427,413.9832439825756,408.5172881100852,413.1953430175781,267812,41261.0,63720.764,0.001,0.024501,0.063,0.061,0.06,0.0405,74.91,74.72,74.4,73.35,1.0863,7.03,7.03,7.21,7.33,224863.3,1.14,39.4,10.65,28.08,7.72
2023-05-17,413.3923236098674,414.13096385455447,408.46805531195355,409.2066955566406,261732,41261.0,63720.764,0.001,0.024501,0.063,0.061,0.06,0.0405,76.96,76.81,76.51,75.46,1.08405,6.92,7.0,7.2,7.34,222692.6,1.16,39.0,10.65,27.81,7.64
2023-05-18,410.8317125215747,413.88476498464314,409.7976281648117,410.6839904785156,164435,41261.0,63720.764,0.001,0.024501,0.063,0.061,0.06,0.0405,75.86,75.8,75.58,74.66,1.0771,6.81,7.0,7.213,7.35,223496.5,1.15,39.2,10.65,27.91,7.67
2023-05-19,413.44157026214566,416.59311411684797,411.66884562846917,415.2143249511719,266194,41261.0,63720.764,0.001,0.024501,0.063,0.061,0.06,0.0405,75.58,75.47,75.19,74.17,1.0804,6.76,6.9,7.1,7.29,225962.1,1.14,39.6,10.65,28.22,7.75
2023-05-22,412.9983889110231,416.05144127237264,411.7673218342973,412.407470703125,261777,41261.0,63720.764,0.001,0.024501,0.063,0.061,0.06,0.0405,75.99,75.87,75.57,74.47,1.0813,6.8425,6.925,7.145,7.3,224434.5,1.15,39.3,10.65,28.03,7.7
2023-05-23,411.47186823416325,412.30899989917737,406.35064697265625,406.35064697265625,242752,41261.0,63720.764,0.001,0.024501,0.063,0.061,0.06,0.0405,76.84,76.74,76.46,75.33,1.077,6.7775,6.8425,7.05,7.2675,221138.3,1.16,38.7,10.65,27.62,7.59
2023-05-24,402.4604535300243,402.4604535300243,394.1384579008768,397.8808898925781,428017,41261.0,63720.764,0.001,0.024501,0.063,0.061,0.06,0.0405,78.36,78.23,77.93,76.73,1.075,7.01,7.02,7.205,7.38,216529.0,1.19,37.9,10.65,27.04,7.43
2023-05-25,397.38847001378673,401.03244074485116,394.3354175168612,400.4907531738281,235784,41261.0,63720.764,0.001,0.024501,0.063,0.061,0.06,0.0405,76.26,76.18,75.91,74.74,1.0721,6.975,7.085,7.2725,7.41,217949.3,1.18,38.2,10.65,27.22,7.48
2023-05-26,398.2748313770174,406.99079265733707,397.58545181830925,404.7748718261719,261028,41261.0,63720.764,0.001,0.024501,0.063,0.061,0.06,0.0405,76.95,76.98,76.76,75.64,1.0725,6.84,6.9925,7.24,7.385,220280.8,1.17,38.6,10.65,27.51,7.56
2023-05-29,406.35062841190705,406.74456386705236,401.27863804545785,401.968017578125,139334,41261.0,63720.764,0.001,0.024501,0.063,0.061,0.06,0.0405,76.95,76.98,76.76,75.64,1.0707,6.84,6.9375,7.18,7.36,218753.2,1.18,38.3,10.65,27.32,7.51
2023-05-30,403.7900203445481,404.3316778618947,395.9604213425565,398.077880859375,289888,41261.0,63720.764,0.001,0.024501,0.063,0.061,0.06,0.0405,73.54,73.71,73.54,72.64,1.0735,6.8225,6.895,7.105,7.315,216636.2,1.19,38.0,10.65,27.05,7.43
2023-05-31,393.842996858959,399.45667508854893,390.78994431401276,392.9566345214844,733530,41261.0,63720.764,0.001,0.024501,0.063,0.061,0.06,0.0405,72.66,72.6,72.49,71.63,1.069,6.9175,7.05,7.2175,7.37,213849.3,1.2,37.5,10.65,26.71,7.34
2023-06-01,396.5513371360882,397.4869601752151,389.06644298912255,394.0892028808594,268321,41261.0,63720.764,0.001,0.024501,0.063,0.061,0.06,0.0405,74.28,74.21,73.92,72.98,1.07615,6.713,6.8675,7.0,7.25,214465.5,1.2,37.6,10.65,26.78,7.36
2023-06-02,396.4036090142852,402.7066665999642,395.6157380868313,401.6233215332031,305576,41261.0,63720.764,0.001,0.024501,0.063,0.061,0.06,0.0405,76.13,75.97,75.63,74.61,1.0708,6.26,6.5,6.735,6.95,218565.7,1.18,38.3,10.65,27.29,7.5
2023-06-05,401.1308988460361,402.2635046420919,398.61953394032463,398.91497802734375,185219,41261.0,63720.764,0.001,0.024501,0.063,0.061,0.06,0.0405,76.71,76.47,76.07,74.87,1.0714,6.4,6.55,6.77,6.98,217091.8,1.19,38.0,10.65,27.11,7.45
2023-06-06,399.308946152965,402.95288682313173,397.1422559828714,397.28997802734375,240055,41261.0,63720.764,0.001,0.024501,0.063,0.061,0.06,0.0405,76.29,76.09,75.71,74.47,1.0693,6.45,6.55,6.77,7.038,216207.4,1.19,37.9,10.65,27.0,7.42
2023-06-07,397.38846581901805,399.60438663213523,394.3846740722656,394.3846740722656,307945,41261.0,63720.764,0.001,0.024501,0.063,0.061,0.06,0.0405,76.95,76.84,76.49,75.26,1.0699,6.25,6.44,6.67,6.92,214626.3,1.2,37.6,10.65,26.8,7.36
2023-06-08,390.9869166172705,396.7975474022758,389.80508016203055,396.2558898925781,247944,41261.0,63720.764,0.001,0.024501,0.063,0.061,0.06,0.0405,75.96,75.84,75.5,74.32,1.0783,6.173,6.37,6.62,6.88,215644.8,1.19,37.8,10.65,26.93,7.4
2023-06-09,395.9604022035131,397.33922137256724,392.02098756129794,396.108154296875,226778,41261.0,63720.764,0.001,0.024501,0.063,0.061,0.06,0.0405,74.79,74.74,74.49,73.54,1.0749,6.088,6.3,6.55,6.85,215564.3,1.19,37.8,10.65,26.92,7.4
2023-06-12,398.71800695648074,401.6725679119858,397.24072647872816,398.2748107910156,249616,41261.0,63720.764,0.001,0.024501,0.063,0.061,0.06,0.0405,71.84,71.82,71.63,70.92,1.07575,6.3525,6.338,6.605,6.85,216743.3,1.19,38.0,10.65,27.07,7.44
2023-06-13,399.70288564323994,403.1006129216745,395.91119283511716,400.1953125,301574,41261.0,63720.764,0.001,0.024501,0.063,0.061,0.06,0.0405,71.84,71.82,71.63,70.92,1.0793,6.32,6.31,6.6,6.83,217788.6,1.18,38.2,10.65,27.2,7.47
2023-06-14,401.1308885203211,407.13850192964526,400.54000036149324,405.9566955566406,353612,41261.0,63720.764,0.001,0.024501,0.063,0.061,0.06,0.0405,74.29,74.21,74.01,73.21,1.0833,6.1525,6.327,6.565,6.81,220923.9,1.16,38.7,10.65,27.59,7.58
2023-06-15,404.23319650097915,404.67636261447603,400.73694797708936,403.593017578125,302365,41261.0,63720.764,0.001,0.024501,0.063,0.055,0.053,0.0297,75.67,75.66,75.46,74.61,1.09455,6.3025,6.5025,6.71,6.86,219637.6,1.17,38.5,10.65,27.43,7.54
2023-06-16,404.1347062063028,410.733207708388,403.79000141353856,408.6650390625,1194098,41261.0,63720.764,0.001,0.024501,0.063,0.055,0.053,0.0297,76.61,76.58,76.36,75.47,1.0935,6.1375,6.46,6.665,6.8,222397.8,1.16,39.0,10.65,27.77,7.63
2023-06-19,407.1877650546227,409.6006385317037,404.92258356277324,406.2029113769531,216681,41261.0,63720.764,0.001,0.024501,0.063,0.055,0.053,0.0297,76.61,76.58,76.36,75.47,1.0923,6.2275,6.48,6.67,6.78,221057.9,1.16,38.7,10.65,27.61,7.59
2023-06-20,404.7748716232861,408.66505576929944,401.47560570969057,406.6460876464844,244686,41261.0,63720.764,0.001,0.024501,0.063,0.055,0.053,0.0297,75.9,75.89,75.63,74.67,1.0918,6.225,6.45,6.615,6.755,221299.0,1.16,38.8,10.65,27.64,7.59
2023-06-21,404.97185053033616,406.64608377500565,400.58923957492425,401.8695373535156,189980,41261.0,63720.764,0.001,0.024501,0.063,0.055,0.053,0.0297,77.12,77.14,76.89,75.9,1.0986,6.02,6.36,6.51,6.6475,218699.7,1.18,38.3,10.65,27.31,7.5
2023-06-22,399.6043691251031,400.1460266113281,394.53237883058,400.1460266113281,236297,41261.0,63720.764,0.001,0.024501,0.063,0.055,0.053,0.0297,74.14,74.35,74.24,73.53,1.09575,5.9575,6.37,6.48,6.57,217761.8,1.18,38.2,10.65,27.19,7.47
2023-06-23,398.96423956666445,401.37711309655316,396.7483187434107,400.2445373535156,241006,41261.0,63720.764,0.001,0.024501,0.063,0.055,0.053,0.0297,73.85,74.01,73.94,73.32,1.0891,6.25,6.51,6.63,6.68,217815.3,1.18,38.2,10.65,27.2,7.47
2023-06-26,400.3922606205878,400.3922606205878,395.3202700651591,397.8316650390625,316043,41261.0,63720.764,0.001,0.024501,0.063,0.055,0.053,0.0297,74.18,74.35,74.29,73.67,1.0906,6.3225,6.52,6.61,6.8,216502.2,1.19,37.9,10.65,27.04,7.43
2023-06-27,397.4869550835453,401.6233225461345,396.9452675211239,401.0816650390625,223041,41261.0,63720.764,0.001,0.024501,0.063,0.055,0.053,0.0297,72.26,72.51,72.61,72.33,1.0961,6.5175,6.49,6.57,6.7,218270.9,1.18,38.2,10.65,27.26,7.49
2023-06-28,403.7900210979908,409.0589944575346,403.5930383338517,408.22186279296875,281323,41261.0,63720.764,0.001,0.024501,0.063,0.055,0.053,0.0297,74.03,74.24,74.3,73.93,1.0913,6.7375,6.58,6.65,6.745,222156.6,1.16,38.9,10.65,27.74,7.62
2023-06-29,410.73322278651267,417.577968010715,410.5855007428618,413.3431091308594,315987,41261.0,63720.764,0.001,0.024501,0.063,0.055,0.053,0.0297,74.34,74.51,74.48,74.01,1.0866,6.663,6.66,6.685,6.775,224943.6,1.14,39.4,10.65,28.09,7.72
2023-06-30,413.5893141749543,422.30524518259176,412.80141319919875,420.6310119628906,507481,44814.0,65020.353,0.001,0.024501,0.063,0.055,0.053,0.0297,75.41,75.3,75.12,74.42,1.0912,6.575,6.59,6.65,6.8,228909.8,1.12,40.1,10.65,28.59,7.86
2023-07-03,421.3203937798821,421.36965449726677,415.46053239625667,417.134765625,199243,44814.0,65020.353,0.001,0.024501,0.063,0.055,0.053,0.0297,74.65,74.47,74.21,73.37,1.0912,6.62,6.51,6.565,6.7,227007.1,1.13,39.8,10.65,28.35,7.79
2023-07-04,417.0855455578498,419.05525297488805,416.83933213072004,417.5779724121094,129556,44814.0,65020.353,0.001,0.024501,0.063,0.055,0.053,0.0297,74.65,74.47,74.21,73.37,1.0879,6.43,6.41,6.5,6.65,227248.3,1.13,39.8,10.65,28.38,7.8
2023-07-05,414.0324962090151,417.92268040948375,413.7370521163454,415.4112854003906,292537,44814.0,65020.353,0.001,0.024501,0.063,0.055,0.053,0.0297,76.65,76.41,76.09,75.16,1.0853,6.47,6.45,6.5,6.64,226069.2,1.14,39.6,10.65,28.23,7.76
2023-07-06,414.03248096362273,414.03248096362273,400.49074286680536,401.9187927246094,396571,44814.0,65020.353,0.001,0.024501,0.063,0.055,0.053,0.0297,76.52,76.22,75.84,74.76,1.0889,6.6775,6.64,6.6275,6.73,218726.6,1.18,38.3,10.65,27.31,7.51
2023-07-07,401.32787695348696,402.4604526810588,395.5172462184818,396.55133056640625,314088,44814.0,65020.353,0.001,0.024501,0.063,0.055,0.053,0.0297,78.47,78.08,77.62,76.32,1.0969,6.35,6.3725,6.455,6.6025,215805.4,1.19,37.8,10.65,26.95,7.41
2023-07-10,396.05889908862446,401.03242817679705,394.4338965371815,399.8013610839844,185568,44814.0,65020.353,0.001,0.024501,0.063,0.055,0.053,0.0297,77.69,77.4,77.01,75.86,1.1001,6.59,6.41,6.48,6.6,217574.1,1.18,38.1,10.65,27.17,7.47
2023-07-11,402.16502106655827,406.3506493608789,401.0816759675464,402.8544006347656,201162,44814.0,65020.353,0.001,0.024501,0.063,0.055,0.053,0.0297,79.4,79.07,78.65,77.42,1.1008,6.65,6.38,6.455,6.57,219235.7,1.17,38.4,10.65,27.38,7.52
2023-07-12,404.0362321557809,409.5514189104764,402.2142467919061,407.97564697265625,279475,44814.0,65020.353,0.001,0.024501,0.063,0.055,0.053,0.0297,80.11,79.79,79.39,78.16,1.113,6.5625,6.32,6.31,6.395,222022.6,1.16,38.9,10.65,27.73,7.62
2023-07-13,410.33928411109605,414.13097683036307,409.6006438432654,411.767333984375,241879,44814.0,65020.353,0.001,0.024501,0.063,0.055,0.053,0.0297,81.36,80.99,80.55,79.21,1.1226,6.63,6.34,6.2,6.24,224086.1,1.15,39.3,10.65,27.98,7.69
2023-07-14,410.43777850637446,416.0021958871726,410.43777850637446,415.2143249511719,193179,44814.0,65020.353,0.001,0.024501,0.063,0.055,0.053,0.0297,79.87,79.6,79.21,78.0,1.1229,6.5925,6.3475,6.315,6.375,225962.1,1.14,39.6,10.65,28.22,7.75
2023-07-17,413.146132380893,413.44157647249375,403.54380868431684,407.6802062988281,199336,44814.0,65020.353,0.001,0.024501,0.063,0.053,0.051,0.0318,78.5,78.38,78.1,77.09,1.1236,6.6575,6.3825,6.3425,6.4,221861.8,1.16,38.9,10.65,27.71,7.61
2023-07-18,403.19909289271123,406.055162570017,399.11195610834704,402.1650085449219,222051,44814.0,65020.353,0.001,0.024501,0.063,0.053,0.051,0.0318,79.63,79.5,79.23,78.21,1.1227,6.7,6.37,6.33,6.39,218860.5,1.18,38.3,10.65,27.33,7.51
2023-07-19,403.78999714428164,405.2672776216388,397.7331531981871,400.1460266113281,238050,44814.0,65020.353,0.001,0.024501,0.063,0.053,0.051,0.0318,79.46,79.35,79.11,78.19,1.12,6.69,6.4475,6.37,6.46,217761.8,1.18,38.2,10.65,27.19,7.47
2023-07-20,396.1081670191687,397.78240026267446,391.18389855824097,394.92633056640625,461716,44814.0,65020.353,0.001,0.024501,0.063,0.053,0.051,0.0318,79.64,79.52,79.27,78.35,1.113,6.75,6.6,6.475,6.545,214921.1,1.2,37.7,10.65,26.84,7.38
2023-07-21,397.19146965064994,405.6119864894687,393.6460205136195,404.9225769042969,288667,44814.0,65020.353,0.001,0.024501,0.063,0.053,0.051,0.0318,81.07,80.88,80.54,79.42,1.1125,6.735,6.525,6.4775,6.55,220361.1,1.17,38.6,10.65,27.52,7.56
2023-07-24,402.75591954684126,403.9869866318293,397.58543778989133,401.4263610839844,210888,44814.0,65020.353,0.001,0.024501,0.063,0.053,0.051,0.0318,82.74,82.48,82.07,80.78,1.1064,6.925,6.635,6.59,6.63,218458.6,1.18,38.3,10.65,27.28,7.5
2023-07-25,405.7597217410361,409.0097269075988,400.98317531626714,403.74078369140625,286702,44814.0,65020.353,0.001,0.024501,0.063,0.053,0.051,0.0318,83.64,83.25,82.77,81.36,1.1055,6.9775,6.7175,6.6475,6.7,219718.0,1.17,38.5,10.65,27.44,7.54
2023-07-26,404.08544849753724,405.267284922854,395.4187482297105,400.8846740722656,338555,44814.0,65020.353,0.001,0.024501,0.063,0.053,0.051,0.0318,82.92,82.56,82.14,81.91,1.1085,6.765,6.6675,6.6,6.65,218175.7,1.18,38.2,10.65,27.24,7.49
2023-07-27,403.7407848789853,409.6499070576439,402.31273499700296,406.3998718261719,375624,44814.0,65020.353,0.001,0.024501,0.063,0.053,0.051,0.0318,84.24,83.79,83.31,81.91,1.0975,6.925,6.79,6.7,6.7,221177.1,1.16,37.8,10.91,27.62,7.59
2023-07-28,406.39986528720095,417.2332557737658,400.7369566237693,414.4756774902344,457258,44814.0,65020.353,0.001,0.024501,0.063,0.053,0.051,0.0318,84.99,84.41,83.92,82.49,1.1016,6.673,6.74,6.6,6.745,225572.4,1.14,38.6,10.91,28.17,7.74
2023-07-31,414.3771964975744,419.9908746398241,410.6839951027653,416.79010009765625,359489,44814.0,65020.353,0.001,0.024501,0.063,0.053,0.051,0.0318,85.56,85.43,84.95,83.48,1.0995,6.8,6.68,6.595,6.65,226831.9,1.13,38.8,10.91,28.33,7.78
2023-08-01,418.56280430475005,419.7938713762346,409.0097118078905,409.74835205078125,282641,44814.0,65020.353,0.001,0.024501,0.063,0.053,0.051,0.0318,84.91,84.47,84.02,82.65,1.0984,6.9375,6.78,6.76,6.77,222999.6,1.15,38.1,10.91,27.85,7.65
2023-08-02,403.44531730199986,414.13098609336237,402.1157587790962,407.6802062988281,402215,44814.0,65020.353,0.001,0.024501,0.063,0.053,0.051,0.0318,83.2,82.81,82.41,81.16,1.0938,7.06,6.925,6.85,6.87,221873.9,1.16,38.0,10.91,27.71,7.61
2023-08-03,406.20291432420106,407.18776800901634,401.62332064553055,405.9074401855469,346221,44814.0,65020.353,0.001,0.024501,0.063,0.053,0.051,0.0318,85.14,84.69,84.25,82.91,1.0946,6.98,7.09,6.9125,6.95,220909.1,1.16,37.8,10.91,27.59,7.58
2023-08-04,407.9756423640738,407.9756423640738,401.5248626964497,405.61199951171875,314478,44814.0,65020.353,0.001,0.024501,0.063,0.053,0.051,0.0318,86.24,85.78,85.32,83.93,1.1011,6.455,6.775,6.765,6.8525,220748.4,1.17,37.8,10.91,27.57,7.57
2023-08-07,403.6915139055733,404.13471007985356,398.4225407523858,402.2142333984375,159138,44814.0,65020.353,0.001,0.024501,0.063,0.053,0.051,0.0318,85.34,84.94,84.54,83.33,1.10025,6.55,6.77,6.75,6.84,218899.2,1.18,37.4,10.91,27.33,7.51
2023-08-08,401.278653353619,403.34682208586656,397.5361912485975,399.16119384765625,227851,44814.0,65020.353,0.001,0.024501,0.063,0.053,0.051,0.0318,86.17,85.67,85.24,83.98,1.0955,6.72,6.875,6.86,6.94,217237.7,1.18,37.2,10.91,27.13,7.45
2023-08-09,404.13470679025824,405.070299737286,399.6536045885458,400.6384582519531,143188,44814.0,65020.353,0.001,0.024501,0.063,0.053,0.051,0.0318,87.55,86.92,86.41,84.97,1.0975,6.6475,6.84,6.815,6.95,218041.6,1.18,37.3,10.91,27.23,7.48
2023-08-10,403.5438090349652,413.54006821414504,402.9036601323739,412.752197265625,289368,44814.0,65020.353,0.001,0.024501,0.063,0.053,0.051,0.0318,86.4,85.84,85.38,84.06,1.0981,6.4,6.7725,6.74,6.855,224634.4,1.15,38.4,10.91,28.05,7.71
2023-08-11,410.68400027653087,412.0135588064818,404.43017315813233,406.05517578125,215153,44814.0,65020.353,0.001,0.024501,0.063,0.053,0.051,0.0318,86.81,86.14,85.59,84.16,1.0946,6.425,6.64,6.68,6.795,220989.6,1.16,37.8,10.91,27.6,7.58
2023-08-14,406.30136523873205,409.50213963237604,405.56272499404497,409.2066955566406,154171,44814.0,65020.353,0.001,0.024501,0.063,0.053,0.051,0.0318,86.21,85.51,84.94,83.54,1.0906,6.9275,6.8325,6.77,6.86,222704.8,1.16,38.1,10.91,27.81,7.64
2023-08-15,410.9794448441581,410.9794448441581,398.66877335882685,402.312744140625,217765,44814.0,65020.353,0.001,0.043555,0.049,0.052,0.057,0.0367,84.89,84.28,83.77,82.51,1.0905,6.9125,6.86,6.838,6.91,218952.8,1.18,37.5,10.91,27.34,7.51
2023-08-16,401.77107944207495,407.23700546180453,401.4756052984938,401.5740966796875,242025,44814.0,65020.353,0.001,0.043555,0.049,0.052,0.057,0.0367,83.45,83.02,82.6,81.52,1.0876,7.02,7.02,6.93,6.98,218550.8,1.18,37.4,10.91,27.29,7.5
2023-08-17,399.2104475401396,402.3127306392624,395.61573759812916,396.55133056640625,251859,44814.0,65020.353,0.001,0.043555,0.049,0.052,0.057,0.0367,84.12,83.67,83.24,82.09,1.0873,7.0175,7.1175,7.01,7.1,215817.2,1.19,36.9,10.91,26.95,7.41
2023-08-18,394.7786185465136,395.0740626395304,387.58916837781953,392.16876220703125,465703,44814.0,65020.353,0.001,0.043555,0.049,0.052,0.057,0.0367,84.12,83.67,83.24,82.09,1.0867,6.963,7.09,7.04,7.1,213432.1,1.21,36.5,10.91,26.65,7.32
2023-08-21,391.62706643536023,396.99453110388015,390.6422127387767,391.9717712402344,189384,44814.0,65020.353,0.001,0.043555,0.049,0.052,0.057,0.0367,84.46,84.09,83.7,82.62,1.0893,7.0,6.925,6.94,7.065,213324.9,1.21,36.5,10.91,26.64,7.32
2023-08-22,393.646042549884,396.00968545867033,390.2975158691406,390.2975158691406,246063,44814.0,65020.353,0.001,0.043555,0.049,0.052,0.057,0.0367,84.03,83.69,83.35,82.33,1.0846,7.16,7.01,7.015,7.09,212413.8,1.21,36.3,10.91,26.53,7.29
2023-08-23,392.95661978990097,397.78239682888255,392.4149622860145,395.2217712402344,197530,44814.0,65020.353,0.001,0.043555,0.049,0.052,0.057,0.0367,83.21,82.84,82.55,81.57,1.0861,7.2375,7.08,7.06,7.165,215093.7,1.2,36.8,10.91,26.86,7.38
2023-08-24,398.81652698261365,401.77108815036627,393.35057078906107,394.28619384765625,219191,44814.0,65020.353,0.001,0.043555,0.049,0.052,0.057,0.0367,83.36,82.92,82.57,81.48,1.0811,7.15,7.175,7.15,7.25,214584.6,1.2,36.7,10.91,26.8,7.36
2023-08-25,393.94148743940764,398.8165253686104,393.20284715045875,395.3695373535156,170673,44814.0,65020.353,0.001,0.043555,0.049,0.052,0.057,0.0367,84.48,83.95,83.56,82.35,1.0802,7.18,7.1125,7.125,7.225,215174.0,1.2,36.8,10.91,26.87,7.38
2023-08-28,397.3392197242276,400.63845542911724,395.8126785234929,399.0627136230469,187706,44814.0,65020.353,0.001,0.043555,0.049,0.052,0.057,0.0367,84.48,83.95,83.56,82.35,1.0819,7.04,7.03,7.05,7.21,217184.0,1.18,37.2,10.91,27.12,7.45
2023-08-29,400.1953025522046,403.79001250612833,398.8657440609316,402.952880859375,209498,44814.0,65020.353,0.001,0.043555,0.049,0.052,0.057,0.0367,83.36,82.92,82.57,81.48,1.0879,6.895,6.8525,6.913,7.078,219301.2,1.17,37.5,10.91,27.39,7.52
2023-08-30,403.78999739324377,405.1195558347546,398.61951571930587,403.88848876953125,175016,44814.0,65020.353,0.001,0.043555,0.049,0.052,0.057,0.0367,85.86,85.24,84.75,83.3,1.0926,6.81,6.6975,6.745,6.89,219810.4,1.17,37.6,10.91,27.45,7.54
2023-08-31,404.3809413530587,404.8733682105136,399.5551641610704,399.65362548828125,455701,44814.0,65020.353,0.001,0.043555,0.049,0.052,0.057,0.0367,86.86,86.83,86.23,84.52,1.0843,6.9275,6.92,6.895,7.0,217505.6,1.18,37.2,10.91,27.16,7.46
2023-09-01,397.8808772131457,402.7559148348026,396.20661397501044,399.0627136230469,188875,44814.0,65020.353,0.001,0.043555,0.049,0.052,0.057,0.0367,88.55,87.8,87.1,85.28,1.0775,6.84,6.88,6.88,6.96,217184.0,1.18,37.2,10.91,27.12,7.45
2023-09-04,404.77485180077406,405.16878725131096,398.4717944261382,399.6043701171875,132023,44814.0,65020.353,0.001,0.043555,0.049,0.052,0.057,0.0367,88.55,87.8,87.1,85.28,1.0796,6.79,6.76,6.77,6.89,217478.9,1.18,37.2,10.91,27.16,7.46
2023-09-05,395.9603996859405,399.2596654388882,390.5929653032583,397.733154296875,246727,44814.0,65020.353,0.001,0.043555,0.049,0.052,0.057,0.0367,90.04,89.35,88.59,86.51,1.0722,7.1475,6.963,7.0,7.1,216460.5,1.19,37.0,10.91,27.03,7.43
2023-09-06,395.81270292742255,397.09303079297916,391.4301219191391,392.16876220703125,274753,44814.0,65020.353,0.001,0.043555,0.049,0.052,0.057,0.0367,90.6,89.86,89.05,86.83,1.07275,7.22,7.04,6.99,7.07,213432.1,1.21,36.5,10.91,26.65,7.32
2023-09-07,390.39598481864306,395.2710224578538,386.45657017858537,392.3656921386719,322334,44814.0,65020.353,0.001,0.043555,0.049,0.052,0.057,0.0367,89.92,89.25,88.49,86.4,1.0701,7.06,7.06,7.05,7.13,213539.3,1.2,36.5,10.91,26.67,7.33
2023-09-08,394.5323957416425,398.76725460278146,390.839194389946,398.1271057128906,279290,44814.0,65020.353,0.001,0.043555,0.049,0.052,0.057,0.0367,89.92,89.25,88.49,86.4,1.07005,6.7875,6.8975,6.945,7.06,216674.9,1.19,37.1,10.91,27.06,7.43
2023-09-11,399.16119942716495,402.8051702017413,397.5361968053918,400.9831848144531,281110,44814.0,65020.353,0.001,0.043555,0.049,0.052,0.057,0.0367,90.64,90.04,89.32,87.17,1.075,6.86,6.83,6.84,6.965,218229.1,1.18,37.3,10.91,27.25,7.49
2023-09-12,394.9263271572689,399.5058907753295,394.2369175565504,395.2217712402344,317656,44814.0,65020.353,0.001,0.043555,0.049,0.052,0.057,0.0367,92.06,91.33,90.51,88.12,1.0754,6.915,6.8225,6.807,6.953,215093.7,1.2,36.8,10.91,26.86,7.38
2023-09-13,390.83919071573644,394.82783611593237,388.42628716650484,391.4793395996094,332411,44814.0,65020.353,0.001,0.043555,0.049,0.052,0.057,0.0367,91.88,91.2,90.39,88.02,1.0729,6.925,6.78,6.79,6.95,213056.9,1.21,36.4,10.91,26.61,7.31
2023-09-14,393.39982889389705,396.79755618102126,382.66489934479233,395.91119384765625,526549,44814.0,65020.353,0.001,0.043555,0.049,0.052,0.057,0.0367,93.7,92.94,92.07,89.44,1.0643,6.65,6.985,6.86,6.955,215468.9,1.19,36.9,10.91,26.91,7.39
2023-09-15,401.8203011861662,406.9415523410707,401.278643684648,403.7900085449219,874929,44814.0,65020.353,0.001,0.043555,0.049,0.043,0.057,0.03700000000000001,93.93,93.04,92.05,89.21,1.0657,6.52,6.88,6.82,6.925,219756.8,1.17,37.6,10.91,27.44,7.54
2023-09-18,401.13088037026756,404.0362106653202,396.3543642031463,398.2748107910156,279965,44814.0,65020.353,0.001,0.043555,0.049,0.043,0.057,0.03700000000000001,94.43,93.29,92.1,89.07,1.0692,6.65,6.85,6.8,6.95,216755.2,1.19,37.1,10.91,27.07,7.44
2023-09-19,396.25590129282466,399.50590655521233,392.26722568314835,394.28619384765625,296886,44814.0,65020.353,0.001,0.043555,0.049,0.043,0.057,0.03700000000000001,94.34,93.14,91.88,88.86,1.0679,6.5425,6.7725,6.725,6.95,214584.6,1.2,36.7,10.91,26.8,7.36
2023-09-20,396.10816186791425,404.5778794662845,394.8770947686919,403.7900085449219,336553,44814.0,65020.353,0.001,0.043555,0.049,0.043,0.057,0.03700000000000001,94.34,93.14,91.88,88.86,1.0661,6.58,6.82,6.78,7.005,219756.8,1.17,37.6,10.91,27.44,7.54
2023-09-21,397.9793767778726,398.32408157579806,392.7104035962945,393.6460266113281,392573,44814.0,65020.353,0.001,0.043555,0.049,0.043,0.057,0.03700000000000001,93.3,92.26,91.09,88.2,1.066,6.463,6.8975,6.87,7.0,214236.1,1.2,36.6,10.91,26.75,7.35
2023-09-22,387.93385641107824,393.6952564185166,386.11187110201155,392.31646728515625,378263,44814.0,65020.353,0.001,0.043555,0.049,0.043,0.057,0.03700000000000001,93.27,91.96,90.58,87.36,1.0654,6.1475,6.675,6.75,6.95,213512.5,1.2,36.5,10.91,26.66,7.33
2023-09-25,390.93768559817323,392.562688181134,381.9755109776011,385.5702209472656,372206,44814.0,65020.353,0.001,0.043555,0.049,0.043,0.057,0.03700000000000001,93.29,91.88,90.47,87.2,1.0592,6.685,6.96,6.92,7.06,209840.9,1.23,35.9,10.91,26.2,7.2
2023-09-26,382.12321936166563,385.5702071651858,380.0057900077158,381.6800231933594,476929,44814.0,65020.353,0.001,0.043555,0.049,0.043,0.057,0.03700000000000001,93.96,92.43,90.9,87.49,1.0572,7.155,7.155,7.125,7.2225,207723.8,1.24,35.5,10.91,25.94,7.13
2023-09-27,382.27094581298485,387.3921969166266,380.25200781260907,380.8429260253906,345453,44814.0,65020.353,0.001,0.043555,0.049,0.043,0.057,0.03700000000000001,96.55,94.36,92.41,88.54,1.0502,7.2825,7.307,7.25,7.385,207268.1,1.24,35.5,10.91,25.88,7.11
2023-09-28,381.6307885076255,385.91490788645814,379.80880324819685,384.38836669921875,299325,44814.0,65020.353,0.001,0.043555,0.049,0.043,0.057,0.03700000000000001,95.38,93.1,91.18,87.48,1.0561,7.1075,7.27,7.3,7.35,209197.8,1.23,35.8,10.91,26.12,7.18
2023-09-29,389.46039708302493,393.05510697907926,387.2444763183594,387.2444763183594,350732,44814.0,65020.353,0.001,0.043555,0.049,0.043,0.057,0.03700000000000001,92.2,90.36,88.82,85.98,1.0572,6.81,7.077,7.1,7.29,210752.1,1.22,36.1,10.91,26.32,7.23
2023-10-02,388.77099230650094,392.0209974461382,385.37323506977623,387.7369079589844,244420,44814.0,65020.353,0.001,0.043555,0.049,0.043,0.057,0.03700000000000001,90.71,89.06,87.74,85.43,1.0478,7.45,7.25,7.335,7.445,211020.1,1.22,36.1,10.91,26.35,7.24
2023-10-03,388.2293291301059,390.3467585116848,384.28991444610824,385.9149169921875,275213,44814.0,65020.353,0.001,0.043555,0.049,0.043,0.057,0.03700000000000001,90.92,89.19,87.83,85.45,1.0467,7.7525,7.53,7.57,7.635,210028.6,1.22,35.9,10.91,26.23,7.21
2023-10-04,384.6345969052621,388.5740116683132,383.1080857067195,386.11187744140625,294094,44814.0,65020.353,0.001,0.043555,0.049,0.043,0.057,0.03700000000000001,85.81,84.19,82.97,80.91,1.0505,7.7,7.52,7.57,7.6325,210135.8,1.22,35.9,10.91,26.24,7.21
2023-10-05,387.14597925432435,388.7217511193478,384.6838451075217,385.4224853515625,222606,44814.0,65020.353,0.001,0.043555,0.049,0.043,0.057,0.03700000000000001,84.07,82.64,81.69,79.9,1.055,7.6175,7.4375,7.51,7.65,209760.6,1.23,35.9,10.91,26.19,7.2
2023-10-06,385.66871397488796,389.36191534073146,382.911105588515,388.2293395996094,273660,44814.0,65020.353,0.001,0.043555,0.049,0.043,0.057,0.03700000000000001,84.58,83.13,82.16,80.28,1.05875,7.31,7.22,7.34,7.52,211288.1,1.22,36.1,10.91,26.38,7.25
2023-10-09,383.9451997939516,384.43762661681023,378.92244018972383,381.1875915527344,346160,44814.0,65020.353,0.001,0.043555,0.049,0.043,0.057,0.03700000000000001,88.15,86.5,85.33,83.02,1.0567,7.66,7.488,7.545,7.655,207455.8,1.24,35.5,10.91,25.91,7.12
2023-10-10,384.53613550097947,392.80890049060685,384.53613550097947,391.7255554199219,311697,44814.0,65020.353,0.001,0.043555,0.049,0.043,0.057,0.03700000000000001,87.65,86.23,85.15,83.09,1.0605,7.5225,7.3,7.42,7.52,213190.9,1.21,36.5,10.91,26.62,7.32
2023-10-11,380.1535095754288,391.9225227359784,379.5133607128611,390.7899169921875,399308,44814.0,65020.353,0.001,0.043555,0.049,0.043,0.057,0.03700000000000001,85.82,84.69,83.87,82.27,1.0619,7.3325,7.1975,7.3,7.4,212683.6,1.21,36.4,10.91,26.56,7.3
2023-10-12,393.8429778954874,394.58161815037596,385.3732302950293,387.2444763183594,271454,44814.0,65020.353,0.001,0.043555,0.049,0.043,0.057,0.03700000000000001,86.0,84.81,83.95,82.32,1.0528,7.325,7.27,7.38,7.47,210754.0,1.22,36.1,10.91,26.32,7.23
2023-10-13,385.0778016965917,385.9641640270228,377.74062951424804,378.823974609375,503840,44814.0,65020.353,0.001,0.043555,0.049,0.043,0.057,0.03700000000000001,90.89,89.34,88.24,86.0,1.0511,7.7525,7.58,7.67,7.735,206171.2,1.25,35.3,10.91,25.75,7.07
2023-10-16,381.18759495311775,382.7633668113917,377.10045829800134,380.89215087890625,268994,44814.0,65020.353,0.001,0.043555,0.049,0.029,0.045,0.03240000000000001,89.65,88.27,87.24,85.2,1.056,7.55,7.385,7.49,7.59,207296.9,1.24,35.5,10.91,25.89,7.11
2023-10-17,380.15352894360734,382.1232363474602,377.88837745131644,381.5323181152344,236666,44814.0,65020.353,0.001,0.043555,0.049,0.029,0.045,0.03240000000000001,89.9,88.56,87.55,85.53,1.0577,7.43,7.305,7.475,7.59,207645.2,1.24,35.5,10.91,25.93,7.12
2023-10-18,381.8770184836468,384.19143066734483,376.6573059462422,377.2974548339844,417185,44814.0,65020.353,0.001,0.043555,0.049,0.029,0.045,0.03240000000000001,91.5,90.22,89.17,86.93,1.0537,7.57,7.425,7.6,7.7,205340.5,1.25,35.1,10.91,25.64,7.05
2023-10-19,375.4754567601017,381.92623619180796,372.27468237460573,380.3504943847656,329866,44814.0,65020.353,0.001,0.043555,0.049,0.029,0.045,0.03240000000000001,92.38,91.01,89.85,87.38,1.0581,7.575,7.52,7.65,7.76,207002.0,1.24,35.4,10.91,25.85,7.1
2023-10-20,367.54739437236117,379.5133602143333,366.36555796967457,374.4906005859375,608852,44814.0,65020.353,0.001,0.043555,0.049,0.029,0.045,0.03240000000000001,92.16,90.89,89.77,87.23,1.0594,7.625,7.505,7.635,7.75,203812.8,1.26,34.9,10.91,25.45,6.99
2023-10-23,377.29746022898416,381.0398922841819,374.884556630666,380.99066162109375,326156,44814.0,65020.353,0.001,0.043555,0.049,0.029,0.045,0.03240000000000001,89.83,88.69,87.75,85.63,1.067,7.29,7.175,7.425,7.5525,207350.4,1.24,35.5,10.91,25.89,7.11
2023-10-24,382.86185582725057,389.263404542047,382.22170696684054,388.1308288574219,340150,44814.0,65020.353,0.001,0.043555,0.049,0.029,0.045,0.03240000000000001,88.07,87.16,86.37,84.59,1.059,7.2675,7.193,7.385,7.51,211236.4,1.22,36.1,10.91,26.38,7.25
2023-10-25,386.4073413564329,394.82782816748534,384.0929292333162,393.1535949707031,288025,44814.0,65020.353,0.001,0.043555,0.049,0.029,0.045,0.03240000000000001,90.13,89.12,88.27,86.31,1.0565,7.275,7.27,7.375,7.558,213970.0,1.2,36.6,10.91,26.72,7.34
2023-10-26,387.83536983260404,392.41496352041975,386.16113659828426,387.1952209472656,270980,44814.0,65020.353,0.001,0.043555,0.049,0.029,0.045,0.03240000000000001,87.93,87.05,86.33,84.64,1.0562,6.89,7.21,7.35,7.505,210727.2,1.22,36.0,10.91,26.31,7.23
2023-10-27,385.964140963404,387.3921907837393,382.7633665881373,384.63458251953125,223229,44814.0,65020.353,0.001,0.043555,0.049,0.029,0.045,0.03240000000000001,90.48,89.2,88.33,86.32,1.05655,6.75,7.04,7.29,7.47,209333.7,1.23,35.8,10.91,26.14,7.18
2023-10-30,385.17628446839126,387.3922052726075,382.86187228402883,386.11187744140625,228943,44814.0,65020.353,0.001,0.043555,0.049,0.029,0.045,0.03240000000000001,87.45,86.35,85.62,83.87,1.0615,6.6375,6.88,7.11,7.365,210137.6,1.22,35.9,10.91,26.24,7.21
2023-10-31,387.0474971849335,393.59676816185294,386.50583968175073,390.1497802734375,330802,44814.0,65020.353,0.001,0.043555,0.049,0.029,0.045,0.03240000000000001,87.41,85.02,84.45,82.97,1.0578,6.83,6.98,7.14,7.337,212335.2,1.21,36.3,10.91,26.52,7.29
2023-11-01,392.2672057110178,392.7596325472382,383.8959494952713,390.9869079589844,352867,44814.0,65020.353,0.001,0.043555,0.049,0.029,0.045,0.03240000000000001,84.63,84.05,83.52,82.22,1.057,6.577,6.96,7.1,7.34,212790.8,1.21,36.4,10.91,26.57,7.3
2023-11-02,393.5967632085339,400.2445254811032,392.1194827035185,397.1422424316406,305671,44814.0,65020.353,0.001,0.043555,0.049,0.029,0.045,0.03240000000000001,86.85,86.25,85.69,84.26,1.0622,6.4675,6.8975,6.99,7.12,216140.8,1.19,37.0,10.91,26.99,7.42
2023-11-03,398.0778760669004,400.7369630137026,394.92633221659815,397.58544921875,255656,44814.0,65020.353,0.001,0.043555,0.049,0.029,0.045,0.03240000000000001,84.89,84.4,83.93,82.69,1.0731,6.36,6.675,6.825,6.94,216381.9,1.19,37.0,10.91,27.02,7.42
2023-11-06,397.97938524196337,398.9149782215458,394.77861072451617,397.04376220703125,213445,44814.0,65020.353,0.001,0.043555,0.049,0.029,0.045,0.03240000000000001,85.18,84.79,84.41,83.33,1.0717,6.37,6.62,6.7,6.89,216087.1,1.19,37.0,10.91,26.98,7.41
2023-11-07,394.77859658523676,399.4566514816501,393.7937429228339,399.3089294433594,222053,44814.0,65020.353,0.001,0.043555,0.049,0.029,0.045,0.03240000000000001,81.61,81.31,81.03,80.19,1.07,6.465,6.6775,6.7175,6.93,217319.9,1.18,37.2,10.91,27.14,7.46
2023-11-08,399.8505914658324,411.76732692699227,399.1611818722,409.157470703125,528870,44814.0,65020.353,0.001,0.043555,0.049,0.029,0.045,0.03240000000000001,79.54,79.41,79.21,78.52,1.07075,6.415,6.67,6.69,6.9,222679.9,1.16,38.1,10.91,27.81,7.64
2023-11-09,408.714271854956,413.293835395996,406.30136834837157,412.6536865234375,290734,44814.0,65020.353,0.001,0.043555,0.049,0.029,0.045,0.03240000000000001,80.01,79.84,79.62,78.92,1.0668,6.38,6.675,6.723,6.855,224582.8,1.15,38.4,10.91,28.04,7.71
2023-11-10,410.2900591886405,410.6347639961871,405.71049547509284,407.97564697265625,328075,44814.0,65020.353,0.001,0.043555,0.049,0.029,0.045,0.03240000000000001,81.43,81.13,80.84,80.06,1.0683,6.31,6.4975,6.64,6.89,222036.8,1.16,38.0,10.91,27.73,7.62
2023-11-13,408.51728991038533,409.4036822568323,405.1195627852841,408.36956787109375,369666,44814.0,65020.353,0.001,0.043555,0.049,0.029,0.045,0.03240000000000001,82.52,82.19,81.88,81.09,1.0699,6.33,6.46,6.545,6.875,222251.1,1.16,38.0,10.91,27.75,7.63
2023-11-14,409.30520103571286,420.4832964681728,409.1082182748701,418.16888427734375,441537,44814.0,65020.353,0.001,0.043555,0.049,0.029,0.045,0.03240000000000001,82.47,82.21,81.93,81.11,1.08795,6.62,6.33,6.37,6.7,227584.4,1.13,38.9,10.91,28.42,7.81
2023-11-15,418.5628067101237,422.6499433998705,417.4794616699219,417.4794616699219,291497,44814.0,65020.353,0.001,0.031922,0.052,0.024,0.039,0.0314,81.18,81.05,80.88,80.29,1.0848,6.52,6.213,6.275,6.64,227209.1,1.13,38.9,10.91,28.37,7.8
2023-11-16,418.6120586006099,419.6461730322528,414.3771996577392,414.6234130859375,310737,44814.0,65020.353,0.001,0.031922,0.052,0.024,0.039,0.0314,77.42,77.51,77.5,77.2,1.0852,6.3325,6.213,6.3,6.64,225654.8,1.14,38.6,10.91,28.18,7.74
2023-11-17,416.14989788640224,418.41507931516117,415.0665829154178,417.5287170410156,397790,44814.0,65020.353,0.001,0.031922,0.052,0.024,0.039,0.0314,80.61,80.5,80.35,79.86,1.0909,6.28,6.16,6.33,6.65,227235.9,1.13,38.9,10.91,28.38,7.8
2023-11-20,416.3468836867463,419.0552312447322,414.82037253983907,415.3620300292969,269285,44814.0,65020.353,0.001,0.031922,0.052,0.024,0.039,0.0314,82.32,82.34,82.2,81.59,1.094,6.425,6.125,6.2,6.51,226056.8,1.14,38.7,10.91,28.23,7.76
2023-11-21,414.3771952814582,419.2029724121094,414.3771952814582,419.2029724121094,200719,44814.0,65020.353,0.001,0.031922,0.052,0.024,0.039,0.0314,82.45,82.48,82.33,81.69,1.0911,6.5525,6.175,6.2425,6.54,228147.1,1.13,39.0,10.91,28.49,7.83
2023-11-22,418.5628010427899,424.66890569190633,417.8733914659919,423.1423645019531,245171,44814.0,65020.353,0.001,0.031922,0.052,0.024,0.039,0.0314,81.96,81.88,81.7,81.04,1.0889,6.693,6.2875,6.32,6.59,230291.1,1.12,39.4,10.91,28.76,7.9
2023-11-23,423.33936182463117,425.2105778120393,422.0098033409585,422.7484436035156,136751,44814.0,65020.353,0.001,0.031922,0.052,0.024,0.039,0.0314,81.96,81.88,81.7,81.04,1.09055,6.64,6.2475,6.3,6.555,230076.7,1.12,39.4,10.91,28.73,7.89
2023-11-24,422.40373570773505,424.9151306152344,421.862078207969,424.9151306152344,217147,44814.0,65020.353,0.001,0.031922,0.052,0.024,0.039,0.0314,81.96,81.88,81.7,81.04,1.0941,6.37,6.13,6.2675,6.51,231255.9,1.11,39.6,10.91,28.88,7.94
2023-11-27,424.76739287220414,428.41136361938254,424.3734573994862,426.3924255371094,213153,44814.0,65020.353,0.001,0.031922,0.052,0.024,0.039,0.0314,79.98,79.87,79.73,79.22,1.0954,6.198,6.09,6.2,6.51,232059.9,1.11,39.7,10.91,28.98,7.96
2023-11-28,424.96435405973057,424.96435405973057,418.1196091043,424.1764831542969,251664,44814.0,65020.353,0.001,0.031922,0.052,0.024,0.039,0.0314,81.68,81.47,81.23,80.54,1.0992,6.338,6.14,6.2,6.51,230853.9,1.11,39.5,10.91,28.83,7.92
2023-11-29,425.30908203125,428.21438245180747,423.73331007915345,425.30908203125,267351,44814.0,65020.353,0.001,0.031922,0.052,0.024,0.039,0.0314,83.1,82.88,82.58,81.74,1.097,6.47,6.25,6.28,6.55,231470.4,1.11,39.6,10.91,28.9,7.94
2023-11-30,425.30908019954876,426.6386387176338,420.5817643636186,424.52117919921875,955323,44814.0,65020.353,0.001,0.031922,0.052,0.024,0.039,0.0314,82.83,80.86,80.58,79.71,1.0887,6.41,6.34,6.35,6.595,231041.5,1.11,39.5,10.91,28.85,7.93
2023-12-01,427.8204209019711,430.18406365837683,427.08178066213503,429.5439147949219,261151,44814.0,65020.353,0.001,0.031922,0.052,0.024,0.039,0.0314,78.88,78.77,78.61,78.04,1.0883,6.463,6.4175,6.39,6.64,233775.1,1.1,40.0,10.91,29.19,8.02
2023-12-04,428.3128549165738,431.46439868157023,428.16513287719715,430.2825622558594,159599,44814.0,65020.353,0.001,0.031922,0.052,0.024,0.039,0.0314,78.03,78.07,78.05,77.8,1.08365,6.782,6.565,6.51,6.8,234177.1,1.1,40.1,10.91,29.24,8.04
2023-12-05,431.5136445658181,433.53261269302004,430.92272633211627,433.08941650390625,247347,44814.0,65020.353,0.001,0.031922,0.052,0.024,0.039,0.0314,77.2,77.17,77.08,76.75,1.0796,6.938,6.748,6.6975,6.9,235704.7,1.09,40.3,10.91,29.43,8.09
2023-12-06,432.84320048783877,435.7485309205341,432.49849568229615,434.71441650390625,262066,44814.0,65020.353,0.001,0.031922,0.052,0.024,0.039,0.0314,74.3,74.45,74.49,74.46,1.0764,6.81,6.73,6.72,6.8975,236589.0,1.09,40.5,10.91,29.54,8.12
2023-12-07,432.8924241465636,433.87727782912236,431.1196995400975,432.10455322265625,272546,44814.0,65020.353,0.001,0.031922,0.052,0.024,0.039,0.0314,74.05,74.24,74.33,74.36,1.0794,7.0525,6.86,6.86,7.01,235168.7,1.09,40.2,10.91,29.37,8.07
2023-12-08,431.4644107701962,437.12731952930363,431.4644107701962,435.256103515625,257093,44814.0,65020.353,0.001,0.031922,0.052,0.024,0.039,0.0314,75.84,76.0,76.03,75.87,1.0763,6.67,6.7375,6.675,6.94,236883.9,1.09,40.5,10.91,29.58,8.13
2023-12-11,434.6159243758866,437.816698890488,433.72956205983616,437.1273193359375,289238,44814.0,65020.353,0.001,0.031922,0.052,0.024,0.039,0.0314,76.03,76.25,76.35,76.33,1.0763,6.8925,6.69,6.69,6.915,237902.3,1.08,40.7,10.91,29.71,8.16
2023-12-12,437.17654603797234,440.86974736751483,436.93033261600283,437.9644470214844,277227,44814.0,65020.353,0.001,0.031922,0.052,0.024,0.039,0.0314,73.24,73.52,73.7,73.96,1.0794,6.52,6.56,6.6,6.895,237792.3,1.08,40.8,10.91,29.76,8.18
2023-12-13,439.2939826605601,443.1349361505581,438.6538337640104,438.7030944824219,290507,44814.0,65020.353,0.001,0.031922,0.052,0.024,0.039,0.0314,74.26,74.51,74.71,75.0,1.0875,6.17,6.38,6.5,6.8,238193.4,1.08,40.8,10.91,29.81,8.19
2023-12-14,445.991005619856,448.35464849707375,434.5666966487288,436.83184814453125,457386,44814.0,65020.353,0.001,0.031922,0.052,0.024,0.039,0.0314,76.61,76.85,77.01,77.09,1.0993,6.17,6.42,6.45,6.65,237177.4,1.08,40.7,10.91,29.69,8.16
2023-12-15,437.1273205153771,440.96824393219225,431.9568385932241,439.7864074707031,629804,44814.0,65020.353,0.001,0.031922,0.052,0.029,0.04099999999999999,0.0335,76.61,76.85,77.01,77.09,1.08955,6.0,6.3875,6.46,6.71,238781.6,1.07,40.9,10.91,29.89,8.21
2023-12-18,438.21065633075636,440.67279052734375,435.10834319877705,440.67279052734375,277973,44814.0,65020.353,0.001,0.031922,0.052,0.029,0.04099999999999999,0.0335,77.95,78.11,78.21,78.19,1.0924,5.95,6.275,6.45,6.72,239262.8,1.07,41.0,10.91,29.95,8.23
2023-12-19,440.1310978972385,453.0326869497019,427.52498297816885,443.92279052734375,316837,44814.0,65020.353,0.001,0.031922,0.052,0.029,0.04099999999999999,0.0335,79.23,79.37,79.41,79.27,1.0982,5.838,6.275,6.415,6.715,241027.4,1.06,41.3,10.91,30.17,8.29
2023-12-20,444.1690201034928,446.3849409354947,442.24854336028454,442.4455261230469,234275,44814.0,65020.353,0.001,0.031922,0.052,0.029,0.04099999999999999,0.0335,79.7,79.66,79.59,79.26,1.094,5.85,6.325,6.46,6.73,240225.4,1.07,41.2,10.91,30.07,8.26
2023-12-21,441.7561127371478,443.7750808444999,440.3773235756328,441.41143798828125,174470,44814.0,65020.353,0.001,0.031922,0.052,0.029,0.04099999999999999,0.0335,79.39,79.16,79.0,78.62,1.101,6.23,6.468,6.52,6.75,239663.9,1.07,41.1,10.91,30.0,8.24
2023-12-22,438.94928502119734,442.69171687923847,438.1121534053505,440.771240234375,172262,44814.0,65020.353,0.001,0.031922,0.052,0.029,0.04099999999999999,0.0335,79.07,78.8,78.64,78.12,1.1012,6.37,6.488,6.5,6.75,239316.4,1.07,41.0,10.91,29.96,8.23
2023-12-27,442.69174057107523,443.23339808689764,439.2447526022237,441.90386962890625,128642,44814.0,65020.353,0.001,0.031922,0.052,0.029,0.04099999999999999,0.0335,79.65,79.54,79.41,78.87,1.1105,6.62,6.61,6.55,6.71,239931.3,1.07,41.1,10.91,30.03,8.25
2023-12-28,444.1690029441045,445.4000700254351,442.54400040781775,444.4644470214844,165203,44814.0,65020.353,0.001,0.031922,0.052,0.029,0.04099999999999999,0.0335,78.39,77.15,77.04,76.64,1.1061,6.79,6.7,6.6,6.71,241321.6,1.06,41.4,10.91,30.21,8.3
2023-12-29,444.21824576847695,446.63114933609285,443.23339207644585,443.8243103027344,137134,44814.0,65020.353,0.001,0.031922,0.052,0.029,0.04099999999999999,0.0335,76.91,76.79,76.64,75.87,1.1037,6.88,6.61,6.55,6.65,240973.9,1.07,41.3,10.91,30.16,8.29
2024-01-02,446.18796077169276,447.1728144805413,433.3356318933593,437.07806396484375,239201,44814.0,65020.353,0.001,0.031922,0.052,0.029,0.04099999999999999,0.0335,75.89,75.86,75.82,75.34,1.0949,7.28,6.79,6.69,6.81,237311.1,1.08,40.7,10.91,29.7,8.16
2024-01-03,437.1765378007817,439.68793269076104,430.03634869820024,432.1537780761719,280587,44814.0,65020.353,0.001,0.031922,0.052,0.029,0.04099999999999999,0.0335,78.25,78.14,78.04,77.44,1.09215,7.3425,6.875,6.765,6.85,234637.5,1.09,40.2,10.91,29.37,8.07
2024-01-04,429.88863739207466,431.907575442452,428.8545530356081,430.72576904296875,277913,44814.0,65020.353,0.001,0.031922,0.052,0.029,0.04099999999999999,0.0335,77.59,77.41,77.26,76.6,1.0945,7.1275,6.74,6.67,6.79,233862.1,1.1,40.1,10.91,29.27,8.04
2024-01-05,426.7370759817714,429.05148807825344,422.6992000472454,427.6726989746094,195961,44814.0,65020.353,0.001,0.031922,0.052,0.029,0.04099999999999999,0.0335,78.76,78.54,78.35,77.55,1.0942,6.775,6.675,6.652,6.785,232204.4,1.11,39.8,10.91,29.07,7.99
2024-01-08,426.04771244930777,434.02503335207837,425.7522383089981,431.8091125488281,190182,44814.0,65020.353,0.001,0.031922,0.052,0.029,0.04099999999999999,0.0335,76.12,75.91,75.75,75.12,1.0951,6.82,6.56,6.5275,6.7175,234450.3,1.09,40.2,10.91,29.35,8.06
2024-01-09,431.5136213553763,433.8280334472656,427.9189115387898,433.8280334472656,183083,44814.0,65020.353,0.001,0.031922,0.052,0.029,0.04099999999999999,0.0335,77.59,77.26,77.03,76.23,1.09315,6.69,6.493,6.51,6.755,235546.5,1.09,40.4,10.91,29.48,8.1
2024-01-10,435.6992752167354,435.6992752167354,432.05533452358264,433.33563232421875,195251,44814.0,65020.353,0.001,0.031922,0.052,0.029,0.04099999999999999,0.0335,76.8,76.45,76.23,75.51,1.0973,6.675,6.5,6.5,6.71,235279.1,1.09,40.3,10.91,29.45,8.09
2024-01-11,434.0742564735974,437.7182270866668,433.08940280037314,434.8128967285156,218560,44814.0,65020.353,0.001,0.031922,0.052,0.029,0.04099999999999999,0.0335,77.41,77.11,76.92,76.23,1.0972,6.34,6.3975,6.39,6.62,236081.3,1.09,40.5,10.91,29.55,8.12
2024-01-12,434.8621462935198,440.18038040439393,432.79397753412456,438.6538391113281,222113,44814.0,65020.353,0.001,0.031922,0.052,0.029,0.04099999999999999,0.0335,78.29,77.97,77.77,77.04,1.0951,6.285,6.4,6.4,6.7,238166.6,1.08,40.8,10.91,29.81,8.19
2024-01-15,431.36590129081725,431.56288404413965,417.7749328613281,417.7749328613281,304876,44814.0,65020.353,0.001,0.031922,0.052,0.028,0.034,0.0309,78.29,77.97,77.77,77.04,1.095,6.3,6.26,6.28,6.65,226830.4,1.13,38.9,10.91,28.39,7.8
2024-01-16,415.65749701926745,419.99087739521957,414.22947717044923,418.3658447265625,265251,44814.0,65020.353,0.001,0.031922,0.052,0.028,0.034,0.0309,78.29,77.87,77.61,76.79,1.0876,6.675,6.5025,6.52,6.82,227151.4,1.13,38.9,10.91,28.43,7.81
2024-01-17,412.3582599921716,417.43025058259593,410.683996664684,415.7067565917969,336783,44814.0,65020.353,0.001,0.031922,0.052,0.028,0.034,0.0309,77.88,77.49,77.26,76.49,1.0883,6.625,6.5325,6.55,6.89,225707.6,1.14,38.7,10.91,28.25,7.76
2024-01-18,414.8696215813261,420.53253036255484,413.8847678802428,419.7446594238281,272222,44814.0,65020.353,0.001,0.031922,0.052,0.028,0.034,0.0309,79.1,78.65,78.39,77.53,1.0876,6.275,6.48,6.54,6.88,227899.9,1.13,39.1,10.91,28.53,7.84
2024-01-19,422.30525500236485,422.99466461526305,417.7256913033976,419.7446594238281,227092,44814.0,65020.353,0.001,0.031922,0.052,0.028,0.034,0.0309,78.56,78.08,77.79,76.92,1.0898,5.96,6.265,6.43,6.84,227899.9,1.13,39.1,10.91,28.53,7.84
2024-01-22,422.9946442099443,423.2900882838771,417.2825050413556,418.31658935546875,239975,44814.0,65020.353,0.001,0.031922,0.052,0.028,0.034,0.0309,80.06,79.6,79.32,78.44,1.0883,6.175,6.285,6.43,6.8525,227124.6,1.13,38.9,10.91,28.43,7.81
2024-01-23,420.7295097049505,421.07418445324805,416.8393255951536,420.04010009765625,202126,44814.0,65020.353,0.001,0.031922,0.052,0.028,0.034,0.0309,79.55,79.11,78.85,78.04,1.0853,6.41,6.43,6.52,6.94,228060.3,1.13,39.1,10.91,28.55,7.84
2024-01-24,418.3165996524837,423.63480350162206,418.3165996524837,422.5022277832031,307273,44814.0,65020.353,0.001,0.031922,0.052,0.028,0.034,0.0309,80.04,79.63,79.38,78.5,1.0885,6.33,6.38,6.51,6.87,229397.1,1.12,39.3,10.91,28.71,7.89
2024-01-25,423.33937358507,426.343165380775,421.7636016367698,425.8507385253906,255612,44814.0,65020.353,0.001,0.031922,0.052,0.028,0.034,0.0309,82.43,81.96,81.63,80.45,1.08465,6.19,6.42,6.52,6.85,231215.2,1.11,39.6,10.91,28.94,7.95
2024-01-26,429.39619364695477,439.73715702606717,429.39619364695477,438.3583679199219,338010,44814.0,65020.353,0.001,0.031922,0.052,0.028,0.034,0.0309,83.55,82.95,82.52,81.27,1.0854,6.12,6.41,6.535,6.86,238006.3,1.08,40.8,10.91,29.79,8.19
2024-01-29,436.6348938626578,441.3129489371927,435.3053353567201,437.9151916503906,251397,44814.0,65020.353,0.001,0.031922,0.052,0.028,0.034,0.0309,82.4,81.83,81.45,80.25,1.0834,6.423,6.5825,6.61,6.962,237765.6,1.08,40.8,10.91,29.76,8.18
2024-01-30,438.75232071725816,443.6273585251453,438.45687663117087,439.5401916503906,210482,44814.0,65020.353,0.001,0.031922,0.052,0.028,0.034,0.0309,82.87,82.5,82.13,80.94,1.0842,6.47,6.55,6.63,7.0,238647.9,1.08,40.9,10.91,29.87,8.21
2024-01-31,438.259891105708,441.9530924352505,437.47202017754535,437.9644470214844,385243,44814.0,65020.353,0.001,0.031922,0.052,0.028,0.034,0.0309,81.71,80.55,80.27,79.19,1.0818,6.515,6.615,6.68,6.99,237792.3,1.08,40.8,10.91,29.76,8.18
2024-02-01,440.6727903699878,442.54400634765625,437.1765417788728,442.54400634765625,227448,44814.0,65020.353,0.001,0.031922,0.052,0.028,0.034,0.0309,78.7,78.41,78.11,77.04,1.08725,6.36,6.62,6.655,6.955,240278.9,1.07,41.2,10.91,30.08,8.26
2024-02-02,443.8243120643831,447.07434729419555,439.687944574644,440.8697509765625,224923,44814.0,65020.353,0.001,0.031922,0.052,0.028,0.034,0.0309,77.33,77.07,76.8,75.83,1.0786,6.19,6.66,6.73,7.05,239369.8,1.07,41.0,10.91,29.96,8.23
2024-02-05,439.98339306386174,448.8470764160156,439.09703073971633,448.8470764160156,243165,44814.0,65020.353,0.001,0.031922,0.052,0.028,0.034,0.0309,77.99,77.73,77.48,76.56,1.0743,6.4,6.8425,6.825,7.13,243701.1,1.05,41.8,10.91,30.5,8.38
2024-02-06,450.81677278855295,453.62361179240787,443.9720276787444,447.0743408203125,234458,44814.0,65020.353,0.001,0.031922,0.052,0.028,0.034,0.0309,78.59,78.27,77.95,76.88,1.07545,6.26,6.665,6.75,7.045,242738.6,1.06,41.6,10.91,30.38,8.35
2024-02-07,446.089500879715,447.66524277466027,443.7258279265969,445.3508605957031,259791,44814.0,65020.353,0.001,0.031922,0.052,0.028,0.034,0.0309,79.21,78.89,78.55,77.43,1.0773,6.21,6.482,6.5925,6.94,241802.8,1.06,41.5,10.91,30.27,8.32
2024-02-08,446.13871594771274,451.6046418361908,443.97202583487785,446.28643798828125,240248,44814.0,65020.353,0.001,0.031922,0.052,0.028,0.034,0.0309,81.63,81.08,80.57,79.14,1.0778,6.05,6.3,6.4825,6.875,242310.8,1.06,39.2,11.55,30.33,8.33
2024-02-09,415.6082700015842,423.9302959609598,410.78249278277804,412.45672607421875,904418,44814.0,65020.353,0.001,0.031922,0.052,0.028,0.034,0.0309,82.19,81.61,81.11,79.76,1.0784,5.67,6.14,6.37,6.81,223943.0,1.58,36.3,11.55,28.03,7.7
2024-02-12,416.54388369153935,428.36212807038504,416.54388369153935,422.15753173828125,420869,44814.0,65020.353,0.001,0.031922,0.052,0.028,0.034,0.0309,82.0,81.51,81.04,79.72,1.0773,5.9,6.1,6.27,6.8,229209.9,1.54,37.1,11.55,28.69,7.88
2024-02-13,422.94541432439115,425.2597963702517,418.759786289033,421.5173645019531,265149,44814.0,65020.353,0.001,0.031922,0.052,0.028,0.034,0.0309,82.77,82.07,81.48,79.96,1.07095,5.9,6.085,6.3,6.837,228862.4,1.54,37.1,11.55,28.65,7.87
2024-02-14,422.9946703556639,425.407573978203,420.7295188345722,424.76739501953125,248812,44814.0,65020.353,0.001,0.031922,0.052,0.028,0.034,0.0309,81.6,80.99,80.48,79.12,1.0727,5.75,5.99,6.26,6.83,230627.1,1.53,37.3,11.55,28.87,7.93
2024-02-15,428.21435962040414,433.5818240929848,425.94920822309126,431.11968994140625,426766,44814.0,65020.353,0.003,0.016291,0.053,0.026,0.032,0.0315,82.86,82.16,81.56,79.98,1.0773,5.505,5.91,6.16,6.675,234076.0,1.51,37.9,11.55,29.3,8.05
2024-02-16,434.12347741463276,437.47200387289735,432.6461969378742,435.6992492675781,289962,44814.0,65020.353,0.003,0.016291,0.053,0.026,0.032,0.0315,83.47,82.74,82.11,80.4,1.0776,5.45,5.9,6.132,6.69,236562.4,1.49,38.3,11.55,29.61,8.14
2024-02-19,435.40380671862385,435.40380671862385,431.7106055137984,434.61590576171875,129207,44814.0,65020.353,0.003,0.016291,0.053,0.026,0.032,0.0315,83.47,82.74,82.11,80.4,1.0779,5.58,5.9,6.07,6.66,235974.3,1.5,38.2,11.55,29.54,8.12
2024-02-20,433.1879021728791,438.0136792496638,432.84319736981956,436.881103515625,169958,44814.0,65020.353,0.003,0.016291,0.053,0.026,0.032,0.0315,82.34,81.5,80.87,79.26,1.0805,5.72,5.81,6.01,6.58,237204.2,1.49,38.4,11.55,29.69,8.16
2024-02-21,437.9151722849078,440.0326016349904,436.09318700959085,437.8166809082031,195482,44814.0,65020.353,0.003,0.016291,0.053,0.026,0.032,0.0315,83.03,82.11,81.41,79.65,1.0819,5.775,5.7,5.95,6.515,237712.2,1.48,38.5,11.55,29.75,8.18
2024-02-22,440.5743098953966,447.320563769678,440.4758185140608,444.3167419433594,317754,44814.0,65020.353,0.003,0.016291,0.053,0.026,0.032,0.0315,83.67,82.7,81.99,80.13,1.0825,5.79,5.683,5.875,6.45,241241.3,1.46,39.1,11.55,30.2,8.3
2024-02-23,446.4834170810735,449.9796355856761,443.3811340332031,443.3811340332031,334870,44814.0,65020.353,0.003,0.016291,0.053,0.026,0.032,0.0315,81.62,80.8,80.25,78.63,1.082,5.435,5.59,5.81,6.365,240733.3,1.47,39.0,11.55,30.13,8.28
2024-02-26,445.05537741777323,446.72964071636585,442.74096523043033,443.8243103027344,234265,44814.0,65020.353,0.003,0.016291,0.053,0.026,0.032,0.0315,82.53,81.67,81.1,79.4,1.0849,5.6,5.62,5.775,6.35,240973.9,1.46,39.0,11.55,30.16,8.29
2024-02-27,444.16899760288095,446.5326403595428,441.55914143291375,444.5137023925781,184881,44814.0,65020.353,0.003,0.016291,0.053,0.026,0.032,0.0315,83.65,82.66,82.02,80.15,1.0846,5.777,5.692,5.89,6.405,241348.3,1.46,39.1,11.55,30.21,8.3
2024-02-28,443.87357436773243,445.15387215488755,438.45687902071495,439.7864074707031,195164,44814.0,65020.353,0.003,0.016291,0.053,0.026,0.032,0.0315,83.68,82.15,81.47,79.6,1.0838,5.875,5.78,5.97,6.42,238781.6,1.48,38.7,11.55,29.89,8.21
2024-02-29,439.5401906333662,441.3129453118367,433.58183782004596,435.0098876953125,617052,44814.0,65020.353,0.003,0.016291,0.053,0.026,0.032,0.0315,83.62,81.91,81.18,79.26,1.0805,5.67,5.8,5.95,6.41,236188.1,1.49,38.2,11.55,29.56,8.12
2024-03-01,436.09320511399596,437.52125499712815,430.62727911647556,435.256103515625,228320,44814.0,65020.353,0.003,0.016291,0.053,0.026,0.032,0.0315,83.55,82.69,81.93,79.81,1.0839,5.54,5.73,5.95,6.45,236321.8,1.49,38.3,11.55,29.58,8.13
2024-03-04,435.99474120443585,437.61974378417415,432.74470598960977,436.881103515625,197177,44814.0,65020.353,0.003,0.016291,0.053,0.026,0.032,0.0315,82.8,82.08,81.41,79.52,1.0856,5.645,5.735,5.91,6.393,237204.2,1.49,38.4,11.55,29.69,8.16
2024-03-05,436.38868747418445,438.40762556939796,430.3318431331936,431.71063232421875,203544,44814.0,65020.353,0.003,0.016291,0.053,0.026,0.032,0.0315,82.04,81.33,80.69,78.88,1.0857,5.652,5.73,5.9,6.368,234396.9,1.51,38.0,11.55,29.34,8.06
2024-03-06,429.494703300581,432.2522816302197,422.35451399686866,431.5136413574219,225136,44814.0,65020.353,0.003,0.016291,0.053,0.026,0.032,0.0315,82.96,82.18,81.49,79.51,1.0899,5.79,5.83,5.94,6.4,234289.9,1.51,37.9,11.55,29.33,8.06
2024-03-07,429.1499825878152,438.7030751173598,428.6083250966481,438.6045837402344,255416,44814.0,65020.353,0.003,0.016291,0.053,0.026,0.032,0.0315,82.96,82.28,81.63,79.71,1.0948,5.6675,5.82,5.93,6.42,238140.0,1.48,38.6,11.55,29.81,8.19
2024-03-08,438.9000444041051,443.82431289299967,438.06291274992304,442.1993103027344,220303,44814.0,65020.353,0.003,0.016291,0.053,0.026,0.032,0.0315,82.08,81.51,80.92,79.09,1.0939,5.535,5.643,5.83,6.3,240091.7,1.47,38.9,11.55,30.05,8.26
2024-03-11,440.7220225804888,443.6273529637736,439.83566027798895,441.4606628417969,157845,44814.0,65020.353,0.003,0.016291,0.053,0.026,0.032,0.0315,82.21,81.72,81.2,79.44,1.09265,5.81,5.64,5.83,6.305,239690.6,1.47,38.8,11.55,30.0,8.24
2024-03-12,442.2978048918348,444.3167429647863,437.12732294099084,443.77508544921875,253598,44814.0,65020.353,0.003,0.016291,0.053,0.026,0.032,0.0315,81.92,81.46,80.95,79.22,1.0926,5.355,5.41,5.64,6.155,240947.3,1.46,39.0,11.55,30.16,8.29
2024-03-13,444.36599557973676,448.9455592130437,443.67658597672306,447.320556640625,284887,44814.0,65020.353,0.003,0.016291,0.053,0.026,0.032,0.0315,84.03,83.44,82.81,80.85,1.09475,5.0625,5.32,5.53,6.09,242872.2,1.45,39.3,11.55,30.4,8.35
2024-03-14,448.1084234602233,450.57055765505976,443.3318771111709,444.41522216796875,248468,44814.0,65020.353,0.003,0.016291,0.053,0.026,0.032,0.0315,85.42,84.74,84.03,81.93,1.0883,5.26,5.51,5.625,6.2,241294.8,1.46,39.1,11.55,30.2,8.3
2024-03-15,443.08565729361294,447.12356332590787,438.94928993922565,439.3924560546875,657341,44814.0,65020.353,0.003,0.016291,0.053,0.024,0.024,0.0348,85.34,84.75,84.11,82.12,1.0889,5.12,5.39,5.615,6.16,238567.6,1.48,38.6,11.55,29.86,8.21
2024-03-18,441.3129310887027,442.19929337169657,433.58182384607886,434.86212158203125,162865,44814.0,65020.353,0.003,0.016291,0.053,0.024,0.024,0.0348,86.89,86.19,85.42,83.21,1.0873,5.22,5.38,5.595,6.1,236108.0,1.49,38.2,11.55,29.55,8.12
2024-03-19,434.320473296359,435.2560963153956,430.9227160749621,434.5174560546875,189552,44814.0,65020.353,0.003,0.016291,0.053,0.024,0.024,0.0348,87.38,86.62,85.83,83.53,1.0866,5.35,5.44,5.625,6.17,235920.8,1.5,38.2,11.55,29.53,8.11
2024-03-20,432.1045645946902,433.7295672026088,428.2636411426963,430.1348571777344,247616,44814.0,65020.353,0.003,0.016291,0.053,0.024,0.024,0.0348,85.95,85.38,84.72,82.67,1.092,5.03,5.28,5.53,6.07,233541.3,1.51,37.8,11.55,29.23,8.03
2024-03-21,432.2522755979344,432.54774973613985,424.42270684875257,428.36212158203125,396357,44814.0,65020.353,0.003,0.016291,0.053,0.024,0.024,0.0348,85.78,85.24,84.6,82.57,1.08605,5.005,5.37,5.58,6.15,232578.8,1.52,37.7,11.55,29.11,8.0
2024-03-22,426.3924284938029,428.0666617783012,422.6992270576816,426.0969543457031,337716,44814.0,65020.353,0.003,0.016291,0.053,0.024,0.024,0.0348,85.43,84.83,84.15,82.09,1.0807,5.435,5.66,5.915,6.285,231348.9,1.53,37.5,11.55,28.96,7.96
2024-03-25,424.4227115981246,429.44544139498083,421.61587255818455,428.85455322265625,271836,44814.0,65020.353,0.003,0.016291,0.053,0.024,0.024,0.0348,86.75,86.08,85.36,83.15,1.08375,5.213,5.443,5.645,6.205,232846.1,1.52,37.7,11.55,29.15,8.01
2024-03-26,428.60832537728385,431.8583304371113,425.8014864317882,427.37725830078125,257201,44814.0,65020.353,0.003,0.016291,0.053,0.024,0.024,0.0348,86.25,85.63,84.91,82.79,1.0832,5.0125,5.35,5.62,6.195,232044.0,1.52,37.6,11.55,29.05,7.98
2024-03-27,425.35830184692145,433.8772802372677,425.35830184692145,432.35076904296875,247743,44814.0,65020.353,0.003,0.016291,0.053,0.024,0.024,0.0348,86.09,85.41,84.71,82.66,1.08275,4.8225,5.32,5.54,6.15,234744.4,1.5,38.0,11.55,29.38,8.07
2024-03-28,432.05533371665626,435.1576168857498,431.07048000866786,432.0060729980469,312490,44814.0,65020.353,0.003,0.016291,0.053,0.024,0.024,0.0348,87.0,86.15,85.35,83.11,1.0789,4.99,5.338,5.6075,6.17,234557.2,1.5,38.0,11.55,29.36,8.07
2024-04-02,431.16892253590976,435.4038113288257,423.5855673482488,424.4226989746094,290588,44814.0,65020.353,0.003,0.016291,0.053,0.024,0.024,0.0348,88.92,87.89,86.92,84.31,1.07695,5.69,5.5925,5.82,6.34,230439.9,1.53,37.3,11.55,28.84,7.93
2024-04-03,424.8658767132144,425.85073040520393,413.6385506356036,414.9681091308594,497628,44814.0,65020.353,0.003,0.016291,0.053,0.024,0.024,0.0348,89.35,88.42,87.53,85.03,1.0836,5.6125,5.5625,5.77,6.2825,225306.6,1.57,36.5,11.55,28.2,7.75
2024-04-04,413.638560397802,414.62341411303487,408.7142918216377,414.0817565917969,293023,44814.0,65020.353,0.003,0.016291,0.053,0.024,0.024,0.0348,90.65,89.66,88.71,86.06,1.0837,5.89,5.75,5.98,6.39,224825.3,1.57,36.4,11.55,28.14,7.73
2024-04-05,409.10821410947125,411.0286908144108,404.971846672035,406.4491271972656,389263,44814.0,65020.353,0.003,0.016291,0.053,0.024,0.024,0.0348,91.17,90.13,89.12,86.38,1.0837,5.5525,5.643,5.84,6.33,220681.1,1.6,35.7,11.55,27.62,7.59
2024-04-08,403.346799711127,407.7294104689836,401.67256654192704,404.9718322753906,330407,44814.0,65020.353,0.003,0.016291,0.053,0.024,0.024,0.0348,90.38,89.38,88.43,85.84,1.0859,5.615,5.59,5.795,6.28,219879.0,1.61,35.6,11.55,27.52,7.56
2024-04-09,404.2824272587268,409.50213963237604,403.7407697680957,409.2066955566406,256289,44814.0,65020.353,0.003,0.016291,0.053,0.024,0.024,0.0348,89.42,88.53,87.66,85.25,1.0857,5.65,5.62,5.845,6.31,222178.4,1.59,36.0,11.55,27.81,7.64
2024-04-10,411.17642873741056,412.06279107571453,405.11958436109126,408.71429443359375,234569,44814.0,65020.353,0.003,0.016291,0.053,0.024,0.024,0.0348,90.48,89.49,88.53,85.99,1.0744,5.9675,5.877,6.09,6.46,221911.0,1.59,35.9,11.55,27.78,7.63
2024-04-11,409.0589934686625,415.55903394998677,408.91127142359034,412.5059814453125,246278,44814.0,65020.353,0.003,0.016291,0.053,0.024,0.024,0.0348,89.74,88.83,87.94,85.57,1.0726,5.62,5.91,6.1,6.52,223969.8,1.58,36.3,11.55,28.03,7.7
2024-04-12,415.1158387629344,418.9075315574856,406.0551726088395,408.22186279296875,290016,44814.0,65020.353,0.003,0.016291,0.053,0.024,0.024,0.0348,90.45,89.53,88.65,86.25,1.0643,6.56,6.53,6.555,6.76,221643.7,1.59,35.9,11.55,27.74,7.62
2024-04-15,409.3051927430894,412.0627710069211,407.8771428942861,409.157470703125,284089,44814.0,65020.353,0.003,0.016291,0.053,0.024,0.024,0.0336,90.1,89.25,88.41,86.09,1.0624,6.733,6.5175,6.5825,6.9025,222151.6,1.59,36.0,11.55,27.81,7.64
2024-04-16,404.9718512601576,410.43777724329743,404.13471960863944,408.8127746582031,321389,44814.0,65020.353,0.003,0.016291,0.053,0.024,0.024,0.0336,90.02,89.23,88.43,86.2,1.0619,7.037,6.91,6.97,7.2,221964.6,1.59,35.9,11.55,27.78,7.63
2024-04-17,413.2445975009083,417.47945617325496,411.5703342739722,411.9150390625,332435,44814.0,65020.353,0.003,0.016291,0.053,0.024,0.024,0.0336,87.29,86.6,85.9,83.9,1.0673,6.4825,6.52,6.7,6.98,223648.9,1.58,36.2,11.55,27.99,7.69
2024-04-18,412.3089833030952,418.021152627412,411.42262101037244,417.18402099609375,334531,44814.0,65020.353,0.003,0.016291,0.053,0.024,0.024,0.0336,87.11,86.4,85.7,83.69,1.0644,6.088,6.38,6.5,6.825,226509.7,1.56,36.7,11.55,28.35,7.79
2024-04-19,442.199308277393,442.2485389399166,433.23713365758306,438.2106628417969,872566,44814.0,65020.353,0.003,0.016291,0.053,0.024,0.024,0.0336,87.29,86.51,85.75,83.59,1.06555,6.08,6.35,6.465,6.85,237926.0,1.48,38.5,11.55,29.78,8.18
2024-04-22,439.7371602307101,440.9189966476465,431.8091002710865,434.3204650878906,283116,44814.0,65020.353,0.003,0.016291,0.053,0.024,0.024,0.0336,87.0,86.07,85.29,83.16,1.06545,5.92,6.13,6.32,6.71,235813.9,1.5,38.2,11.55,29.52,8.11
2024-04-23,436.5856199119187,438.8015406695357,433.28638416152353,434.0250244140625,259207,44814.0,65020.353,0.003,0.016291,0.053,0.024,0.024,0.0336,88.42,87.39,86.55,84.27,1.0701,5.9,5.982,6.22,6.6,235653.4,1.5,38.2,11.55,29.5,8.11
2024-04-24,432.94169924068035,439.2939876709165,432.49850304667194,433.58184814453125,219621,44814.0,65020.353,0.003,0.016291,0.053,0.024,0.024,0.0336,88.02,87.04,86.29,84.14,1.0699,5.95,6.02,6.23,6.65,235412.8,1.5,38.1,11.55,29.47,8.1
2024-04-25,437.0780540507456,437.1765454304664,424.42270822337883,429.1499938964844,320732,44814.0,65020.353,0.003,0.016291,0.053,0.024,0.024,0.0336,89.01,87.77,86.92,84.62,1.07295,5.96,6.163,6.34,6.71,233006.6,1.51,37.7,11.55,29.17,8.01
2024-04-26,430.25,436.75,430.25,435.6499938964844,231165,44814.0,65020.353,0.003,0.016291,0.053,0.024,0.024,0.0336,89.5,88.21,87.37,85.1,1.0694,5.97,6.11,6.28,6.71,232953.1,1.51,37.7,11.55,29.16,8.01
2024-04-29,436.54998779296875,440.75,436.1000061035156,436.5,248368,44814.0,65020.353,0.003,0.016291,0.053,0.024,0.024,0.0336,88.4,87.2,86.42,84.3,1.0721,5.87,6.03,6.19,6.57,233407.6,1.51,37.8,11.55,29.22,8.03
2024-04-30,440.45001220703125,443.75,438.70001220703125,439.6499938964844,371514,44814.0,65020.353,0.003,0.016291,0.053,0.024,0.024,0.0336,87.86,86.33,85.61,83.61,1.06655,6.01,6.17,6.285,6.65,235091.9,1.5,38.1,11.55,29.43,8.09
2024-05-02,436.0,437.8999938964844,432.8999938964844,436.70001220703125,369417,44814.0,65020.353,0.003,0.016291,0.053,0.024,0.024,0.0336,83.67,83.03,82.4,80.7,1.0727,5.7375,6.08,6.17,6.56,233514.5,1.51,37.8,11.55,29.23,8.03
2024-05-03,437.5,444.1499938964844,434.6000061035156,440.8999938964844,222091,44814.0,65020.353,0.003,0.016291,0.053,0.024,0.024,0.0336,82.96,82.45,81.91,80.38,1.076,5.4275,5.86,6.038,6.4,235760.4,1.5,38.2,11.55,29.51,8.11
2024-05-06,440.75,445.5,440.75,443.0,192470,44814.0,65020.353,0.003,0.016291,0.053,0.024,0.024,0.0336,83.33,82.84,82.32,80.8,1.0769,5.6325,5.79,6.23,6.31,236883.3,1.49,38.4,11.55,29.65,8.15
2024-05-07,444.20001220703125,445.8999938964844,438.79998779296875,444.8999938964844,204116,44814.0,65020.353,0.003,0.016291,0.053,0.024,0.024,0.0336,83.16,82.72,82.23,80.73,1.0754,5.5125,5.7075,6.24,6.33,237899.3,1.48,38.5,11.55,29.78,8.18
2024-05-08,444.6499938964844,449.70001220703125,443.95001220703125,447.04998779296875,241203,44814.0,65020.353,0.003,0.016291,0.053,0.024,0.024,0.0336,83.58,83.0,82.42,80.77,1.0747,5.422,5.735,6.2275,6.34,239049.0,1.48,38.7,11.55,29.92,8.22
2024-05-09,446.45001220703125,454.1499938964844,445.54998779296875,453.8500061035156,207220,44814.0,65020.353,0.003,0.016291,0.053,0.024,0.024,0.0336,83.88,83.34,82.75,81.07,1.0782,5.35,5.66,6.1625,6.32,242685.1,1.45,39.3,11.55,30.38,8.35
2024-05-10,454.0,455.54998779296875,451.54998779296875,453.45001220703125,370623,44814.0,65020.353,0.003,0.016291,0.053,0.024,0.024,0.0336,82.79,82.36,81.83,80.23,1.0771,5.64,5.6125,6.17,6.275,242471.2,1.46,39.3,11.55,30.35,8.34
2024-05-13,452.75,456.8999938964844,452.75,455.54998779296875,233367,44814.0,65020.353,0.003,0.016291,0.053,0.024,0.024,0.0336,83.36,82.91,82.37,80.77,1.07895,6.0,5.67,6.24,6.345,243594.2,1.45,39.4,11.55,30.49,8.38
2024-05-14,456.6000061035156,457.95001220703125,453.0,456.8999938964844,227548,44814.0,65020.353,0.003,0.016291,0.053,0.024,0.024,0.0336,82.38,81.96,81.47,79.99,1.082,6.01,5.72,6.21,6.33,244315.9,1.44,39.6,11.55,30.58,8.4
2024-05-15,457.95001220703125,458.3999938964844,451.6499938964844,456.79998779296875,188877,44814.0,65020.353,0.002,0.029888,0.047,0.026,0.026,0.0327,82.75,82.33,81.83,80.28,1.0884,5.652,5.55,6.09,6.24,244262.6,1.44,39.6,11.55,30.57,8.4
2024-05-16,455.6499938964844,457.45001220703125,452.25,453.5,201807,44814.0,65020.353,0.002,0.029888,0.047,0.026,0.026,0.0327,83.27,82.87,82.36,80.8,1.0867,5.41,5.51,6.03,6.2,242497.9,1.46,39.3,11.55,30.35,8.34
2024-05-17,452.1000061035156,453.1000061035156,446.45001220703125,447.6000061035156,363089,44814.0,65020.353,0.002,0.029888,0.047,0.026,0.026,0.0327,83.98,83.63,83.14,81.54,1.0872,5.2775,5.4,5.99,6.135,239343.1,1.47,38.8,11.55,29.96,8.23
2024-05-20,448.3500061035156,451.20001220703125,447.8500061035156,448.8999938964844,96084,44814.0,65020.353,0.002,0.029888,0.047,0.026,0.026,0.0327,83.71,83.46,83.05,81.55,1.0857,5.41,5.42,5.97,6.15,240038.1,1.47,38.9,11.55,30.05,8.26
2024-05-21,448.3999938964844,448.54998779296875,443.6000061035156,447.54998779296875,209827,44814.0,65020.353,0.002,0.029888,0.047,0.026,0.026,0.0327,82.88,82.7,82.33,80.91,1.08545,5.24,5.257,5.88,6.105,239316.4,1.47,38.8,11.55,29.96,8.23
2024-05-22,445.70001220703125,454.95001220703125,445.0,453.3999938964844,340995,44814.0,65020.353,0.002,0.029888,0.047,0.026,0.026,0.0327,81.9,81.64,81.22,79.79,1.0823,5.4,5.4075,6.01,6.21,242444.4,1.46,39.3,11.55,30.35,8.34
2024-05-23,454.45001220703125,455.25,449.0,450.95001220703125,206321,44814.0,65020.353,0.002,0.029888,0.047,0.026,0.026,0.0327,81.36,81.11,80.69,79.3,1.08145,5.288,5.39,6.02,6.25,241134.4,1.46,39.0,11.55,30.18,8.29
2024-05-24,447.54998779296875,451.5,446.75,447.3500061035156,149378,44814.0,65020.353,0.002,0.029888,0.047,0.026,0.026,0.0327,82.12,81.84,81.4,79.9,1.0847,5.075,5.265,5.9275,6.1775,239209.4,1.48,38.7,11.55,29.94,8.23
2024-05-27,446.04998779296875,449.8999938964844,445.5,449.3500061035156,113191,44814.0,65020.353,0.002,0.029888,0.047,0.026,0.026,0.0327,82.12,81.84,81.4,79.9,1.08585,5.2,5.29,5.94,6.18,240278.9,1.47,38.9,11.55,30.08,8.26
2024-05-28,448.95001220703125,450.29998779296875,444.1499938964844,445.6499938964844,153599,44814.0,65020.353,0.002,0.029888,0.047,0.026,0.026,0.0327,84.22,83.94,83.49,81.91,1.0857,5.23,5.285,5.93,6.19,238300.3,1.48,38.6,11.55,29.83,8.2
2024-05-29,444.0,444.6000061035156,438.25,440.29998779296875,205435,44814.0,65020.353,0.002,0.029888,0.047,0.026,0.026,0.0327,83.6,83.43,83.03,81.58,1.0802,5.46,5.493,6.155,6.405,235439.6,1.5,38.1,11.55,29.47,8.1
2024-05-30,441.54998779296875,445.29998779296875,440.95001220703125,444.70001220703125,239776,44814.0,65020.353,0.002,0.029888,0.047,0.026,0.026,0.0327,81.86,81.88,81.58,80.29,1.0833,5.22,5.442,6.1,6.37,237792.3,1.48,38.5,11.55,29.76,8.18
2024-05-31,444.95001220703125,452.1000061035156,443.45001220703125,452.1000061035156,1047145,44814.0,65020.353,0.002,0.029888,0.047,0.026,0.026,0.0327,81.11,80.87,80.53,79.44,1.0843,5.1375,5.38,6.07,6.34,241749.4,1.46,39.1,11.55,30.26,8.31
2024-06-03,452.6499938964844,455.5,446.3999938964844,449.25,184148,44814.0,65020.353,0.002,0.029888,0.047,0.026,0.026,0.0327,78.36,78.22,77.95,77.05,1.0904,5.385,5.4175,6.047,6.35,240225.4,1.47,38.9,11.55,30.07,8.26
2024-06-04,449.29998779296875,456.3999938964844,448.54998779296875,452.1000061035156,235651,44814.0,65020.353,0.002,0.029888,0.047,0.026,0.026,0.0327,77.52,77.27,76.94,75.95,1.088,5.4475,5.47,6.087,6.36,241749.4,1.46,39.1,11.55,30.26,8.31
2024-06-05,454.8999938964844,457.79998779296875,451.5,455.6000061035156,173307,44814.0,65020.353,0.002,0.029888,0.047,0.026,0.026,0.0327,78.41,78.04,77.61,76.42,1.0869,5.3325,5.43,6.08,6.35,243620.9,1.45,39.4,11.55,30.49,8.38
2024-06-06,457.1499938964844,461.8500061035156,456.1499938964844,456.1499938964844,225230,44814.0,65020.353,0.002,0.029888,0.047,0.026,0.026,0.0327,79.87,79.5,79.04,77.76,1.089,5.172,5.377,6.01,6.27,243914.9,1.45,39.5,11.55,30.53,8.39
2024-06-07,456.6000061035156,458.0,452.8500061035156,455.3500061035156,226559,44814.0,65020.353,0.002,0.029888,0.047,0.026,0.026,0.0327,79.62,79.34,78.94,77.78,1.0802,5.105,5.393,6.038,6.2725,243487.3,1.45,39.4,11.55,30.48,8.37
2024-06-10,448.3500061035156,456.5,447.5,452.54998779296875,277413,44814.0,65020.353,0.002,0.029888,0.047,0.026,0.026,0.0327,81.63,81.23,80.75,79.38,1.0765,5.972,5.8,6.31,6.45,241990.0,1.46,39.2,11.55,30.29,8.32
2024-06-11,454.3999938964844,457.25,449.1499938964844,451.3999938964844,264053,44814.0,65020.353,0.002,0.029888,0.047,0.026,0.026,0.0327,81.92,81.54,81.06,79.72,1.074,6.55,6.23,6.67,6.775,241374.9,1.46,39.1,11.55,30.21,8.3
2024-06-12,451.3999938964844,457.1499938964844,450.79998779296875,455.3500061035156,241125,44814.0,65020.353,0.002,0.029888,0.047,0.026,0.026,0.0327,82.6,82.15,81.65,80.25,1.0809,5.985,5.8925,6.41,6.57,243487.3,1.45,39.4,11.55,30.48,8.37
2024-06-13,455.04998779296875,456.20001220703125,447.75,450.8999938964844,235509,44814.0,65020.353,0.002,0.029888,0.047,0.026,0.026,0.0327,82.75,82.3,81.8,80.4,1.0737,6.775,6.57,6.8875,6.9,241107.6,1.46,39.0,11.55,30.18,8.29
2024-06-14,449.3500061035156,450.5,438.20001220703125,440.45001220703125,413761,44814.0,65020.353,0.002,0.029888,0.047,0.026,0.026,0.0327,82.62,82.08,81.5,80.03,1.0702,7.38,6.93,7.16,7.125,235519.8,1.5,38.1,11.55,29.48,8.1
2024-06-17,444.1499938964844,447.1499938964844,441.45001220703125,446.8999938964844,245796,44814.0,65020.353,0.002,0.029888,0.047,0.025,0.025,0.0297,84.25,83.52,82.79,80.99,1.07345,7.16,6.68,7.0625,7.06,238968.7,1.48,38.7,11.55,29.91,8.22
2024-06-18,446.75,446.79998779296875,438.04998779296875,441.54998779296875,320264,44814.0,65020.353,0.002,0.029888,0.047,0.025,0.025,0.0297,85.33,84.53,83.79,81.99,1.074,7.175,6.722,7.075,7.14,236108.0,1.49,38.2,11.55,29.55,8.12
2024-06-19,440.29998779296875,440.6000061035156,431.20001220703125,436.6499938964844,258454,44814.0,65020.353,0.002,0.029888,0.047,0.025,0.025,0.0297,85.33,84.53,83.79,81.99,1.0744,7.06,6.56,6.95,6.98,233487.8,1.51,37.8,11.55,29.23,8.03
2024-06-20,437.79998779296875,442.6499938964844,436.04998779296875,442.6499938964844,227587,44814.0,65020.353,0.002,0.029888,0.047,0.025,0.025,0.0297,85.71,84.86,84.13,82.34,1.0702,6.85,6.58,6.96,7.01,236696.1,1.49,38.3,11.55,29.63,8.14
2024-06-21,440.45001220703125,442.70001220703125,438.45001220703125,440.6499938964844,610562,44814.0,65020.353,0.002,0.029888,0.047,0.025,0.025,0.0297,85.24,84.33,83.56,81.78,1.0693,6.83,6.55,6.95,7.0425,235626.7,1.5,38.2,11.55,29.49,8.1
2024-06-24,440.70001220703125,444.04998779296875,440.0,442.1000061035156,247870,44814.0,65020.353,0.002,0.029888,0.047,0.025,0.025,0.0297,86.01,85.15,84.41,82.62,1.0734,6.738,6.31,6.6975,6.84,236402.1,1.49,38.3,11.55,29.59,8.13
2024-06-25,441.6000061035156,442.3500061035156,434.95001220703125,436.5,278202,44814.0,65020.353,0.002,0.029888,0.047,0.025,0.025,0.0297,85.01,84.22,83.58,81.96,1.07145,6.705,6.308,6.6875,6.83,233407.6,1.51,37.8,11.55,29.22,8.03
2024-06-26,437.6499938964844,439.6499938964844,434.54998779296875,437.6000061035156,257453,44814.0,65020.353,0.002,0.029888,0.047,0.025,0.025,0.0297,85.25,84.47,83.85,82.26,1.06805,6.7,6.425,6.775,6.9,233995.9,1.51,37.9,11.55,29.29,8.05
2024-06-27,437.3999938964844,441.3500061035156,415.1499938964844,422.8500061035156,376713,44814.0,65020.353,0.002,0.029888,0.047,0.025,0.025,0.0297,86.39,85.26,84.44,82.64,1.07035,6.535,6.325,6.575,6.87,226108.7,1.56,36.6,11.55,28.3,7.78
2024-06-28,418.0,419.1000061035156,407.04998779296875,410.04998779296875,647562,44814.0,65020.353,0.002,0.029888,0.047,0.025,0.025,0.0297,85.0,84.19,83.5,81.83,1.0715,6.432,6.2325,6.65,6.855,219264.1,1.61,35.5,11.55,27.45,7.54
2024-07-01,414.3999938964844,416.95001220703125,411.6000061035156,412.25,318675,44814.0,65020.353,0.002,0.029888,0.047,0.025,0.025,0.0297,86.6,85.72,84.97,83.16,1.074,5.843,5.75,6.327,6.61,220440.5,1.6,35.7,11.55,27.59,7.58
2024-07-02,409.0,409.0,403.1499938964844,405.6499938964844,407257,44814.0,65020.353,0.002,0.029888,0.047,0.025,0.025,0.0297,86.24,85.44,84.73,83.04,1.07455,5.6875,5.68,6.24,6.57,216911.3,1.63,35.1,11.55,27.15,7.46
2024-07-03,409.20001220703125,411.29998779296875,405.45001220703125,405.45001220703125,393750,44814.0,65020.353,0.002,0.029888,0.047,0.025,0.025,0.0297,87.34,86.52,85.79,84.02,1.07875,5.52,5.55,6.12,6.45,216804.4,1.63,35.1,11.55,27.14,7.46
2024-07-04,409.70001220703125,409.8999938964844,407.8999938964844,408.0,292007,44814.0,65020.353,0.002,0.029888,0.047,0.025,0.025,0.0297,87.34,86.52,85.79,84.02,1.0812,5.547,5.61,6.13,6.48,218167.9,1.62,35.3,11.55,27.31,7.5
2024-07-05,410.0,411.8500061035156,408.20001220703125,410.04998779296875,234261,44814.0,65020.353,0.002,0.029888,0.047,0.025,0.025,0.0297,86.54,85.71,84.98,83.23,1.0838,5.35,5.49,6.1,6.43,219264.1,1.61,35.5,11.55,27.45,7.54
2024-07-08,409.5,413.6499938964844,405.45001220703125,405.45001220703125,289852,44814.0,65020.353,0.002,0.029888,0.047,0.025,0.025,0.0297,85.75,84.99,84.3,82.68,1.0824,5.15,5.3625,5.965,6.34,216804.4,1.63,35.1,11.55,27.14,7.46
2024-07-09,405.0,408.20001220703125,398.0,400.04998779296875,351971,44814.0,65020.353,0.002,0.029888,0.047,0.025,0.025,0.0297,84.66,83.89,83.2,81.6,1.0814,5.058,5.3225,5.95,6.35,213916.9,1.65,34.6,11.55,26.78,7.36
2024-07-10,400.04998779296875,404.0,397.8500061035156,403.3999938964844,246908,44814.0,65020.353,0.002,0.029888,0.047,0.025,0.025,0.0297,85.08,84.2,83.41,81.65,1.08305,5.01,5.33,5.882,6.31,215708.1,1.64,34.9,11.55,27.0,7.42
2024-07-11,405.0,408.1000061035156,403.0,405.5,263570,44814.0,65020.353,0.002,0.029888,0.047,0.025,0.025,0.0297,85.4,84.42,83.59,81.76,1.0867,4.81,5.32,5.86,6.26,216831.1,1.63,35.1,11.55,27.14,7.46
2024-07-12,407.45001220703125,413.45001220703125,406.20001220703125,412.6000061035156,245922,44814.0,65020.353,0.002,0.029888,0.047,0.025,0.025,0.0297,85.03,84.1,83.32,81.6,1.09075,4.8225,5.16,5.75,6.125,220627.8,1.6,35.7,11.55,27.62,7.59
2024-07-15,410.0,413.1499938964844,404.95001220703125,406.29998779296875,254374,44814.0,65020.353,0.002,0.029888,0.047,0.026,0.027,0.0289,84.85,83.9,83.1,81.38,1.08945,5.07,5.24,5.79,6.17,217258.9,1.62,35.2,11.55,27.19,7.47
2024-07-16,400.5,402.8500061035156,399.45001220703125,400.0,319268,44814.0,65020.353,0.002,0.029888,0.047,0.026,0.027,0.0289,83.73,82.8,82.02,80.38,1.0899,5.08,5.26,5.82,6.21,213890.1,1.65,34.6,11.55,26.77,7.36
2024-07-17,400.3999938964844,406.5,400.0,403.54998779296875,267552,44814.0,65020.353,0.002,0.029888,0.047,0.026,0.027,0.0289,85.08,83.96,83.07,81.25,1.0939,5.28,5.43,5.83,6.19,215788.4,1.64,34.9,11.55,27.01,7.42
2024-07-18,408.0,409.45001220703125,404.5,406.20001220703125,297965,44814.0,65020.353,0.002,0.029888,0.047,0.026,0.027,0.0289,85.11,83.93,83.05,81.26,1.0897,5.04,5.463,5.85,6.235,217205.4,1.62,35.2,11.55,27.19,7.47
2024-07-19,405.04998779296875,407.5,403.1000061035156,404.45001220703125,340783,44814.0,65020.353,0.002,0.029888,0.047,0.026,0.027,0.0289,82.63,81.56,80.74,79.15,1.0879,5.1,5.45,5.88,6.25,216269.6,1.63,35.0,11.55,27.07,7.44
2024-07-22,407.3500061035156,410.3500061035156,406.8999938964844,409.3500061035156,227392,44814.0,65020.353,0.002,0.029888,0.047,0.026,0.027,0.0289,82.4,81.44,80.7,79.24,1.0891,4.9575,5.325,5.775,6.19,218889.8,1.61,35.4,11.55,27.4,7.53
2024-07-23,408.1000061035156,409.54998779296875,403.25,404.70001220703125,239520,44814.0,65020.353,0.002,0.029888,0.047,0.026,0.027,0.0289,81.01,80.07,79.31,77.86,1.0853,5.03,5.3625,5.88,6.28,216403.3,1.63,35.0,11.55,27.09,7.44
2024-07-24,398.8999938964844,400.3500061035156,394.1000061035156,398.25,278653,44814.0,65020.353,0.002,0.029888,0.047,0.026,0.027,0.0289,81.71,80.82,80.09,78.63,1.08395,5.12,5.49,5.955,6.37,212954.4,1.66,34.5,11.55,26.66,7.32
2024-07-25,400.8500061035156,401.8500061035156,389.3999938964844,392.3500061035156,303762,44814.0,65020.353,0.002,0.029888,0.047,0.026,0.027,0.0289,82.37,81.39,80.58,79.02,1.0846,4.9875,5.49,5.94,6.35,209799.6,1.68,34.0,11.55,26.26,7.22
2024-07-26,390.3999938964844,399.5,390.29998779296875,398.79998779296875,235692,44814.0,65020.353,0.002,0.029888,0.047,0.026,0.027,0.0289,81.13,80.28,79.56,78.14,1.0859,4.79,5.25,5.82,6.265,213248.4,1.65,34.5,11.55,26.69,7.33
2024-07-29,400.1499938964844,400.8999938964844,392.6000061035156,392.6000061035156,215530,44814.0,65020.353,0.002,0.029888,0.047,0.026,0.027,0.0289,79.78,79.05,78.42,77.2,1.0821,4.95,5.335,5.85,6.295,209933.2,1.68,34.0,11.55,26.28,7.22
2024-07-30,392.25,394.8500061035156,387.1000061035156,392.29998779296875,400102,44814.0,65020.353,0.002,0.029888,0.047,0.026,0.027,0.0289,78.63,78.07,77.56,76.5,1.08155,5.0,5.35,5.888,6.317,209772.8,1.68,32.4,12.11,26.26,7.22
2024-07-31,400.0,402.79998779296875,390.54998779296875,400.6499938964844,692755,44814.0,65020.353,0.002,0.029888,0.047,0.026,0.027,0.0289,80.72,80.84,80.23,78.91,1.08255,4.895,5.38,5.94,6.37,214237.6,1.65,33.1,12.11,26.82,7.37
2024-08-01,394.25,397.70001220703125,387.8500061035156,387.8500061035156,436957,44814.0,65020.353,0.002,0.029888,0.047,0.026,0.027,0.0289,79.52,78.95,78.47,77.46,1.07915,5.1225,5.6425,6.1,6.52,207482.6,1.7,32.0,12.11,25.96,7.13
2024-08-02,385.6499938964844,389.04998779296875,379.20001220703125,381.04998779296875,467572,44814.0,65020.353,0.002,0.029888,0.047,0.026,0.027,0.0289,76.81,76.27,75.81,74.85,1.0909,5.463,5.827,6.25,6.52,203844.9,1.73,31.5,12.11,25.5,7.01
2024-08-05,381.79998779296875,386.04998779296875,374.0,384.95001220703125,515553,44814.0,65020.353,0.002,0.029888,0.047,0.026,0.027,0.0289,76.3,75.96,75.62,74.76,1.0953,6.45,6.418,6.595,6.7,205931.2,1.71,31.8,12.11,25.77,7.08
2024-08-06,386.75,388.0,382.20001220703125,385.25,520672,44814.0,65020.353,0.002,0.029888,0.047,0.026,0.027,0.0289,76.48,76.03,75.62,74.64,1.09315,5.777,6.39,6.325,6.565,206091.7,1.71,31.8,12.11,25.79,7.09
2024-08-07,384.79998779296875,392.5,382.6499938964844,391.0,552850,44814.0,65020.353,0.002,0.029888,0.047,0.026,0.027,0.0289,78.33,77.67,77.14,76.01,1.0922,5.547,6.3,6.21,6.475,209167.7,1.69,32.3,12.11,26.17,7.19
2024-08-08,389.1000061035156,389.25,382.29998779296875,386.0,441215,44814.0,65020.353,0.002,0.029888,0.047,0.026,0.027,0.0289,79.16,78.48,77.95,76.8,1.09185,5.598,6.27,6.2175,6.505,206492.9,1.71,31.9,12.11,25.84,7.1
2024-08-09,384.6499938964844,387.29998779296875,381.70001220703125,382.75,397947,44814.0,65020.353,0.002,0.029888,0.047,0.026,0.027,0.0289,79.66,78.92,78.36,77.2,1.09165,5.49,6.13,6.13,6.49,204754.3,1.72,31.6,12.11,25.62,7.04
2024-08-12,384.0,384.8999938964844,376.25,376.6499938964844,431478,44814.0,65020.353,0.002,0.029888,0.047,0.026,0.027,0.0289,82.3,81.38,80.71,79.35,1.09315,5.588,6.108,6.14,6.51,201491.0,1.75,31.1,12.11,25.21,6.93
2024-08-13,378.3999938964844,378.70001220703125,374.6000061035156,376.79998779296875,358514,44814.0,65020.353,0.002,0.029888,0.047,0.026,0.027,0.0289,80.69,79.93,79.34,78.15,1.0993,5.74,6.175,6.24,6.64,201571.3,1.75,31.1,12.11,25.22,6.93
2024-08-14,387.1000061035156,388.0,376.3999938964844,380.54998779296875,424974,44814.0,65020.353,0.002,0.029888,0.047,0.026,0.027,0.0289,79.76,79.03,78.51,77.47,1.10125,5.6575,6.2275,6.23,6.65,203577.4,1.73,31.4,12.11,25.47,7.0
2024-08-15,381.0,387.3999938964844,379.5,384.20001220703125,332554,44814.0,65020.353,0.004,0.028341,0.046,0.022,0.022,0.0253,81.04,80.17,79.6,78.43,1.0972,5.2475,6.057,6.08,6.53,205529.9,1.72,31.7,12.11,25.72,7.07
2024-08-16,384.54998779296875,385.45001220703125,382.8999938964844,385.3500061035156,286711,44814.0,65020.353,0.004,0.028341,0.046,0.022,0.022,0.0253,79.68,78.87,78.29,77.17,1.10285,5.36,6.11,6.16,6.535,206145.2,1.71,31.8,12.11,25.79,7.09
2024-08-19,384.95001220703125,387.3500061035156,381.6499938964844,385.70001220703125,221710,44814.0,65020.353,0.004,0.028341,0.046,0.022,0.022,0.0253,77.67,77.14,76.73,75.8,1.10855,6.075,6.338,6.28,6.5925,206332.4,1.71,31.8,12.11,25.82,7.09
2024-08-20,386.29998779296875,387.8999938964844,384.54998779296875,385.1000061035156,190101,44814.0,65020.353,0.004,0.028341,0.046,0.022,0.022,0.0253,77.33,76.69,76.23,75.25,1.11305,6.383,6.52,6.36,6.59,206011.5,1.71,31.8,12.11,25.78,7.08
2024-08-21,385.3500061035156,391.45001220703125,385.3500061035156,390.5,220875,44814.0,65020.353,0.004,0.028341,0.046,0.022,0.022,0.0253,76.08,75.54,75.12,74.24,1.11505,6.5075,6.525,6.308,6.518,208900.2,1.69,32.2,12.11,26.14,7.18
2024-08-22,391.6499938964844,393.79998779296875,390.3500061035156,392.25,226043,44814.0,65020.353,0.004,0.028341,0.046,0.022,0.022,0.0253,77.02,76.37,75.84,74.8,1.11125,6.025,6.4,6.17,6.37,209836.4,1.68,32.4,12.11,26.25,7.21
2024-08-23,392.95001220703125,395.95001220703125,391.6000061035156,394.3999938964844,230308,44814.0,65020.353,0.004,0.028341,0.046,0.022,0.022,0.0253,79.01,78.13,77.53,76.4,1.11915,6.275,6.5725,6.3225,6.413,210986.5,1.67,32.6,12.11,26.4,7.25
2024-08-26,394.5,396.20001220703125,393.5,395.29998779296875,144111,44814.0,65020.353,0.004,0.028341,0.046,0.022,0.022,0.0253,81.29,80.2,79.32,77.85,1.11615,6.4975,6.64,6.4,6.4775,211468.0,1.67,32.6,12.11,26.46,7.27
2024-08-27,396.25,397.1499938964844,392.25,392.25,176738,44814.0,65020.353,0.004,0.028341,0.046,0.022,0.022,0.0253,79.67,78.78,78.03,76.75,1.11845,6.43,6.55,6.28,6.41,209836.4,1.68,32.4,12.11,26.25,7.21
2024-08-28,392.8999938964844,393.75,390.70001220703125,391.3999938964844,192263,44814.0,65020.353,0.004,0.028341,0.046,0.022,0.022,0.0253,78.84,77.76,76.96,75.71,1.11205,6.54,6.6375,6.35,6.41,209381.6,1.69,32.3,12.11,26.2,7.2
2024-08-29,392.1499938964844,398.6499938964844,392.1499938964844,398.54998779296875,218454,44814.0,65020.353,0.004,0.028341,0.046,0.022,0.022,0.0253,80.05,78.95,78.11,76.78,1.10775,6.423,6.7,6.4,6.46,213206.6,1.66,32.9,12.11,26.68,7.33
2024-08-30,396.5,400.6499938964844,396.1000061035156,396.6000061035156,403906,44814.0,65020.353,0.004,0.028341,0.046,0.022,0.022,0.0253,78.81,76.75,76.06,74.93,1.10475,6.13,6.52,6.25,6.345,212163.5,1.66,32.7,12.11,26.55,7.29
2024-09-02,396.20001220703125,396.25,392.6000061035156,395.3500061035156,143074,44814.0,65020.353,0.004,0.028341,0.046,0.022,0.022,0.0253,77.28,76.52,75.95,75.06,1.1072,6.21,6.43,6.2,6.31,211494.8,1.67,32.6,12.11,26.46,7.27
2024-09-03,394.6499938964844,399.54998779296875,394.6000061035156,397.5,218859,44814.0,65020.353,0.004,0.028341,0.046,0.022,0.022,0.0253,73.7,73.25,72.88,72.19,1.10435,6.2225,6.357,6.132,6.275,212644.9,1.66,32.8,12.11,26.61,7.31
2024-09-04,393.29998779296875,395.29998779296875,389.29998779296875,391.45001220703125,346509,44814.0,65020.353,0.004,0.028341,0.046,0.022,0.022,0.0253,72.53,72.11,71.76,71.19,1.10825,6.23,6.308,6.1,6.26,209408.4,1.69,32.3,12.11,26.2,7.2
2024-09-05,391.54998779296875,393.95001220703125,385.25,387.54998779296875,304795,44814.0,65020.353,0.004,0.028341,0.046,0.022,0.022,0.0253,72.81,72.45,72.16,71.73,1.11105,6.2325,6.348,6.135,6.26,207322.1,1.7,32.0,12.11,25.94,7.13
2024-09-06,385.25,388.54998779296875,381.54998779296875,382.79998779296875,364186,44814.0,65020.353,0.004,0.028341,0.046,0.022,0.022,0.0253,71.4,71.01,70.74,70.45,1.1085,5.7,6.15,5.96,6.18,204781.1,1.72,31.6,12.11,25.62,7.04
2024-09-09,383.3500061035156,384.6499938964844,380.54998779296875,383.54998779296875,225495,44814.0,65020.353,0.004,0.028341,0.046,0.022,0.022,0.0253,71.81,71.33,70.95,70.54,1.10345,5.6,6.0225,5.905,6.095,205182.3,1.72,31.7,12.11,25.67,7.05
2024-09-10,382.25,385.1000061035156,376.54998779296875,376.54998779296875,384642,44814.0,65020.353,0.004,0.028341,0.046,0.022,0.022,0.0253,69.48,69.11,68.81,68.54,1.10195,5.73,6.07,5.95,6.22,201437.6,1.75,31.1,12.11,25.2,6.93
2024-09-11,374.6000061035156,379.04998779296875,367.70001220703125,367.70001220703125,651291,44814.0,65020.353,0.004,0.028341,0.046,0.022,0.022,0.0253,70.48,70.04,69.68,69.36,1.1012,5.58,6.12,5.96,6.19,196703.2,1.79,30.4,12.11,24.61,6.76
2024-09-12,371.45001220703125,372.29998779296875,364.54998779296875,365.20001220703125,555702,44814.0,65020.353,0.004,0.028341,0.046,0.022,0.022,0.0253,72.14,71.58,71.19,70.82,1.10745,5.432,6.1475,5.975,6.2,195365.8,1.81,30.1,12.11,24.44,6.72
2024-09-13,365.20001220703125,369.3500061035156,364.8999938964844,366.6499938964844,384052,44814.0,65020.353,0.004,0.028341,0.046,0.022,0.022,0.0253,71.96,71.37,70.95,70.54,1.10765,5.45,6.1225,5.94,6.17,196141.4,1.8,30.3,12.11,24.54,6.74
2024-09-16,366.1499938964844,371.0,365.6499938964844,365.8999938964844,395694,44814.0,65020.353,0.004,0.028341,0.046,0.017,0.014,0.0244,72.93,72.32,71.92,71.48,1.11325,5.925,6.2925,6.08,6.24,195740.3,1.8,30.2,12.11,24.49,6.73
2024-09-17,368.0,371.20001220703125,366.04998779296875,368.3500061035156,537481,44814.0,65020.353,0.004,0.028341,0.046,0.017,0.014,0.0244,73.87,73.17,72.73,72.21,1.11135,5.8825,6.277,6.045,6.24,197051.0,1.79,30.4,12.11,24.65,6.77
2024-09-18,368.0,368.95001220703125,364.6499938964844,365.79998779296875,366658,44814.0,65020.353,0.004,0.028341,0.046,0.017,0.014,0.0244,73.19,72.45,72.02,71.57,1.11185,5.71,6.24,6.0,6.24,195686.8,1.8,30.2,12.11,24.48,6.73
2024-09-19,371.79998779296875,379.0,367.0,379.0,477913,44814.0,65020.353,0.004,0.028341,0.046,0.017,0.014,0.0244,74.76,73.9,73.37,72.71,1.11615,5.445,6.2,5.93,6.15,202748.2,1.74,31.3,12.11,25.37,6.97
2024-09-20,376.6000061035156,377.45001220703125,369.8999938964844,370.5,797929,44814.0,65020.353,0.004,0.028341,0.046,0.017,0.014,0.0244,74.76,73.96,73.44,72.8,1.11625,5.3625,6.195,5.94,6.13,198201.1,1.78,30.6,12.11,24.8,6.81
2024-09-23,370.3500061035156,371.0,367.04998779296875,367.79998779296875,284017,44814.0,65020.353,0.004,0.028341,0.046,0.017,0.014,0.0244,73.96,73.27,72.86,72.3,1.11125,5.567,6.218,5.995,6.15,196756.8,1.79,30.4,12.11,24.62,6.76
2024-09-24,375.8500061035156,383.54998779296875,375.70001220703125,383.29998779296875,487130,44814.0,65020.353,0.004,0.028341,0.046,0.017,0.014,0.0244,75.15,74.45,74.01,73.45,1.11805,5.627,6.19,5.935,6.15,205048.6,1.72,31.6,12.11,25.66,7.05
2024-09-25,381.75,386.79998779296875,380.1499938964844,382.04998779296875,299845,44814.0,65020.353,0.004,0.028341,0.046,0.017,0.014,0.0244,73.45,72.92,72.59,72.17,1.1133,5.7175,6.305,6.04,6.21,204379.8,1.73,31.5,12.11,25.57,7.03
2024-09-26,391.1499938964844,408.6499938964844,391.04998779296875,408.6499938964844,768768,44814.0,65020.353,0.004,0.028341,0.046,0.017,0.014,0.0244,71.37,70.86,70.54,70.29,1.11765,5.693,6.327,6.12,6.25,218609.6,1.62,33.7,12.11,27.35,7.52
2024-09-27,411.6000061035156,413.20001220703125,403.8999938964844,405.95001220703125,617812,44814.0,65020.353,0.004,0.028341,0.046,0.017,0.014,0.0244,72.28,71.86,71.54,71.15,1.11635,5.8225,6.425,6.24,6.31,217165.3,1.63,33.5,12.11,27.17,7.47
2024-09-30,407.1000061035156,408.45001220703125,402.04998779296875,402.04998779296875,431250,44814.0,65020.353,0.004,0.028341,0.046,0.017,0.014,0.0244,71.83,71.76,71.54,71.2,1.11345,6.075,6.52,6.263,6.348,215078.9,1.64,33.2,12.11,26.91,7.39
2024-10-01,399.8500061035156,400.5,388.8999938964844,391.6000061035156,361455,44814.0,65020.353,0.004,0.028341,0.046,0.017,0.014,0.0244,73.87,73.49,73.22,72.84,1.10675,6.355,6.7325,6.425,6.465,209488.7,1.69,32.3,12.11,26.21,7.2
2024-10-02,393.54998779296875,399.45001220703125,391.5,394.29998779296875,355807,44814.0,65020.353,0.004,0.028341,0.046,0.017,0.014,0.0244,74.33,73.95,73.64,73.11,1.10455,6.16,6.64,6.37,6.415,210933.1,1.67,32.6,12.11,26.39,7.25
2024-10-03,393.1499938964844,394.1499938964844,388.70001220703125,389.70001220703125,282275,44814.0,65020.353,0.004,0.028341,0.046,0.017,0.014,0.0244,77.8,77.26,76.82,75.96,1.1032,6.0825,6.7,6.41,6.46,208472.2,1.69,32.2,12.11,26.08,7.17
2024-10-04,388.5,396.75,385.8500061035156,393.3500061035156,389670,44814.0,65020.353,0.004,0.028341,0.046,0.017,0.014,0.0244,78.12,77.49,76.95,75.91,1.0977,7.1,6.475,6.3,6.37,210424.9,1.68,32.5,12.11,26.33,7.23
2024-10-07,395.1499938964844,398.5,392.5,394.54998779296875,324712,44814.0,65020.353,0.004,0.028341,0.046,0.017,0.014,0.0244,81.09,80.48,79.91,78.64,1.09755,7.452,6.4275,6.24,6.35,211066.8,1.67,32.6,12.11,26.41,7.26
2024-10-08,386.75,389.0,381.3500061035156,386.8999938964844,332758,44814.0,65020.353,0.004,0.028341,0.046,0.017,0.014,0.0244,81.09,80.48,79.91,78.64,1.09815,7.42,6.37,6.18,6.28,206974.3,1.71,31.9,12.11,25.9,7.12
2024-10-09,390.75,392.5,387.79998779296875,390.0,212011,44814.0,65020.353,0.004,0.028341,0.046,0.017,0.014,0.0244,76.81,76.33,75.93,75.14,1.09395,7.46,6.39,6.2,6.277,208632.8,1.69,32.2,12.11,26.1,7.17
2024-10-10,388.70001220703125,390.45001220703125,386.5,390.0,272610,44814.0,65020.353,0.004,0.028341,0.046,0.017,0.014,0.0244,79.47,78.9,78.39,77.26,1.09355,7.37,6.43,6.305,6.35,208632.8,1.69,32.2,12.11,26.1,7.17
2024-10-11,389.8999938964844,394.6000061035156,388.0,394.6000061035156,266653,44814.0,65020.353,0.004,0.028341,0.046,0.017,0.014,0.0244,78.96,78.5,78.05,77.06,1.0938,7.23,6.36,6.265,6.345,211093.6,1.67,32.6,12.11,26.41,7.26
2024-10-14,391.8500061035156,393.29998779296875,388.25,391.54998779296875,282213,44814.0,65020.353,0.004,0.028341,0.046,0.017,0.014,0.0244,77.48,77.11,76.74,75.95,1.09095,7.238,6.3425,6.22,6.34,209461.9,1.69,32.3,12.11,26.21,7.2
2024-10-15,385.0,389.3500061035156,375.1000061035156,376.3999938964844,631888,44814.0,65020.353,0.004,0.028341,0.046,0.02,0.016,0.026,77.48,77.11,76.74,75.95,1.0891,7.375,6.4775,6.357,6.4,200866.9,1.75,31.1,12.11,25.19,6.92
2024-10-16,346.20001220703125,373.0,346.20001220703125,368.20001220703125,856747,44814.0,65020.353,0.004,0.028341,0.046,0.02,0.016,0.026,74.21,73.78,73.39,72.68,1.0862,7.588,6.6775,6.49,6.51,196491.0,1.79,30.4,12.11,24.64,6.77
2024-10-17,372.3500061035156,376.3500061035156,368.5,372.1499938964844,442359,44814.0,65020.353,0.004,0.028341,0.046,0.02,0.016,0.026,74.44,73.98,73.58,72.9,1.08315,7.568,6.873,6.66,6.6575,198844.1,1.77,30.7,12.11,24.91,6.84
2024-10-18,372.1499938964844,376.29998779296875,371.45001220703125,372.70001220703125,297442,44814.0,65020.353,0.004,0.028341,0.046,0.02,0.016,0.026,73.01,72.63,72.3,71.75,1.08665,7.375,6.665,6.567,6.567,199138.0,1.77,30.8,12.11,24.95,6.85
2024-10-21,370.75,374.45001220703125,363.1000061035156,363.70001220703125,291564,44814.0,65020.353,0.004,0.028341,0.046,0.02,0.016,0.026,74.3,73.93,73.55,72.88,1.08155,7.66,6.78,6.62,6.63,194329.2,1.81,30.0,12.11,24.34,6.69
2024-10-22,364.04998779296875,368.6000061035156,362.70001220703125,367.25,269645,44814.0,65020.353,0.004,0.028341,0.046,0.02,0.016,0.026,76.06,75.63,75.19,74.41,1.0799,7.8675,6.98,6.775,6.7,196226.0,1.8,30.3,12.11,24.58,6.75
2024-10-23,355.1499938964844,360.6000061035156,350.3500061035156,358.1000061035156,642274,44814.0,65020.353,0.004,0.028341,0.046,0.02,0.016,0.026,74.96,74.55,74.16,73.49,1.07825,8.265,7.225,6.96,6.837,191337.1,1.84,29.6,12.11,23.97,6.59
2024-10-24,359.75,364.0,357.79998779296875,358.70001220703125,360703,44814.0,65020.353,0.004,0.028341,0.046,0.02,0.016,0.026,74.36,74.0,73.65,73.03,1.08275,7.79,6.98,6.75,6.7,191657.6,1.84,29.6,12.11,24.01,6.6
2024-10-25,358.6499938964844,358.79998779296875,354.6499938964844,355.6499938964844,299447,44814.0,65020.353,0.004,0.028341,0.046,0.02,0.016,0.026,76.04,75.62,75.2,74.48,1.0795,7.6975,6.84,6.725,6.7,190027.9,1.86,29.4,12.11,23.8,6.54
2024-10-28,358.79998779296875,360.8999938964844,356.6499938964844,359.54998779296875,317300,44814.0,65020.353,0.004,0.028341,0.046,0.02,0.016,0.026,76.04,75.62,75.2,74.48,1.08125,8.19,7.0,6.76,6.7,192111.9,1.84,29.7,12.11,24.07,6.61
2024-10-29,361.45001220703125,362.3999938964844,354.3500061035156,355.6000061035156,307733,44814.0,65020.353,0.004,0.028341,0.046,0.02,0.016,0.026,71.08,70.68,70.37,69.99,1.08185,8.6225,7.225,6.925,6.788,190001.4,1.86,29.4,12.11,23.8,6.54
2024-10-30,350.3999938964844,351.8500061035156,343.3500061035156,348.70001220703125,451318,44814.0,65020.353,0.004,0.028341,0.046,0.02,0.016,0.026,72.56,72.16,71.81,71.32,1.0856,8.42,7.08,6.66,6.605,186314.5,1.89,28.8,12.11,23.34,6.41
2024-10-31,348.3999938964844,348.3999938964844,337.1499938964844,344.25,783645,44814.0,65020.353,0.004,0.028341,0.046,0.02,0.016,0.026,73.14,72.86,72.49,71.95,1.08835,8.0025,6.97,6.6,6.57,183936.9,1.92,28.4,12.11,23.04,6.33
2024-11-01,342.1499938964844,348.95001220703125,342.1499938964844,346.5,376364,44814.0,65020.353,0.004,0.028341,0.046,0.02,0.016,0.026,73.11,72.74,72.5,72.1,1.08345,8.0,6.95,6.672,6.65,185139.1,1.9,28.6,12.11,23.19,6.37
2024-11-04,345.25,349.25,344.04998779296875,344.3999938964844,274294,44814.0,65020.353,0.004,0.028341,0.046,0.02,0.016,0.026,75.14,74.71,74.41,73.75,1.08775,8.585,7.07,6.69,6.61,184016.9,1.92,28.4,12.11,23.05,6.33
2024-11-05,345.3500061035156,347.29998779296875,343.79998779296875,347.29998779296875,329243,44814.0,65020.353,0.004,0.028341,0.046,0.02,0.016,0.026,75.53,75.13,74.81,74.14,1.0931,8.705,6.9825,6.57,6.557,185566.6,1.9,28.7,12.11,23.25,6.39
2024-11-06,347.29998779296875,353.45001220703125,337.45001220703125,337.70001220703125,643135,44814.0,65020.353,0.004,0.028341,0.046,0.02,0.016,0.026,74.92,74.58,74.28,73.71,1.0729,7.128,6.795,6.68,6.725,180437.1,1.95,27.9,12.11,22.6,6.21
2024-11-07,337.8500061035156,345.95001220703125,337.04998779296875,345.95001220703125,554776,44814.0,65020.353,0.004,0.028341,0.046,0.02,0.016,0.026,75.65,75.28,75.01,74.38,1.0805,6.45,6.42,6.51,6.615,184845.2,1.91,28.6,12.11,23.16,6.36
2024-11-08,345.20001220703125,345.79998779296875,334.20001220703125,334.70001220703125,453341,44814.0,65020.353,0.004,0.028341,0.046,0.02,0.016,0.026,73.9,73.62,73.41,72.99,1.07185,6.585,6.5525,6.607,6.692,178834.1,1.97,27.6,12.11,22.4,6.16
2024-11-11,340.25,340.79998779296875,335.54998779296875,337.0,360985,44814.0,65020.353,0.004,0.028341,0.046,0.02,0.016,0.026,71.84,71.66,71.49,71.22,1.0656,7.36,7.11,7.0525,7.015,180063.1,1.96,27.8,12.11,22.56,6.2
2024-11-12,332.6499938964844,333.8500061035156,328.20001220703125,329.0,459132,44814.0,65020.353,0.004,0.028341,0.046,0.02,0.016,0.026,71.89,71.64,71.45,71.1,1.06235,7.72,7.37,7.275,7.25,175788.6,2.01,27.2,12.11,22.02,6.05
2024-11-13,327.6000061035156,330.70001220703125,324.75,326.95001220703125,554073,44814.0,65020.353,0.004,0.028341,0.046,0.02,0.016,0.026,72.35,72.04,71.8,71.37,1.0564,7.275,7.1875,7.175,7.2,174693.3,2.02,27.0,12.11,21.88,6.01
2024-11-14,328.1499938964844,331.8500061035156,326.1000061035156,329.79998779296875,486533,44814.0,65020.353,0.004,0.028341,0.046,0.02,0.016,0.026,72.55,72.22,71.97,71.51,1.05305,7.468,7.423,7.345,7.3,176216.1,2.0,27.2,12.11,22.07,6.07
2024-11-15,327.1000061035156,328.70001220703125,325.20001220703125,327.20001220703125,410573,44814.0,65020.353,0.004,0.025123,0.046,0.023,0.017,0.026,71.05,70.79,70.58,70.2,1.05415,7.56,7.4,7.38,7.275,174826.8,2.02,27.0,12.11,21.9,6.02
2024-11-18,327.25,327.3999938964844,323.3500061035156,324.8999938964844,296309,44814.0,65020.353,0.004,0.025123,0.046,0.023,0.017,0.026,73.29,73.01,72.78,72.31,1.05995,7.48,7.21,7.17,7.1,173597.9,2.03,26.8,12.11,21.75,5.98
2024-11-19,325.75,326.6499938964844,318.8500061035156,321.95001220703125,412736,44814.0,65020.353,0.004,0.025123,0.046,0.023,0.017,0.026,73.33,73.0,72.78,72.34,1.0596,7.55,7.155,7.1,7.06,172021.7,2.05,26.6,12.11,21.55,5.92
2024-11-20,324.3999938964844,324.6499938964844,320.20001220703125,320.20001220703125,282177,44814.0,65020.353,0.004,0.025123,0.046,0.023,0.017,0.026,72.8,72.48,72.26,71.83,1.0544,8.02,7.46,7.32,7.252,171086.6,2.06,26.4,12.11,21.43,5.89
2024-11-21,319.6499938964844,324.20001220703125,316.29998779296875,322.8999938964844,401865,44814.0,65020.353,0.004,0.025123,0.046,0.023,0.017,0.026,74.22,73.75,73.42,72.79,1.04745,8.155,7.682,7.52,7.422,172529.3,2.04,26.7,12.11,21.61,5.94
2024-11-22,324.1499938964844,331.1000061035156,323.1000061035156,329.04998779296875,477166,44814.0,65020.353,0.004,0.025123,0.046,0.023,0.017,0.026,75.16,74.63,74.23,73.56,1.0418,8.2675,7.75,7.587,7.45,175815.3,2.01,27.2,12.11,22.02,6.05
2024-11-25,332.8999938964844,336.04998779296875,329.8500061035156,333.70001220703125,724569,44814.0,65020.353,0.004,0.025123,0.046,0.023,0.017,0.026,73.02,72.47,72.13,71.59,1.04945,8.358,7.61,7.47,7.39,178299.8,1.98,27.5,12.11,22.34,6.14
2024-11-26,331.1499938964844,336.29998779296875,328.3999938964844,332.45001220703125,322632,44814.0,65020.353,0.004,0.025123,0.046,0.023,0.017,0.026,72.85,72.36,72.04,71.51,1.0488,8.3,7.76,7.545,7.442,177631.9,1.99,27.4,12.11,22.25,6.11
2024-11-27,331.0,333.3999938964844,329.6499938964844,332.8500061035156,300479,44814.0,65020.353,0.004,0.025123,0.046,0.023,0.017,0.026,72.91,72.38,72.02,71.38,1.0566,8.445,7.798,7.58,7.51,177845.8,1.98,27.5,12.11,22.28,6.12
2024-11-28,333.0,334.3500061035156,328.54998779296875,328.8999938964844,226380,44814.0,65020.353,0.004,0.025123,0.046,0.023,0.017,0.026,73.16,72.68,72.32,71.74,1.0555,8.113,7.8,7.63,7.53,175735.1,2.01,27.2,12.11,22.01,6.05
2024-11-29,326.1000061035156,328.95001220703125,325.20001220703125,328.6499938964844,387391,44814.0,65020.353,0.004,0.025123,0.046,0.023,0.017,0.026,72.95,71.84,71.49,70.92,1.05765,7.9625,7.69,7.485,7.4175,175601.6,2.01,27.1,12.11,22.0,6.04
