Date,Open,High,Low,Close,Volume,MarketValue,DividendYield,PriceToEarnings,EPS,PriceToCash,PriceToBook
12/01/2014,115.6402045,116.3154784,115.5135963,115.8512268,563831,76666.63,1.82,27.5,4.98,20.8,3.77
12/02/2014,116.27326,116.9485338,115.7246073,116.5264893,628713,77113.5,1.81,27.7,4.98,20.93,3.79
12/03/2014,116.2310642,117.1595674,116.1888572,116.3998795,519450,77029.69,1.81,27.7,4.98,20.9,3.79
12/04/2014,116.2310679,117.2017781,114.2896603,114.4584885,1043572,75744.94,1.84,27.2,4.98,20.55,3.72
12/05/2014,115.809004,117.4127808,115.3869595,117.4127808,821623,77700,1.8,27.9,4.98,21.09,3.82
12/08/2014,116.9485329,117.3283704,116.3998674,116.7375107,411071,77253.13,1.81,27.8,4.98,20.96,3.8
12/09/2014,115.7668195,116.4843004,114.2052623,114.7117081,905292,75912.5,1.84,27.3,4.98,20.6,3.73
12/10/2014,115.5135905,116.5264947,114.5850874,114.8805237,686640,76024.25,1.84,27.3,4.98,20.63,3.74
12/11/2014,114.4584781,115.2603601,113.8254113,114.28965,637379,75633.25,1.85,27.2,4.98,20.52,3.72
12/12/2014,113.7409853,114.1630298,112.1372215,112.3482437,871690,74348.5,1.88,26.7,4.98,20.18,3.65
15/12/2014,112.0950244,113.2767439,109.6049644,109.8159866,780081,72672.69,1.92,26.1,4.98,19.72,3.57
16/12/2014,110.6178772,111.5885745,107.7901736,111.5041733,1420055,73789.88,1.89,26.5,4.98,20.02,3.63
17/12/2014,110.9977121,113.2345429,110.2380371,112.6858902,1193902,74571.94,1.87,26.8,4.98,20.24,3.67
18/12/2014,114.4162783,116.0200424,113.1079376,116.0200424,980446,76778.31,1.82,27.6,4.98,20.84,3.77
19/12/2014,116.2310574,117.2439617,114.1208348,116.1888504,1264902,76890.06,1.82,27.6,4.98,20.87,3.78
22/12/2014,116.0622357,117.7082066,116.0200287,116.7797165,534302,77281.06,1.81,27.8,4.98,20.97,3.8
23/12/2014,117.243973,118.0458679,116.5265049,118.0458679,512034,78118.94,1.79,28.1,4.98,21.2,3.84
24/12/2014,117.8770219,118.0036429,116.2310509,116.7797165,128252,77281.06,1.81,27.8,4.98,20.97,3.8
29/12/2014,116.484286,118.2990723,116.3576778,118.2990723,439237,78286.5,1.78,28.1,4.98,21.24,3.85
30/12/2014,117.7926256,118.5100935,116.6108932,116.6108932,373973,77169.38,1.81,27.7,4.98,20.94,3.79
31/12/2014,116.9063378,117.6660128,116.9063378,117.5816116,124168,77811.75,1.79,28,4.98,21.12,3.82
01/02/2015,117.4127984,118.1724734,115.3869768,115.9778366,494248,76750.44,1.82,27.6,4.98,17.41,3.26
01/05/2015,114.7961282,117.497211,113.1079499,113.2345581,888302,74935,1.86,26.9,4.98,16.99,3.18
01/06/2015,113.4877874,114.5851059,113.0657428,113.2345581,760714,74935,1.86,26.9,4.98,16.99,3.18
01/07/2015,113.9520135,114.7116885,112.601466,113.8675995,653133,75353.94,1.85,27.1,4.98,17.09,3.2
01/08/2015,115.1759286,118.1302398,114.7960912,118.0036316,872938,78091,1.79,28.1,4.98,17.71,3.32
01/09/2015,117.5816168,118.4257059,115.7246233,116.3154831,732982,76973.88,1.81,27.7,4.98,17.46,3.27
01/12/2015,116.6531063,119.4808098,116.6531063,118.9321442,854154,78705.5,1.77,28.3,4.98,17.85,3.34
13/01/2015,118.5100713,121.6332104,118.2568549,120.4092712,727470,79683,1.75,28.6,4.98,18.07,3.38
14/01/2015,118.5945072,120.873545,118.467899,119.5230103,820209,79096.5,1.77,28.4,4.98,17.94,3.36
15/01/2015,120.4092937,123.5746275,116.5264919,123.3214111,1360985,81610.19,1.71,29.3,4.98,18.51,3.46
16/01/2015,122.3928953,125.6426429,122.3506883,123.7856369,1278931,81917.38,1.7,29.4,4.98,18.58,3.48
19/01/2015,123.7434403,125.0095737,123.1947748,123.8700485,617314,81973.25,1.7,29.5,4.98,18.59,3.48
20/01/2015,124.2076964,125.516037,122.8993687,125.516037,792656,83062.5,1.68,29.8,4.98,18.84,3.53
21/01/2015,125.6426675,126.4445496,123.6168459,126.4445496,1071786,83676.94,1.67,30.1,4.98,18.98,3.55
22/01/2015,125.9802823,127.1198076,124.5031266,126.8243713,1212603,83928.31,1.66,30.2,4.98,19.03,3.56
23/01/2015,127.3730236,131.5090674,127.0776002,131.3824463,1162617,86944.69,1.61,31.2,4.98,19.72,3.69
26/01/2015,130.8337988,133.9147186,130.6227766,133.9147186,893390,88620.5,1.58,31.8,4.98,20.1,3.76
27/01/2015,133.5348704,134.5477746,131.0448106,131.9311066,957886,87307.81,1.6,31.4,4.98,19.8,3.71
28/01/2015,132.0998977,132.5641492,130.4117201,132.5219421,855806,87698.81,1.59,31.5,4.98,19.89,3.72
29/01/2015,131.5934826,135.2230682,131.5934826,135.2230682,886730,89486.31,1.56,32.2,4.98,20.29,3.8
30/01/2015,134.7166014,134.9276236,132.564172,134.2523499,1065091,88843.94,1.57,31.9,4.98,20.15,3.77
02/02/2015,134.2101417,135.5184821,132.3953556,133.1128235,860515,88089.81,1.59,31.7,4.98,19.98,3.74
02/03/2015,133.6192719,134.2101315,131.3402345,131.4668427,1014191,87000.56,1.61,31.3,4.98,19.73,3.69
02/04/2015,131.1714231,133.3238525,130.7493786,133.3238525,740077,88646.31,1.58,31.7,4.98,20.01,3.75
02/05/2015,132.2265331,133.7881028,132.1843389,133.3660583,620831,88674.38,1.58,31.7,4.98,20.02,3.75
02/06/2015,132.9862354,133.7037033,132.0999393,133.0284424,603523,88449.88,1.59,31.6,4.98,19.97,3.74
02/09/2015,132.0155339,132.5641996,130.8760214,131.6356964,1126302,87523.81,1.6,31.3,4.98,19.76,3.7
02/10/2015,131.2136142,133.7458809,130.960385,132.9862061,698965,88421.81,1.59,31.6,4.98,19.96,3.74
02/11/2015,132.1843699,134.1257647,132.1421628,133.7037201,636353,88898.88,1.58,31.8,4.98,20.07,3.76
02/12/2015,133.9569205,134.378965,132.1843413,133.2816467,880975,88618.25,1.71,18.6,8.51,20,3.74
13/02/2015,136.2781683,137.3332795,128.3437367,131.7200928,1788034,87579.94,1.73,18.3,8.51,19.77,3.7
16/02/2015,131.2136251,131.2980391,130.1163069,130.4117432,812377,86710.06,1.75,18.2,8.51,19.57,3.66
17/02/2015,130.4117272,131.298023,129.2300079,131.171402,772836,87215.13,1.74,18.3,8.51,19.69,3.69
18/02/2015,130.833816,131.5090899,130.3695644,131.2136536,872706,87243.19,1.74,18.3,8.51,19.69,3.69
19/02/2015,130.664962,132.6485632,130.3273187,132.606369,860374,88169.25,1.72,18.5,8.51,19.9,3.73
20/02/2015,132.3109615,133.3660729,131.5090795,133.0284424,1086755,88449.88,1.71,18.5,8.51,19.97,3.74
23/02/2015,133.3660787,134.2101678,132.6908048,133.9991455,560015,89095.25,1.7,18.7,8.51,20.11,3.76
24/02/2015,134.2101649,134.8854387,132.9018242,134.4633942,706853,89403.94,1.69,18.7,8.51,20.18,3.78
25/02/2015,134.2101588,134.8854327,133.8303213,134.5899963,557318,89488.13,1.69,18.7,8.51,20.2,3.78
26/02/2015,134.7165889,136.2359386,133.745879,136.0671234,645209,90470.31,1.67,19,8.51,20.42,3.82
27/02/2015,135.8983341,136.9534454,134.5477865,136.9534454,732689,91059.56,1.66,19.1,8.51,20.55,3.85
03/02/2015,137.4599101,137.5021042,135.6873179,136.8268433,615748,90975.38,1.67,19.1,8.51,20.54,3.84
03/03/2015,136.3203728,137.9663437,135.5184908,135.9827423,545506,90414.19,1.68,18.9,8.51,20.41,3.82
03/04/2015,136.4047882,137.8397369,135.0542406,137.8397369,684737,91648.88,1.65,19.2,8.51,20.69,3.87
03/05/2015,138.1351566,139.1902679,137.9663414,139.0636597,775649,92462.69,1.64,19.4,8.51,20.87,3.91
03/06/2015,138.7260319,139.9921654,138.5994109,139.7811432,659532,92939.75,1.63,19.5,8.51,20.98,3.93
03/09/2015,138.9791972,139.6544707,137.7974782,139.5278625,618031,92771.31,1.63,19.4,8.51,20.94,3.92
03/10/2015,139.0214667,139.7811546,138.3461928,139.1058807,625121,92490.75,1.64,19.4,8.51,20.88,3.91
03/11/2015,140.034342,143.4951116,139.6545045,143.2418823,1006589,95240.75,1.59,20,8.51,21.5,4.02
03/12/2015,142.9042748,143.7483638,142.229001,142.6932526,573673,94875.94,1.6,19.9,8.51,21.42,4.01
13/03/2015,142.8620675,144.97229,142.6088382,144.97229,644393,96391.25,1.57,20.2,8.51,21.76,4.07
16/03/2015,145.0144909,146.5338537,144.8034687,146.2806244,642940,97261.19,1.56,20.4,8.51,21.95,4.11
17/03/2015,146.1962064,147.0825024,144.7612577,145.6053467,690887,96812.19,1.57,20.3,8.51,21.85,4.09
18/03/2015,144.5080499,145.436553,143.2841233,144.2970276,975649,95942.31,1.58,20.1,8.51,21.66,4.05
19/03/2015,144.2970059,145.1833019,142.608828,143.7061462,710309,95549.44,1.59,20,8.51,21.57,4.04
20/03/2015,143.5795526,145.6897752,143.5795526,145.2677307,1051530,96587.69,1.57,20.2,8.51,21.8,4.08
23/03/2015,145.5631693,145.6475834,142.9465007,144.4658508,549612,96054.5,1.58,20.1,8.51,21.68,4.06
24/03/2015,144.4658271,146.111811,144.1704037,144.6768494,707685,96194.81,1.58,20.2,8.51,21.71,4.06
25/03/2015,144.1282038,144.4236401,142.1023952,142.6088409,562794,94819.81,1.6,19.9,8.51,21.4,4.01
26/03/2015,141.3849283,142.651062,139.612336,142.651062,753317,94847.88,1.6,19.9,8.51,21.41,4.01
27/03/2015,143.3685117,145.4787341,142.9042603,145.309906,822331,96615.75,1.57,20.2,8.51,21.81,4.08
30/03/2015,145.1833162,147.0825166,144.4236412,145.6475677,586466,96840.25,1.56,20.3,8.51,21.86,4.09
31/03/2015,145.1833422,146.7449123,144.4658612,144.6346893,825185,96166.81,1.58,20.1,8.51,21.71,4.06
04/01/2015,143.8327803,146.2384395,142.9464971,144.5924683,650002,96138.69,1.58,20.1,8.51,21.7,4.06
04/02/2015,145.0144798,146.1961991,144.6768365,145.7741547,358262,96924.44,1.56,20.3,8.51,21.88,4.1
04/07/2015,147.3779549,148.3064452,145.4787545,147.8421936,462511,98299.44,1.54,20.6,8.51,22.19,4.15
04/08/2015,146.7448811,147.5889701,145.6475628,146.9136963,602539,97682.13,1.55,20.5,8.51,22.05,4.13
04/09/2015,147.5467437,148.5174408,147.1246992,148.5174408,579083,98748.44,1.53,20.7,8.51,22.29,4.17
04/10/2015,148.6440824,151.0497284,148.3486461,151.0497284,579074,100432.1,1.51,21,8.51,22.67,4.24
13/04/2015,150.3744642,151.0075311,149.5303752,150.7965088,610608,100263.8,1.51,21,8.51,22.63,4.24
14/04/2015,150.501077,150.6698923,148.7706919,149.9102173,621440,99674.5,1.52,20.9,8.51,22.5,4.21
15/04/2015,150.5010601,151.1341268,149.6991782,150.3322449,547329,99955.06,1.52,20.9,8.51,22.56,4.22
16/04/2015,149.8258091,151.0919427,148.3908602,150.8809204,681541,100319.9,1.51,21,8.51,22.64,4.24
17/04/2015,150.6276984,151.3029723,148.3486604,148.812912,871584,98944.88,1.53,20.7,8.51,22.33,4.18
20/04/2015,147.8421857,149.5725708,147.7577846,149.5725708,710302,99450,1.52,20.8,8.51,22.45,4.2
21/04/2015,150.6276647,153.0333232,149.9101968,150.3744354,795543,99983.13,1.52,20.9,8.51,22.57,4.22
22/04/2015,150.3322635,151.1341455,147.9266046,149.4881744,594842,99393.88,1.52,20.8,8.51,22.44,4.2
23/04/2015,149.9946294,150.543295,146.1118273,147.7155914,842944,98215.25,1.54,20.6,8.51,22.17,4.15
24/04/2015,148.0531965,149.1083077,146.8714772,148.3486328,509431,98636.19,1.54,20.7,8.51,22.26,4.17
27/04/2015,148.1376293,151.5561925,146.322843,151.3029633,709393,100600.5,1.51,21.1,8.51,22.71,4.25
28/04/2015,150.6276841,150.8809134,145.5631499,146.8714905,752047,97654.06,1.55,20.5,8.51,22.04,4.13
29/04/2015,146.9137072,148.4752643,142.81987,142.81987,820080,94960.13,1.6,19.9,8.51,21.44,4.01
30/04/2015,142.651043,145.18331,141.1738872,143.8749695,900945,95661.69,1.58,20,8.51,21.59,4.04
05/04/2015,145.5631576,147.1247275,144.0437947,146.3228455,567817,97289.25,1.56,20.4,8.51,21.96,4.11
05/05/2015,145.7654965,148.0377181,142.6786925,142.9359283,1111922,93557.06,1.62,19.6,8.51,21.12,3.95
05/06/2015,142.4214652,144.5650754,141.7783821,143.8362427,830548,94146.38,1.61,19.7,8.51,21.25,3.98
05/07/2015,143.3217743,145.4225228,141.6926358,144.5650787,964900,94623.38,1.6,19.8,8.51,21.36,4
05/08/2015,145.8083888,148.8094435,144.7794584,148.7236938,662614,97345.31,1.56,20.4,8.51,21.97,4.11
05/11/2015,146.9658784,147.6518361,145.379615,145.8940735,628496,95493.31,1.59,20,8.51,21.56,4.03
05/12/2015,144.9937556,144.9937556,142.2927997,144.2649231,582948,94427,1.6,19.8,8.51,21.31,3.99
13/05/2015,144.3506863,145.9369496,142.0355773,142.5500488,530918,93304.5,1.62,19.5,8.51,21.06,3.94
14/05/2015,142.035576,146.0226979,141.392493,145.8940735,513972,95493.31,1.59,20,8.51,21.56,4.03
15/05/2015,146.1942076,147.0516517,143.6647504,144.3935699,662580,94511.13,1.6,19.8,8.51,21.33,3.99
18/05/2015,144.0506074,145.5940094,142.4643306,145.5940094,519835,95296.88,1.59,20,8.51,21.51,4.03
19/05/2015,145.7654914,150.0527118,145.5940052,149.8812256,830429,98103,1.54,20.6,8.51,22.14,4.15
20/05/2015,149.195275,150.0527191,148.1663447,150.0527191,527595,98215.25,1.54,20.6,8.51,22.17,4.15
21/05/2015,149.3238817,150.0098395,148.380701,149.9669647,437881,98159.13,1.54,20.6,8.51,22.16,4.15
22/05/2015,150.0527118,150.0527118,148.7236709,149.8812256,451300,98103,1.54,20.6,8.51,22.14,4.15
25/05/2015,149.6239961,149.8812319,148.552191,149.3667603,193783,97766.31,1.55,20.5,8.51,22.07,4.13
26/05/2015,149.7954755,150.8672806,148.2092119,148.8522949,802118,97166.44,1.56,20.4,8.51,21.99,4.12
27/05/2015,149.8383533,152.6250466,148.8951596,152.3249359,689281,99433.25,1.52,20.9,8.51,22.51,4.21
28/05/2015,151.7675892,152.1105616,150.1384508,151.3388672,437271,98789.56,1.53,20.8,8.51,22.36,4.19
29/05/2015,151.5532497,151.7676107,147.2231542,147.4375153,952178,96242.88,1.57,20.2,8.51,21.78,4.08
06/01/2015,148.4235729,149.9669617,147.6518654,148.8522949,468356,97166.44,1.56,20.4,8.51,21.99,4.12
06/02/2015,150.2242107,150.2242107,145.4653931,145.4653931,759698,94955.5,1.59,19.9,8.51,21.49,4.02
06/03/2015,145.7655094,148.3807168,144.9938149,146.2371063,515293,95459.31,1.58,20.1,8.51,21.61,4.04
06/04/2015,145.1652643,147.3088741,142.5929324,145.7654724,550210,95151.44,1.59,20,8.51,21.54,4.03
06/05/2015,145.0795362,145.3796468,142.7215649,142.8930511,534080,93276.44,1.62,19.6,8.51,21.11,3.95
06/08/2015,142.8930523,143.7933713,141.9498717,142.2071075,456314,92828.63,1.63,19.5,8.51,21.01,3.93
06/09/2015,141.7355105,142.2928439,139.9777475,141.2210388,674609,92184.94,1.64,19.4,8.51,20.87,3.91
06/10/2015,141.006677,144.6079395,140.2349825,143.8791199,718122,93920.06,1.61,19.7,8.51,21.26,3.98
06/11/2015,143.3646541,146.4085833,142.721571,144.6936951,627971,94451.81,1.6,19.8,8.51,21.38,4
06/12/2015,144.4793195,144.9509163,140.8780572,142.0355988,537981,92716.69,1.63,19.5,8.51,20.99,3.93
15/06/2015,140.8780692,141.6926385,139.6347779,139.9348755,565144,91345.38,1.65,19.2,8.51,20.68,3.87
16/06/2015,139.120313,141.9927561,138.3914802,141.4354095,603665,92324.88,1.64,19.4,8.51,20.9,3.91
17/06/2015,142.164203,142.2070779,138.177081,139.2060242,576125,90869.63,1.66,19.1,8.51,20.57,3.85
18/06/2015,138.7344503,140.7065743,137.4054094,140.4064636,643990,91653.25,1.65,19.3,8.51,20.74,3.88
19/06/2015,140.7923273,141.8212577,138.2199948,138.7344666,1707362,90561.81,1.67,19,8.51,20.5,3.84
22/06/2015,141.9069953,144.6079389,141.0495512,144.2220917,965452,94143.94,1.61,19.8,8.51,21.31,3.99
23/06/2015,145.7654756,146.5371699,144.5221844,145.5082397,814896,94983.56,1.59,20,8.51,21.5,4.02
24/06/2015,145.8941214,146.0227458,143.7933857,144.9080658,603707,94591.75,1.6,19.9,8.51,21.41,4.01
25/06/2015,142.4643301,145.4653844,141.5211494,143.57901,910521,93724.19,1.61,19.7,8.51,21.21,3.97
26/06/2015,142.5929248,145.8083395,142.335689,144.6079102,623951,94395.88,1.6,19.8,8.51,21.37,4
29/06/2015,138.8630676,141.8212471,137.6626511,138.8630676,1102544,90645.75,1.67,19,8.51,20.52,3.84
30/06/2015,138.7773012,139.8919678,136.8909142,137.1910248,1101763,89554.31,1.69,18.8,8.51,20.27,3.79
07/01/2015,136.5908504,140.1063634,135.56192,137.9198914,1048642,90030.06,1.68,18.9,8.51,20.38,3.81
07/02/2015,138.0913804,139.077436,136.2907425,136.633728,566744,89190.5,1.69,18.7,8.51,20.19,3.78
07/03/2015,136.3764992,137.2339434,135.1760695,135.7762909,428076,88630.75,1.71,18.6,8.51,20.06,3.76
07/06/2015,132.9038274,135.9906312,132.4751054,133.6755219,788245,87259.5,1.73,18.3,8.51,19.75,3.7
07/07/2015,133.6755537,134.3615117,131.8749286,132.00354,776968,86168,1.75,18.1,8.51,19.5,3.65
07/08/2015,132.1750001,134.0613875,131.960639,133.4183044,737568,87091.56,1.74,18.3,8.51,19.71,3.69
07/09/2015,134.1471316,137.5340333,133.7184095,136.9766998,697232,89414.38,1.69,18.8,8.51,20.24,3.79
07/10/2015,140.4064975,141.6069143,139.4633036,141.1781921,859863,92157,1.64,19.4,8.51,20.86,3.9
13/07/2015,143.8362447,144.3078415,141.6497596,142.8501892,721586,93248.44,1.62,19.6,8.51,21.11,3.95
14/07/2015,143.1931728,144.8223114,142.8502003,144.8223114,522204,94535.75,1.6,19.9,8.51,21.4,4.01
15/07/2015,144.3078511,145.5940173,143.3646573,145.4225311,525991,94927.56,1.59,19.9,8.51,21.49,4.02
16/07/2015,145.7655135,147.7376378,145.5940273,146.6658325,691518,95739.13,1.58,20.1,8.51,21.67,4.06
17/07/2015,147.0087781,147.3946253,145.6368755,146.0655975,572513,95347.38,1.58,20,8.51,21.58,4.04
20/07/2015,146.6229349,148.8522947,146.4514487,147.8662262,484839,96522.75,1.57,20.3,8.51,21.85,4.09
21/07/2015,148.4235434,148.50928,145.6368508,145.8940735,497490,95235.44,1.59,20,8.51,21.56,4.03
22/07/2015,145.2939083,146.2371021,144.479339,144.8223114,558541,94535.75,1.6,19.9,8.51,21.4,4.01
23/07/2015,146.1513442,146.3228304,144.007734,144.9509277,381006,94619.75,1.6,19.9,8.51,21.42,4.01
24/07/2015,144.8651599,147.0516447,144.8222851,145.2510071,505017,94815.63,1.59,19.9,8.51,21.46,4.02
27/07/2015,144.6079351,145.293893,142.2499639,142.464325,555397,92996.56,1.63,19.5,8.51,21.05,3.94
28/07/2015,143.2360344,144.5650754,142.7644376,143.8362427,443415,93892.06,1.61,19.7,8.51,21.25,3.98
29/07/2015,144.1792062,146.0655936,143.2360257,145.6797333,879472,95095.5,1.59,20,8.51,21.52,4.03
30/07/2015,146.6229309,146.7515423,144.6936818,146.0655975,576781,95347.38,1.58,20,8.51,21.58,4.04
31/07/2015,144.9937925,148.2520694,144.6079322,146.0655975,856951,95347.38,1.58,20,8.51,21.58,4.04
08/03/2015,145.4225268,150.3528304,145.4225268,149.7097473,768711,97726.13,1.55,20.5,8.51,22.12,4.14
08/04/2015,149.6239836,150.5243025,148.68079,150.4385529,460573,98201.88,1.54,20.6,8.51,22.23,4.16
08/05/2015,150.9101425,152.9680029,150.4385457,152.6250305,723479,99629.19,1.52,19.8,9,22.55,4.22
08/06/2015,152.4106745,153.4396047,152.0248273,152.7536469,633211,99713.13,1.52,19.8,9,22.57,4.22
08/07/2015,152.3678145,152.4535642,151.0816484,151.7247314,395707,99041.44,1.53,19.7,9,22.42,4.2
08/10/2015,152.3249375,153.2252564,151.6818544,152.667923,360245,99657.19,1.52,19.8,9,22.56,4.22
08/11/2015,152.1963062,152.3677923,148.7665302,148.8951416,797459,97194.38,1.55,19.3,9,22,4.12
08/12/2015,146.7515638,147.3946469,140.7065929,141.1353149,1257743,92129,1.64,18.3,9,20.85,3.9
13/08/2015,142.7215677,144.8651779,142.6786929,143.964859,723518,93976.06,1.61,18.7,9,21.27,3.98
14/08/2015,144.2649366,144.7794082,141.7783545,142.5500488,440460,93052.5,1.62,18.5,9,21.06,3.94
17/08/2015,143.7933698,145.0366611,140.706579,142.8501892,501961,93248.44,1.62,18.5,9,21.11,3.95
18/08/2015,142.2928449,143.1074142,141.5211505,141.9069977,348027,92632.75,1.63,18.4,9,20.97,3.92
19/08/2015,141.0495446,141.5211415,139.0345459,139.0345459,480308,90757.69,1.67,18,9,20.54,3.85
20/08/2015,138.9059383,139.1631741,135.8191344,136.0763702,744471,88826.69,1.7,17.6,9,20.1,3.76
21/08/2015,134.2328792,136.8480863,132.2178802,132.2178802,842430,86308,1.75,17.1,9,19.53,3.66
24/08/2015,128.0164113,130.3315078,120.3851507,125.4869537,2068201,81914.19,1.84,16.3,9,18.54,3.47
25/08/2015,127.9306522,132.0892611,126.6016113,131.0174561,1589836,85524.38,1.77,17,9,19.36,3.62
26/08/2015,128.6165926,129.173926,125.8727746,127.2875519,1791845,83089.56,1.82,16.5,9,18.81,3.52
27/08/2015,131.0174561,131.4890529,128.5737352,131.0174561,1036305,85524.38,1.77,17,9,19.36,3.62
28/08/2015,131.2746919,131.4033033,129.3454427,131.0174561,579964,85524.38,1.77,17,9,19.36,3.62
31/08/2015,129.6455507,131.2318276,129.3454531,130.9317169,468714,85468.38,1.77,17,9,19.34,3.62
09/01/2015,128.3593621,128.9167086,126.5158628,128.4022369,833935,83817.25,1.8,16.6,9,18.97,3.55
09/02/2015,129.1310885,130.331505,127.5448116,129.1739502,582832,84320.94,1.79,16.7,9,19.09,3.57
09/03/2015,130.8888328,131.6605403,129.3025691,129.3883057,1146951,84460.88,1.79,16.8,9,19.12,3.58
09/04/2015,127.6734245,127.8449238,124.3293977,124.9724808,1583860,81578.38,1.85,16.2,9,18.46,3.46
09/07/2015,126.2586265,127.2875566,125.5297938,126.2157516,473524,82389.94,1.83,16.4,9,18.65,3.49
09/08/2015,127.1160736,128.102129,125.958519,125.958519,611912,82222.06,1.84,16.3,9,18.61,3.48
09/09/2015,128.7023803,129.4312,127.3733392,127.416214,684414,83173.56,1.82,16.5,9,18.83,3.52
09/10/2015,126.8588291,127.1589397,124.6723444,125.0582047,602970,81634.38,1.85,16.2,9,18.48,3.46
09/11/2015,125.6584446,125.8728056,123.8149318,124.5866394,707857,81326.5,1.86,16.1,9,18.41,3.45
14/09/2015,124.6723685,126.1728957,123.4290771,123.4290771,614370,80570.88,1.88,16,9,18.24,3.41
15/09/2015,123.8149041,126.3443743,123.5148065,125.8299026,763478,82138.06,1.84,16.3,9,18.59,3.48
16/09/2015,126.9017433,129.9456729,126.3872716,129.1311035,790799,84293,1.79,16.7,9,19.08,3.57
17/09/2015,129.6884016,129.9027626,128.530847,129.0453186,472916,84237,1.79,16.7,9,19.07,3.57
18/09/2015,128.2307484,128.6165956,125.1439449,125.8299026,1506497,82138.06,1.84,16.3,9,18.59,3.48
21/09/2015,126.0871426,129.1739331,126.0442678,128.7880859,620009,84069.13,1.8,16.7,9,19.03,3.56
22/09/2015,128.5737438,128.74523,124.4151476,124.8009949,580891,81466.44,1.86,16.2,9,18.44,3.45
23/09/2015,125.1439778,126.473019,124.0721726,124.7152557,746500,81410.44,1.86,16.2,9,18.43,3.45
24/09/2015,125.6584269,125.8727879,122.0571645,123.3861923,1125481,80542.88,1.88,16,9,18.23,3.41
25/09/2015,125.5726902,130.7602298,125.2297177,130.2457581,1264338,85020.63,1.78,16.9,9,19.24,3.6
28/09/2015,129.7741525,130.5029721,128.0163898,128.4022369,911940,83817.25,1.8,16.6,9,18.97,3.55
29/09/2015,126.4301223,128.5737324,125.8727889,127.587677,680951,83285.5,1.81,16.5,9,18.85,3.53
30/09/2015,130.1171182,134.0184907,130.1171182,132.9466858,1147870,86783.75,1.74,17.2,9,19.64,3.68
10/01/2015,134.6187318,134.8330928,130.7602331,130.9745941,853373,85496.38,1.77,17,9,19.35,3.62
10/02/2015,132.1321208,133.8898705,130.4600946,133.375412,1292841,87063.56,1.74,17.3,9,19.71,3.69
10/05/2015,135.8620112,138.091371,134.9616923,137.448288,821507,89722.25,1.68,17.8,9,20.31,3.8
10/06/2015,136.9767057,138.8630802,136.5908584,137.791275,676273,89946.13,1.68,17.9,9,20.36,3.81
10/07/2015,137.9627404,138.6915731,137.3196574,138.0056152,972618,90086.06,1.68,17.9,9,20.39,3.82
10/08/2015,137.3196553,139.3775288,137.3196553,138.9488068,871653,90701.69,1.67,18,9,20.53,3.84
10/09/2015,140.1921123,141.0924312,138.8630713,140.6208344,876495,91793.19,1.65,18.2,9,20.78,3.89
10/12/2015,141.2210406,142.2499709,140.2778599,141.6068878,594009,92436.81,1.63,18.4,9,20.92,3.92
13/10/2015,141.7783785,141.8641151,139.9777408,140.7065735,814071,91849.13,1.65,18.2,9,20.79,3.89
14/10/2015,140.2778517,142.2071008,139.3775328,140.7494354,809609,91877.13,1.64,18.2,9,20.8,3.89
15/10/2015,142.1642109,143.407502,141.6497392,143.1073914,669674,93416.31,1.62,18.5,9,21.14,3.96
16/10/2015,143.3217664,143.3217664,141.3925173,142.3785858,665526,92940.56,1.63,18.5,9,21.04,3.94
19/10/2015,142.1642233,144.5221944,142.1642233,144.3935699,487420,94255.88,1.6,18.7,9,21.33,3.99
20/10/2015,144.4364742,144.9080711,142.9359469,143.6647797,595670,93780.13,1.61,18.6,9,21.23,3.97
21/10/2015,143.4075144,143.7076251,141.3925157,142.0355988,827345,92716.69,1.63,18.4,9,20.99,3.93
22/10/2015,141.6926365,147.1374118,141.4354007,146.6229401,831461,95711.19,1.58,19,9,21.66,4.06
23/10/2015,147.951976,150.352822,147.3517678,148.8522949,1082689,97166.44,1.56,19.3,9,21.99,4.12
26/10/2015,147.9948558,148.166342,146.0656066,146.6229401,1046368,95711.19,1.58,19,9,21.66,4.06
27/10/2015,146.5800547,147.3517622,145.5082497,146.7086792,677452,95767.13,1.58,19,9,21.68,4.06
28/10/2015,147.4803804,148.5093106,146.7515477,147.2231445,638510,96103,1.57,19.1,9,21.75,4.07
29/10/2015,148.466434,149.6239888,147.0087817,149.1952667,865063,97390.31,1.55,19.3,9,22.04,4.13
30/10/2015,144.9080431,145.6797375,141.2210311,142.3785858,1566978,92940.56,1.63,18.5,9,21.04,3.94
11/02/2015,141.1781658,143.1502898,140.5779575,141.6068878,791907,92436.81,1.63,18.4,9,20.92,3.92
11/03/2015,141.349669,141.9927521,140.7923225,141.9927521,777956,92688.75,1.63,18.4,9,20.98,3.93
11/04/2015,142.7215453,144.1791974,141.521129,142.4214478,687722,92968.56,1.63,18.5,9,21.04,3.94
11/05/2015,142.8502003,145.2510335,142.46434,144.8223114,632393,94535.75,1.6,18.8,9,21.4,4.01
11/06/2015,144.8222841,144.8222841,141.9927294,143.1931458,785692,93472.31,1.62,18.6,9,21.16,3.96
11/09/2015,143.4075239,143.4932735,141.0924274,141.2210388,546745,92184.94,1.64,18.3,9,20.87,3.91
11/10/2015,142.2928457,142.6786929,139.9348744,141.6068878,574650,92436.81,1.63,18.4,9,20.92,3.92
11/11/2015,143.1931357,145.7654674,143.1931357,145.6368561,756500,95067.5,1.59,18.9,9,21.52,4.03
11/12/2015,145.6797446,146.5800635,143.407523,143.8791199,581329,93920.06,1.61,18.6,9,21.26,3.98
13/11/2015,143.5361202,143.6218699,140.9637882,142.2499542,693963,92856.63,1.63,18.4,9,21.02,3.93
16/11/2015,141.0924223,142.678686,140.4064644,142.464325,487567,92996.56,1.63,18.5,9,21.05,3.94
17/11/2015,143.4075175,146.6229327,143.1502817,146.4514465,692124,95599.19,1.58,19,9,21.64,4.05
18/11/2015,145.2510122,145.6797342,143.9219844,144.0077209,612929,94004,1.61,18.7,9,21.28,3.98
19/11/2015,145.079555,145.1653046,143.1931804,143.6219025,627342,93752.19,1.61,18.6,9,21.22,3.97
20/11/2015,144.4364592,145.0795423,142.935932,144.6936951,569267,94451.81,1.6,18.8,9,21.38,4
23/11/2015,144.0506152,145.1652952,142.4214765,144.4364624,520977,94283.94,1.6,18.7,9,21.34,3.99
24/11/2015,144.1792102,144.3078347,139.463268,141.3925171,593081,92296.88,1.64,18.3,9,20.89,3.91
25/11/2015,141.6926185,145.4225051,141.6068689,144.5221863,521258,94339.88,1.6,18.7,9,21.35,4
26/11/2015,144.3935812,146.5371915,144.3078447,144.9509277,388417,94619.75,1.6,18.8,9,21.42,4.01
27/11/2015,144.1363616,145.7655002,143.4932785,144.6936951,292972,94451.81,1.6,18.8,9,21.38,4
30/11/2015,144.0935041,145.8512674,143.2360599,143.7076569,614125,93808.19,1.61,18.6,9,21.23,3.97
12/01/2015,144.0506075,144.6936905,142.63583,143.2360382,519853,93500.31,1.62,18.6,9,21.16,3.96
12/02/2015,143.7933537,145.5511164,143.4932561,144.5221863,390080,94339.88,1.6,18.7,9,21.35,4
12/03/2015,144.1363789,147.3517948,137.7912838,138.3057556,1531464,90281.94,1.67,17.9,9,20.43,3.83
12/04/2015,137.7483901,137.7483901,135.2618075,136.5479736,1119177,89134.5,1.7,17.7,9,20.17,3.78
12/07/2015,137.83414,141.0495554,137.191057,139.9348755,584331,91345.38,1.65,18.1,9,20.68,3.87
12/08/2015,140.0206184,141.3496593,136.5908421,137.062439,755060,89470.31,1.69,17.8,9,20.25,3.79
12/09/2015,138.3057272,138.348602,134.9188258,135.0045624,603331,88127.06,1.71,17.5,9,19.95,3.73
12/10/2015,134.0185267,134.9188457,132.603736,134.1042633,674489,87539.31,1.73,17.4,9,19.81,3.71
12/11/2015,133.7184172,134.44725,131.7891678,132.432251,653145,86447.88,1.75,17.2,9,19.57,3.66
14/12/2015,132.432217,134.8759375,130.3314819,130.3314819,671177,85076.56,1.78,16.9,9,19.26,3.6
15/12/2015,131.489085,135.9477926,131.1460994,135.8191681,1038549,88658.75,1.7,17.6,9,20.07,3.76
16/12/2015,135.6905244,136.4193571,134.6615941,135.4332886,711443,88406.88,1.71,17.6,9,20.01,3.75
17/12/2015,139.5061551,140.1063634,137.7483921,137.9198914,767732,90030.06,1.68,17.9,9,20.38,3.81
18/12/2015,136.6337107,137.5768913,134.404351,135.261795,1258622,88294.94,1.71,17.5,9,19.98,3.74
21/12/2015,134.8759526,136.8480765,132.9895782,132.9895782,601585,86811.69,1.74,17.2,9,19.65,3.68
22/12/2015,133.632692,133.632692,130.7602485,132.00354,593157,86168,1.75,17.1,9,19.5,3.65
23/12/2015,133.8898703,135.433272,133.3754117,134.7044525,514839,87931.13,1.72,17.5,9,19.9,3.73
24/12/2015,134.3614807,134.4043555,133.3754253,134.3614807,72485,87707.25,1.72,17.4,9,19.85,3.72
28/12/2015,134.6187199,134.833081,132.7323456,132.7323456,267779,86643.81,1.74,17.2,9,19.61,3.67
29/12/2015,133.6326711,135.6047821,133.6326711,135.6047821,426106,88518.81,1.71,17.6,9,20.04,3.75
30/12/2015,135.0045598,135.9906283,134.4043516,134.9188232,318072,88071.06,1.72,17.5,9,19.93,3.73
01/04/2016,130.8030962,131.6605403,128.4022502,129.3883057,886496,84460.88,1.79,16.8,9,17.89,3.45
01/05/2016,130.6744654,130.8888264,127.3733137,129.902771,685509,84796.69,1.78,16.8,9,17.96,3.46
01/06/2016,129.5169012,130.202859,128.1878606,129.7312622,737208,84684.75,1.78,16.8,9,17.94,3.46
01/07/2016,126.9017079,129.9885114,126.5587356,129.3454285,1180024,84432.88,1.79,16.8,9,17.88,3.45
01/08/2016,129.1310646,129.9885085,128.2736206,128.2736206,1114553,83733.25,1.8,16.6,9,17.73,3.42
01/11/2016,128.1879038,130.3315142,127.2447099,127.3304596,710053,83117.63,1.82,16.5,9,17.6,3.39
01/12/2016,127.2018224,130.0313771,126.8159621,128.7880859,779277,84069.13,1.8,16.7,9,17.8,3.43
13/01/2016,131.1889328,131.4461686,129.002448,129.4740448,673162,84516.88,1.79,16.8,9,17.9,3.45
14/01/2016,127.8877762,127.9735259,125.4011937,126.7731094,825400,82753.81,1.83,16.4,9,17.53,3.38
15/01/2016,125.9156616,126.3443836,123.857788,125.0153427,1256949,81606.31,1.85,16.2,9,17.28,3.33
18/01/2016,124.5866173,126.0871443,123.9435343,125.4440613,540070,81886.19,1.85,16.3,9,17.34,3.34
19/01/2016,127.8449351,128.9167404,127.0303527,127.9306717,630259,83509.38,1.81,16.6,9,17.69,3.41
20/01/2016,125.4440752,125.6155614,122.3143964,123.729187,1161940,80766.75,1.87,16,9,17.11,3.3
21/01/2016,123.7720561,126.4301248,123.6005568,125.3154449,1088100,81802.25,1.85,16.2,9,17.32,3.34
22/01/2016,127.2875558,129.6884016,126.5158615,129.0453186,900380,84237,1.79,16.7,9,17.84,3.44
25/01/2016,129.8599051,130.9317102,129.4740579,130.4172516,677029,85132.56,1.78,16.9,9,18.03,3.48
26/01/2016,128.3593797,131.1031982,127.5876852,130.8031006,557573,85384.44,1.77,17,9,18.08,3.49
27/01/2016,130.1600219,132.2607574,129.7312999,132.2607574,465928,86335.94,1.75,17.1,9,18.28,3.53
28/01/2016,131.5319146,132.132136,129.1739435,131.0174561,658149,85524.38,1.77,17,9,18.11,3.49
29/01/2016,132.9466916,135.0903015,132.0463728,135.0903015,757534,88183,1.71,17.5,9,18.68,3.6
02/01/2016,135.6476454,135.6905202,133.7183963,135.0045624,497793,88127.06,1.71,17.5,9,18.66,3.6
02/02/2016,134.618735,134.8759709,132.9467215,134.1042633,509691,87539.31,1.73,17.4,9,18.54,3.58
02/03/2016,134.4043627,134.6615986,131.3604336,132.1321411,711570,86252,1.75,17.1,9,18.27,3.52
02/04/2016,133.3325682,133.4611796,131.1889578,132.046402,1075554,86196,1.75,17.1,9,18.26,3.52
02/05/2016,132.0463704,133.418286,130.7173296,131.3604126,745292,85748.25,1.76,17,9,18.16,3.5
02/08/2016,132.0463707,132.0463707,127.9735118,128.6594696,895232,83985.13,1.8,16.7,9,17.79,3.43
02/09/2016,129.602667,130.6316104,126.130029,126.8588486,1133285,82809.75,1.82,16.4,9,17.54,3.38
02/10/2016,128.0592674,131.0603214,126.6016021,129.4740448,1016077,84516.88,1.79,16.8,9,17.9,3.45
02/11/2016,127.3304349,127.5019211,125.3583111,125.7870331,1026387,82110.13,1.84,24.8,5.92,17.39,3.35
02/12/2016,129.5598217,129.9027941,127.0732257,128.7452393,1614541,84041.13,2.06,25.4,5.92,17.8,3.43
15/02/2016,130.3743742,132.2607485,129.2596943,131.7462769,1014038,86000.13,2.02,26,5.92,18.21,3.51
16/02/2016,132.2607622,134.3614978,131.7462905,132.3465118,921568,86391.88,2.01,26.1,5.92,18.3,3.53
17/02/2016,132.5608386,133.5468939,132.3036028,132.9466858,1132941,86783.75,2,26.2,5.92,18.38,3.54
18/02/2016,133.6326617,133.6326617,131.4033019,131.6605377,1173985,85944.13,2.02,26,5.92,18.2,3.51
19/02/2016,131.6605334,132.603714,130.7173397,132.603714,936454,86559.81,2,26.1,5.92,18.33,3.54
22/02/2016,133.2896621,135.3903972,133.2896621,134.7044525,661644,87931.13,1.97,26.6,5.92,18.62,3.59
23/02/2016,133.7612699,135.1331856,133.2896731,134.2757416,651036,87651.31,1.98,26.5,5.92,18.56,3.58
24/02/2016,134.5329792,134.575854,131.2747019,132.2607574,795582,86335.94,2.01,26.1,5.92,18.28,3.53
25/02/2016,133.5469186,135.6047792,133.2039462,134.4901123,617380,87791.19,1.98,26.5,5.92,18.59,3.59
26/02/2016,135.86199,137.534003,134.3185883,134.3185883,724854,87679.25,1.98,26.5,5.92,18.57,3.58
29/02/2016,132.9895818,134.0185121,131.0603326,133.7612762,980748,87825.31,1.99,26.4,5.92,18.49,3.57
03/01/2016,133.7184086,136.3336158,132.8180896,136.290741,591586,89486.13,1.95,26.9,5.92,18.84,3.63
03/02/2016,135.904861,135.9477358,132.6036967,133.5468903,1076647,87684.63,1.99,26.3,5.92,18.46,3.56
03/03/2016,133.1181753,133.5040225,130.2028711,131.3604126,904156,86249,2.02,25.9,5.92,18.16,3.5
03/04/2016,131.874905,135.2618066,131.231822,133.5040436,692529,87656.44,1.99,26.3,5.92,18.46,3.56
03/07/2016,132.9895756,133.2896732,131.4890486,131.9606323,441320,86643.06,2.01,26,5.92,18.24,3.52
03/08/2016,131.103194,133.075318,129.6455417,132.7323456,606003,87149.75,2,26.2,5.92,18.35,3.54
03/09/2016,133.1181736,135.3475331,132.6465768,134.6615753,687785,88416.5,1.97,26.5,5.92,18.62,3.59
03/10/2016,134.5758243,139.077405,131.6176453,131.6176453,1136725,86417.88,2.02,25.9,5.92,18.2,3.51
03/11/2016,133.7612859,135.1760635,132.9038418,133.975647,615552,87966.06,1.98,26.4,5.92,18.52,3.57
14/03/2016,135.004549,135.9906174,134.2757294,135.3903961,613272,88895,1.96,26.7,5.92,18.72,3.61
15/03/2016,134.7473187,135.4332765,134.4043463,135.1760406,487879,88754.25,1.97,26.6,5.92,18.69,3.6
16/03/2016,135.8191481,136.0335091,133.2039539,133.3325653,649269,87543.81,1.99,26.3,5.92,18.43,3.55
17/03/2016,133.975646,134.1042574,130.9745916,133.2896881,980179,87515.69,1.99,26.3,5.92,18.43,3.55
18/03/2016,133.5040223,136.4622014,132.3893426,136.3764648,1709954,89542.44,1.95,26.9,5.92,18.85,3.64
21/03/2016,135.519054,135.6905403,133.5469298,134.1042633,615758,88050.56,1.98,26.4,5.92,18.54,3.58
22/03/2016,132.8180877,133.1181984,130.4172547,132.5179901,782175,87009,2.01,26.1,5.92,18.32,3.53
23/03/2016,132.8180689,135.7762611,132.8180689,135.4761505,990640,88951.31,1.96,26.7,5.92,18.73,3.61
24/03/2016,134.4472304,135.0045638,134.1471197,134.3614807,981452,88219.44,1.98,26.5,5.92,18.58,3.58
29/03/2016,134.1900002,135.347555,134.1042506,135.133194,852628,88726.06,1.97,26.6,5.92,18.68,3.6
30/03/2016,135.561928,138.477233,135.5190532,137.791275,932550,90471.38,1.93,27.2,5.92,19.05,3.67
31/03/2016,136.8909367,137.0195611,134.7473265,135.0045624,793103,88641.69,1.97,26.6,5.92,18.66,3.6
04/01/2016,133.2896742,133.5897849,129.7312867,132.6465912,772742,87093.44,2,26.1,5.92,18.34,3.54
04/04/2016,132.4322359,134.5758461,131.9177773,133.4183044,470951,87600.13,1.99,26.3,5.92,18.44,3.56
04/05/2016,132.4751161,132.732352,131.4890606,132.2178802,484214,86811.94,2.01,26.1,5.92,18.28,3.52
04/06/2016,132.8180723,133.8898773,131.4032949,133.8898773,721635,87909.75,1.99,26.4,5.92,18.51,3.57
04/07/2016,133.6755232,134.0613835,132.3464954,133.0324402,571141,87346.81,2,26.2,5.92,18.39,3.55
04/08/2016,133.332549,133.7183962,132.0892578,132.6465912,420327,87093.44,2,26.1,5.92,18.34,3.54
04/11/2016,132.0464149,133.2039698,130.7173737,132.00354,337749,86671.19,2.01,26,5.92,18.25,3.52
04/12/2016,132.3036115,132.81807,130.0742518,132.4750977,439980,86980.88,2.01,26.1,5.92,18.31,3.53
13/04/2016,134.1471105,135.6476375,133.9756243,135.1760406,632444,88754.25,1.97,26.6,5.92,18.69,3.6
14/04/2016,135.176057,137.3625421,134.4043626,136.8480835,627233,89852.06,1.94,27,5.92,18.92,3.65
15/04/2016,135.4332848,136.9766867,135.0903124,136.033493,642766,89317.25,1.95,26.8,5.92,18.81,3.63
18/04/2016,134.1471279,137.9627515,134.1471279,137.5769043,686011,90330.63,1.93,27.1,5.92,19.02,3.67
19/04/2016,142.6786866,145.2938936,142.6358248,144.4793243,1425672,94862.63,1.84,28.5,5.92,19.97,3.85
20/04/2016,143.193174,144.307854,142.8930633,144.1363678,726267,94637.44,1.84,28.4,5.92,19.93,3.84
21/04/2016,144.0077339,144.3078446,140.3207217,141.6068878,715321,92976.63,1.88,27.9,5.92,19.58,3.78
22/04/2016,141.6068833,142.1213549,139.2917869,140.149231,431029,92019.56,1.9,27.6,5.92,19.38,3.74
25/04/2016,139.8919823,140.8780507,138.8630521,140.1920929,572245,92047.69,1.9,27.6,5.92,19.38,3.74
26/04/2016,141.1352927,142.2928343,138.905933,139.6347656,576325,91681.75,1.9,27.5,5.92,19.3,3.72
27/04/2016,139.9348774,141.3925298,139.7633912,141.3067932,626725,92779.56,1.88,27.9,5.92,19.54,3.77
28/04/2016,140.7494421,142.2071075,139.3346646,142.2071075,824867,93370.69,1.87,28,5.92,19.66,3.79
29/04/2016,142.3381617,142.3381617,138.0129714,138.4498596,867439,89204.63,1.96,26.8,5.92,18.78,3.62
05/02/2016,138.1877074,139.5420632,138.1440292,138.5809174,386688,89289.06,1.95,26.8,5.92,18.8,3.63
05/03/2016,137.9692819,138.7119971,136.0032851,137.8819122,678869,88838.69,1.96,26.7,5.92,18.71,3.61
05/04/2016,137.576099,139.4547263,137.1392108,137.4450378,685957,88557.19,1.97,26.6,5.92,18.65,3.6
05/05/2016,137.7945185,139.4110099,137.5760744,138.6246033,363399,89317.25,1.95,26.8,5.92,18.81,3.63
05/06/2016,137.8819025,138.7119874,136.2654111,137.8382111,506857,88810.56,1.97,26.7,5.92,18.7,3.61
05/09/2016,138.930443,140.9838228,138.2314192,140.1100464,383944,90274.31,1.93,27.1,5.92,19.01,3.67
05/10/2016,140.5906045,142.6439842,140.1974078,140.5032349,467614,90527.63,1.93,27.2,5.92,19.06,3.68
05/11/2016,140.0663534,140.241106,138.4061703,139.1051941,382550,89626.88,1.95,26.9,5.92,18.87,3.64
05/12/2016,138.4061715,140.4158598,136.9207544,138.3188019,477277,89120.19,1.96,26.8,5.92,18.76,3.62
13/05/2016,137.4450141,139.8478989,136.6586074,139.4110107,486289,89823.94,1.94,27,5.92,18.91,3.65
16/05/2016,138.2314059,139.0614907,137.0954941,138.9741211,199760,89542.44,1.95,26.9,5.92,18.85,3.64
17/05/2016,139.8042141,140.634299,137.0955021,138.01297,515317,88923.13,1.96,26.7,5.92,18.72,3.61
18/05/2016,136.9644297,139.7168196,136.9207382,139.6731415,508789,89992.81,1.94,27,5.92,18.95,3.65
19/05/2016,138.7556706,139.3236198,136.8770437,138.2313995,547703,89063.88,1.96,26.7,5.92,18.75,3.62
20/05/2016,139.62946,140.896433,139.2362633,140.3721619,790604,90443.19,1.93,27.2,5.92,19.04,3.67
23/05/2016,140.5469338,140.5469338,138.6246152,139.8916016,340848,90133.56,1.94,27.1,5.92,18.98,3.66
24/05/2016,139.4110058,143.9983312,138.7556736,143.4740601,663885,92441.75,1.89,27.8,5.92,19.46,3.75
25/05/2016,143.8672623,145.4400624,143.4740657,143.9983368,508339,92779.56,1.88,27.9,5.92,19.54,3.77
26/05/2016,143.4740742,145.1342572,143.3867045,144.8284302,400869,93314.44,1.87,28,5.92,19.65,3.79
27/05/2016,144.7410316,145.8769434,144.3041435,145.833252,415878,93961.81,1.86,28.2,5.92,19.78,3.82
30/05/2016,145.352712,146.4886106,144.8721323,146.313858,224754,94271.5,1.85,28.3,5.92,19.85,3.83
31/05/2016,146.2701461,147.6681935,146.0080239,147.5808105,840791,95087.81,1.84,28.5,5.92,20.02,3.86
06/01/2016,147.4934275,148.4545733,146.7507124,147.0128479,662792,94721.88,1.84,28.4,5.92,19.94,3.85
06/02/2016,147.012877,147.3623822,145.3963853,146.5759888,482556,94440.38,1.85,28.4,5.92,19.89,3.83
06/03/2016,146.7944225,147.9740258,145.5711409,146.8818054,490008,94637.44,1.84,28.4,5.92,19.93,3.84
06/06/2016,146.1827817,147.5808158,146.1390902,146.8818054,264451,94637.44,1.84,28.4,5.92,19.93,3.84
06/07/2016,146.7944302,148.4982915,146.4012335,147.493454,686697,95031.5,1.84,28.5,5.92,20.01,3.86
06/08/2016,146.9254851,147.3186951,145.7895865,147.3186951,474760,94918.94,1.84,28.5,5.92,19.99,3.85
06/09/2016,146.8381102,147.0565543,145.1779272,145.7895813,452339,93933.69,1.86,28.2,5.92,19.78,3.81
06/10/2016,145.2216315,145.8769637,142.2507971,142.7750549,603849,91991.44,1.9,27.6,5.92,19.37,3.74
13/06/2016,141.5954436,143.3429961,141.0274811,141.0274811,551269,90865.44,1.92,27.3,5.92,19.13,3.69
14/06/2016,139.6294638,140.4158571,138.6683044,138.6683044,811330,89345.38,1.95,26.8,5.92,18.81,3.63
15/06/2016,139.6731611,141.9012802,139.1925814,140.415863,714402,90471.38,1.93,27.2,5.92,19.05,3.67
16/06/2016,138.9304377,141.15857,138.1440443,140.8090515,612736,90724.69,1.92,27.2,5.92,19.1,3.68
17/06/2016,142.0760308,142.5129189,139.8478986,140.9838104,1162890,90837.31,1.92,27.3,5.92,19.13,3.69
20/06/2016,143.1682439,145.308993,142.5129117,144.3915253,648439,93032.94,1.88,27.9,5.92,19.59,3.78
21/06/2016,144.6536635,146.7944127,143.4740602,146.2701416,499392,94243.31,1.85,28.3,5.92,19.84,3.83
22/06/2016,147.0128791,148.3672352,146.0954113,147.2313232,496027,94862.63,1.84,28.5,5.92,19.97,3.85
23/06/2016,147.5371376,150.9011684,146.969175,149.1099243,640192,96073.06,1.82,28.8,5.92,20.23,3.9
24/06/2016,137.6634426,147.7555603,135.6100632,143.5614319,2354039,92498.06,1.89,27.8,5.92,19.48,3.76
27/06/2016,141.9449512,145.4400562,141.5517545,142.2507782,1122001,91653.63,1.9,27.5,5.92,19.3,3.72
28/06/2016,145.0032007,146.8818281,144.0420546,144.4789429,878342,93089.25,1.87,27.9,5.92,19.6,3.78
29/06/2016,145.5711427,148.6293599,144.9594886,148.5419769,752905,95707.13,1.82,28.7,5.92,20.15,3.89
30/06/2016,147.2313182,150.5953626,147.2313182,150.2895355,843401,96833.06,1.8,29.1,5.92,20.39,3.93
07/01/2016,150.9448596,151.9060188,149.3720595,150.682724,573943,97086.38,1.8,29.1,5.92,20.44,3.94
07/04/2016,151.1633122,152.2555326,150.9885596,151.5128174,410909,97065.94,1.79,29.3,5.92,20.55,3.96
07/05/2016,150.3769111,151.6001926,149.6341959,151.4691315,645195,97037.94,1.79,29.3,5.92,20.55,3.96
07/06/2016,150.1147591,152.0807556,148.8040947,149.4594269,699159,95750.44,1.81,28.9,5.92,20.28,3.91
07/07/2016,150.2458184,151.8186183,149.7215607,150.5953369,496772,96478.19,1.8,29.1,5.92,20.43,3.94
07/08/2016,150.1147644,151.5127984,148.498273,150.9885406,560430,96730.06,1.79,29.2,5.92,20.48,3.95
07/11/2016,151.3817355,152.1681288,150.6390204,152.1244507,340748,97457.75,1.78,29.4,5.92,20.64,3.98
07/12/2016,152.0807897,152.6487391,151.0322607,151.5565186,506322,97093.94,1.79,29.3,5.92,20.56,3.96
13/07/2016,150.6390362,152.1681448,150.1584699,151.7749481,538682,97233.88,1.78,29.4,5.92,20.59,3.97
14/07/2016,152.4739976,152.8671944,151.1633329,152.0371094,475428,97401.81,1.78,29.4,5.92,20.63,3.98
15/07/2016,151.6438796,152.3865814,151.1196085,152.3865814,403551,97625.69,1.78,29.5,5.92,20.67,3.99
18/07/2016,152.255511,152.9108432,150.9885381,151.9060059,344415,97317.88,1.78,29.4,5.92,20.61,3.97
19/07/2016,151.2506697,151.512792,150.0710665,150.2458191,411351,96254.25,1.8,29.1,5.92,20.38,3.93
20/07/2016,150.9011685,152.4739685,150.4642803,152.4739685,464617,97681.69,1.78,29.5,5.92,20.69,3.99
21/07/2016,152.2992163,152.779796,150.6390333,151.4691315,428533,97037.94,1.79,29.3,5.92,20.55,3.96
22/07/2016,150.901178,152.5176697,150.0274017,152.5176697,300358,97709.69,1.78,29.5,5.92,20.69,3.99
25/07/2016,152.9108492,154.2215136,152.3865781,153.0856018,380110,98073.5,1.77,29.6,5.92,20.77,4
26/07/2016,152.7361174,154.3089176,152.7361174,153.6098938,366794,98409.38,1.76,29.7,5.92,20.84,4.02
27/07/2016,153.9157049,155.4448136,152.9982503,153.9593964,574287,98633.31,1.76,29.8,5.92,20.89,4.03
28/07/2016,151.9933655,153.9156705,151.4691078,152.8671417,422818,97933.63,1.77,33.7,5.19,20.74,4
29/07/2016,148.5856539,149.6778742,145.1342404,148.7604065,1338249,95302.63,1.82,32.8,5.19,20.18,3.89
08/01/2016,149.3283557,149.3283557,147.2312981,148.7604065,483474,95302.63,1.82,32.8,5.19,20.18,3.89
08/02/2016,148.2798269,149.3283557,147.7992473,148.7604065,588698,95302.63,1.82,32.8,5.19,20.18,3.89
08/03/2016,149.1099281,149.2410026,147.2313143,147.9740295,385269,94798.81,1.83,32.6,5.19,20.07,3.87
08/04/2016,148.9351945,149.1536386,146.5323092,149.0662689,540100,95498.56,1.82,32.9,5.19,20.22,3.9
08/05/2016,149.3720429,150.6827072,148.5419581,150.2458191,384075,96254.25,1.8,33.1,5.19,20.38,3.93
08/08/2016,150.289506,150.3331975,149.1099028,149.5031128,319671,95778.44,1.81,33,5.19,20.28,3.91
08/09/2016,149.721566,152.1244507,149.5468001,152.1244507,319190,97457.75,1.78,33.5,5.19,20.64,3.98
08/10/2016,151.2943454,151.993369,150.8137792,151.1632843,267989,96842,1.79,33.3,5.19,20.51,3.95
08/11/2016,151.6001992,153.6098875,151.6001992,153.4351349,332573,98297.44,1.77,33.8,5.19,20.82,4.01
08/12/2016,153.4787944,154.046757,152.9982281,153.5661774,257481,98381.44,1.76,33.8,5.19,20.83,4.02
15/08/2016,153.9157034,154.8768628,153.4351371,153.5225067,293508,98353.44,1.76,33.8,5.19,20.83,4.02
16/08/2016,152.9545579,153.6972598,152.1681511,152.5176697,379577,97709.69,1.78,33.6,5.19,20.69,3.99
17/08/2016,152.9108642,153.3914438,151.7312608,151.8623352,316867,97289.81,1.78,33.5,5.19,20.6,3.97
18/08/2016,152.6487215,152.7797959,150.4205892,150.9011688,391948,96674.06,1.8,33.3,5.19,20.47,3.95
19/08/2016,150.6390456,150.9885642,149.2410114,150.0274048,425531,96114.31,1.81,33.1,5.19,20.35,3.92
22/08/2016,150.2895382,151.6002028,148.8478125,149.3720703,289139,95694.5,1.81,32.9,5.19,20.26,3.91
23/08/2016,150.0273921,150.9011684,149.0225547,149.1099243,523241,95526.56,1.82,32.9,5.19,20.23,3.9
24/08/2016,148.541975,149.7215784,147.7555817,149.1099243,436195,95526.56,1.82,32.9,5.19,20.23,3.9
25/08/2016,148.4982836,149.4157514,147.5808157,149.1099243,341392,95526.56,1.82,32.9,5.19,20.23,3.9
26/08/2016,148.9788632,150.3769107,148.0177039,149.677887,287862,95890.38,1.81,33,5.19,20.31,3.92
29/08/2016,149.2410051,149.8526459,147.9303405,149.8526459,202720,96002.38,1.81,33,5.19,20.33,3.92
30/08/2016,150.2895445,151.2070124,149.3720766,149.5468292,438630,95806.44,1.81,33,5.19,20.29,3.91
31/08/2016,149.1973111,149.7215822,147.9740295,147.9740295,430305,94798.81,1.83,32.6,5.19,20.07,3.87
09/01/2016,147.5807945,148.8040892,146.5759572,147.3623505,549285,94407,1.84,32.5,5.19,19.99,3.86
09/02/2016,147.8429607,152.6050393,147.6682081,152.5176697,539730,97709.69,1.78,33.6,5.19,20.69,3.99
09/05/2016,152.9108698,153.3914495,151.7749578,151.8186493,338506,97261.88,1.78,33.5,5.19,20.6,3.97
09/06/2016,151.9497104,152.299229,150.6827373,151.8186493,421185,97261.88,1.78,33.5,5.19,20.6,3.97
09/07/2016,151.1196096,152.21183,150.9885485,151.6001892,456485,97121.88,1.79,33.4,5.19,20.57,3.97
09/08/2016,151.2943742,151.8186454,148.8041195,148.9351807,508928,95414.56,1.82,32.8,5.19,20.21,3.9
09/09/2016,148.5419955,148.8478226,145.5711609,146.0517273,594766,93567.31,1.85,32.2,5.19,19.81,3.82
09/12/2016,144.2604852,146.4012347,143.5614615,146.1390991,600442,93623.31,1.85,32.2,5.19,19.83,3.82
13/09/2016,146.8818092,147.49345,144.5662939,144.6099854,401265,92643.69,1.87,31.9,5.19,19.62,3.78
14/09/2016,145.3963577,145.6148017,143.9983237,144.0856934,490803,92307.81,1.88,31.8,5.19,19.55,3.77
15/09/2016,143.998346,145.3527021,143.692519,145.046875,539885,92923.56,1.87,32,5.19,19.68,3.79
16/09/2016,144.7410323,145.4837474,143.2556153,143.8235779,1199279,92139.88,1.88,31.7,5.19,19.51,3.76
19/09/2016,144.5663009,145.7895958,144.4789312,145.5711517,369424,93259.44,1.86,32.1,5.19,19.75,3.81
20/09/2016,145.1779257,146.444912,144.9158035,145.3526917,349360,93119.5,1.86,32,5.19,19.72,3.8
21/09/2016,146.1827757,146.4885894,144.6099757,145.1342468,411406,92979.56,1.87,32,5.19,19.69,3.8
22/09/2016,146.2701579,148.7604259,145.8332697,148.2798462,665852,94994.75,1.83,32.7,5.19,20.12,3.88
23/09/2016,147.6682281,148.5420046,147.2750314,147.6682281,353632,94602.88,1.83,32.5,5.19,20.03,3.86
26/09/2016,146.8818088,146.9691784,145.3090087,145.6148224,456439,93287.44,1.86,32.1,5.19,19.75,3.81
27/09/2016,146.7070436,147.3623758,145.8332672,146.4012299,433051,93791.25,1.85,32.3,5.19,19.86,3.83
28/09/2016,147.1876221,148.1924729,146.5759813,147.1876221,382823,94295,1.84,32.4,5.19,19.97,3.85
29/09/2016,148.1487693,148.454583,146.0953898,146.4885864,354474,93847.19,1.85,32.3,5.19,19.87,3.83
30/09/2016,145.2653139,147.3186936,144.0420324,146.8818054,580712,94099.13,1.84,32.4,5.19,19.93,3.84
10/03/2016,146.3575157,147.449736,146.2701328,147.0128479,343323,94183.06,1.84,32.4,5.19,19.94,3.85
10/04/2016,147.1439343,149.1099311,147.1439343,148.8478088,549128,95358.63,1.82,32.8,5.19,20.19,3.89
10/05/2016,147.5371339,147.5371339,145.0905575,145.2216187,487257,93035.5,1.87,32,5.19,19.7,3.8
10/06/2016,145.5711424,145.9206476,143.7798983,143.9546509,536090,92223.81,1.88,31.7,5.19,19.53,3.77
10/07/2016,144.0420294,144.2604734,142.556599,142.6439819,566090,91384.13,1.9,31.4,5.19,19.35,3.73
10/10/2016,142.8624208,144.2167767,142.1633972,143.9109497,493791,92195.88,1.88,31.7,5.19,19.52,3.76
10/11/2016,144.129411,145.3090144,143.080882,143.3430176,502654,91832,1.89,31.6,5.19,19.45,3.75
10/12/2016,143.2993246,143.3430161,142.1197212,142.9061279,435527,91552.06,1.9,31.5,5.19,19.39,3.74
13/10/2016,141.9886787,142.2508143,140.4158783,142.2071228,666036,91104.25,1.9,31.3,5.19,19.29,3.72
14/10/2016,144.1730854,147.9740175,144.1293939,146.7070313,878972,93987.13,1.85,32.3,5.19,19.9,3.84
17/10/2016,146.0953935,146.2264679,145.0468646,145.3526917,493593,93119.5,1.86,32,5.19,19.72,3.8
18/10/2016,146.0080416,147.3623844,146.0080416,147.2313232,583899,94323,1.84,32.5,5.19,19.97,3.85
19/10/2016,147.6682051,148.1924763,146.7944288,147.0565643,498484,94211.06,1.84,32.4,5.19,19.95,3.85
20/10/2016,147.4060673,147.6245114,145.483762,146.4012299,436086,93791.25,1.85,32.3,5.19,19.86,3.83
21/10/2016,146.4885793,147.3186774,145.6584946,146.0953827,549129,93595.31,1.85,32.2,5.19,19.82,3.82
24/10/2016,146.444912,147.0128613,145.0905561,145.3526917,393595,93119.5,1.86,32,5.19,19.72,3.8
25/10/2016,145.876955,146.3575346,144.3478464,144.7410431,383447,92727.63,1.87,31.9,5.19,19.64,3.79
26/10/2016,144.7847566,145.3527193,143.6488446,144.4789429,482785,92559.69,1.87,31.8,5.19,19.6,3.78
27/10/2016,144.1293857,146.0953822,143.9109416,144.8721008,424356,92811.63,1.87,31.9,5.19,19.65,3.79
28/10/2016,144.1730986,145.2216276,143.3867053,145.046875,354619,92923.56,1.87,32,5.19,19.68,3.79
31/10/2016,144.4789421,144.6973862,142.4692535,142.4692535,600581,91272.19,1.9,31.4,5.19,19.33,3.73
11/01/2016,143.1682718,144.1731093,142.0760512,142.5129395,447745,91300.19,1.9,31.4,5.19,19.33,3.73
11/02/2016,141.7702045,142.3381538,141.1585638,141.2022552,543944,90460.56,1.92,31.1,5.19,19.16,3.69
11/03/2016,140.7653671,142.8624249,140.7653671,141.2022552,734397,90460.56,1.92,31.1,5.19,19.16,3.69
11/04/2016,148.5419816,148.5419816,143.255632,144.2604828,1123177,92419.75,1.88,31.8,5.19,19.57,3.77
11/07/2016,145.2216164,145.4400605,144.129396,144.5662842,599652,92615.69,1.87,31.9,5.19,19.61,3.78
11/08/2016,144.347859,145.8769677,143.9546622,145.6585236,442531,93315.44,1.86,32.1,5.19,19.76,3.81
11/09/2016,141.6828208,143.7362004,140.2847867,143.2119293,950880,91748.06,1.89,31.6,5.19,19.43,3.75
11/10/2016,143.9983305,143.9983305,137.7508222,138.886734,1081367,88977.06,1.95,30.6,5.19,18.84,3.63
11/11/2016,139.2362528,140.110029,136.7459851,137.3139343,929184,87969.5,1.97,30.3,5.19,18.63,3.59
14/11/2016,138.4935256,140.0226339,137.0081088,137.1828613,688517,87885.56,1.97,30.2,5.19,18.61,3.59
15/11/2016,137.8819144,139.3673316,137.4887177,137.9692841,580091,88389.31,1.96,30.4,5.19,18.72,3.61
16/11/2016,138.6683195,138.799394,136.9644581,137.4450378,489531,88053.5,1.97,30.3,5.19,18.65,3.6
17/11/2016,137.6634674,138.1003556,136.7896911,137.6634674,515595,88193.38,1.97,30.3,5.19,18.68,3.6
18/11/2016,138.318807,139.5420886,137.7508443,139.279953,819613,89229,1.94,30.7,5.19,18.9,3.64
21/11/2016,139.9352928,139.9789843,138.4061841,139.2362823,466961,89201,1.95,30.7,5.19,18.89,3.64
22/11/2016,139.8042104,140.4158511,139.4983833,139.7168274,491698,89508.94,1.94,30.8,5.19,18.95,3.66
23/11/2016,139.7605278,141.1148839,139.5420837,139.5420837,958821,89396.94,1.94,30.8,5.19,18.93,3.65
24/11/2016,140.0663716,140.9838396,139.1925952,139.9789886,329604,89676.88,1.94,30.9,5.19,18.99,3.66
25/11/2016,140.0663441,141.7702053,139.9789612,141.4207001,348617,90600.44,1.92,31.2,5.19,19.19,3.7
28/11/2016,141.5080757,141.5954586,139.8042145,139.8042145,392143,89564.88,1.94,30.8,5.19,18.97,3.66
29/11/2016,140.9838174,141.3333226,140.0226581,140.8090515,575615,90208.63,1.92,31,5.19,19.1,3.68
30/11/2016,140.8964323,143.2993172,140.7216797,140.7216797,777050,90152.63,1.92,31,5.19,19.09,3.68
12/01/2016,140.1973954,140.1973954,137.9692633,138.5809174,790271,88781.19,1.95,30.5,5.19,18.8,3.63
12/02/2016,138.3188282,139.1489132,137.0518549,138.799408,466687,88921.13,1.95,30.6,5.19,18.83,3.63
12/05/2016,138.8867478,141.2459413,138.5809341,139.0178223,478283,89061.06,1.95,30.6,5.19,18.86,3.64
12/06/2016,139.367323,140.8964315,138.4498552,140.5032349,532378,90012.75,1.93,31,5.19,19.06,3.68
12/07/2016,142.3818546,142.512929,140.7653763,141.6828308,680818,90768.38,1.91,31.2,5.19,19.22,3.71
12/08/2016,142.5566009,142.993489,141.2459364,142.0760345,588326,91020.31,1.91,31.3,5.19,19.27,3.72
12/09/2016,142.3818337,147.1439115,142.1633897,146.0953827,901391,93595.31,1.85,32.2,5.19,19.82,3.82
12/12/2016,145.8332691,146.1390962,144.5226046,145.2653198,612124,93063.5,1.86,32,5.19,19.71,3.8
13/12/2016,145.309026,147.18764,145.0031989,146.8381348,659906,94071.13,1.84,32.4,5.19,19.92,3.84
14/12/2016,146.1827632,147.7118715,144.7410244,147.0128479,533478,94183.06,1.84,32.4,5.19,19.94,3.85
15/12/2016,146.9691896,148.2798542,144.7410571,146.6633759,818604,93959.19,1.85,32.3,5.19,19.9,3.84
16/12/2016,146.6196577,148.5419628,145.9643255,147.7555695,1333913,94658.88,1.83,32.6,5.19,20.05,3.87
19/12/2016,147.7992617,148.5419769,147.3186954,148.5419769,484303,95162.69,1.82,32.7,5.19,20.15,3.89
20/12/2016,148.541991,149.4157674,148.0614113,149.3283844,503490,95666.5,1.81,32.9,5.19,20.26,3.91
21/12/2016,149.1099374,149.6342086,148.1924828,149.0225677,428896,95470.56,1.82,32.8,5.19,20.22,3.9
22/12/2016,148.7604254,149.8526459,148.2798458,149.8526459,331224,96002.38,1.81,33,5.19,20.33,3.92
23/12/2016,150.0273959,151.2506907,149.6778907,150.7701111,348012,96590.13,1.8,33.2,5.19,20.45,3.94
27/12/2016,150.4642807,151.0759214,150.3332195,150.9011688,179876,96674.06,1.8,33.3,5.19,20.47,3.95
28/12/2016,150.4206092,150.9885719,149.7652769,150.6390533,367579,96506.13,1.8,33.2,5.19,20.44,3.94
29/12/2016,150.2021429,151.1196107,150.0273903,150.813797,256725,96618.13,1.8,33.2,5.19,20.46,3.95
30/12/2016,151.032251,151.5128174,150.0274002,151.5128174,410465,97065.94,1.79,33.4,5.19,20.55,3.96
01/02/2017,150.8574947,151.687593,150.2458539,151.5565186,165897,97093.94,1.79,33.4,5.19,19.81,3.91
01/03/2017,151.9933873,152.0370788,148.6730347,148.6730347,690394,95246.63,1.82,32.8,5.19,19.43,3.84
01/04/2017,149.1972972,149.1972972,147.7992499,148.4109039,594894,95078.75,1.83,32.7,5.19,19.4,3.83
01/05/2017,148.2361603,148.8041229,147.1876313,148.8041229,440092,95330.63,1.82,32.8,5.19,19.45,3.84
01/06/2017,148.5419624,148.7604065,147.5808032,148.7604065,482102,95302.63,1.82,32.8,5.19,19.44,3.84
01/09/2017,149.1536407,149.9837257,148.0177286,149.7216034,344763,95918.38,1.81,33,5.19,19.57,3.87
01/10/2017,149.9836846,150.7700912,148.2798236,149.4594269,419500,95750.44,1.81,32.9,5.19,19.53,3.86
01/11/2017,151.1633153,151.4691424,148.8914914,150.1584778,547265,96198.31,1.8,33.1,5.19,19.62,3.88
01/12/2017,149.7215777,149.8526388,148.5856658,148.8914795,542769,95386.56,1.82,32.8,5.19,19.46,3.84
13/01/2017,149.1099362,149.80896,148.760431,149.80896,790644,95974.38,1.81,33,5.19,19.58,3.87
16/01/2017,148.5419584,150.0710668,148.2798229,149.2409821,445578,95610.5,1.81,32.9,5.19,19.5,3.85
17/01/2017,149.0225592,149.1536204,147.7118947,148.1924744,673821,94938.75,1.83,32.7,5.19,19.37,3.83
18/01/2017,149.1099498,149.721604,147.7119155,148.1488037,502085,94910.81,1.83,32.7,5.19,19.36,3.82
19/01/2017,148.5419936,149.1536345,147.5808342,148.9788818,650960,95442.56,1.82,32.8,5.19,19.47,3.85
20/01/2017,149.022551,149.7215747,147.8429477,148.5856628,743067,95190.69,1.82,32.8,5.19,19.42,3.84
23/01/2017,148.2798561,149.8089648,147.5371541,149.5468292,555723,95806.44,1.81,33,5.19,19.54,3.86
24/01/2017,149.4157514,150.2021448,148.9351718,149.677887,489465,95890.38,1.81,33,5.19,19.56,3.86
25/01/2017,150.2895285,150.9448607,149.7652573,149.8963318,464029,96030.38,1.81,33,5.19,19.59,3.87
26/01/2017,150.2458362,150.2458362,148.9351718,149.677887,543734,95890.38,1.81,33,5.19,19.56,3.86
27/01/2017,150.1584666,150.4205888,149.5468125,149.677887,442644,95890.38,1.81,33,5.19,19.56,3.86
30/01/2017,149.066251,149.6778918,147.8866476,149.4157562,454571,95722.44,1.81,32.9,5.19,19.53,3.86
31/01/2017,149.1973081,149.4594437,147.1002502,147.1002502,785192,94239.06,1.84,32.4,5.19,19.22,3.8
02/01/2017,147.9303291,148.8477968,147.2313054,147.5808105,696908,94546.94,1.84,32.5,5.19,19.29,3.81
02/02/2017,146.8818278,149.7652794,146.5760007,149.0662689,553937,95498.56,1.82,32.9,5.19,19.48,3.85
02/03/2017,149.2846743,150.5953386,149.0662302,149.4594269,442246,95750.44,1.81,32.9,5.19,19.53,3.86
02/06/2017,149.4594204,149.852617,147.9303121,148.7167053,430337,95274.63,1.82,32.8,5.19,19.44,3.84
02/07/2017,148.8914865,150.6827308,148.7167339,149.8526459,378083,96002.38,1.81,33,5.19,19.58,3.87
02/08/2017,150.7701077,151.7312537,149.4157518,151.4691315,566869,97037.94,1.79,33.4,5.19,19.79,3.91
02/09/2017,151.5128381,152.0371094,150.5953835,152.0371094,531297,97401.81,1.9,31.3,5.55,19.87,3.92
02/10/2017,149.8963525,151.5565224,147.799281,148.6293793,856511,95218.69,1.94,30.6,5.55,19.42,3.84
13/02/2017,149.3283717,152.1681448,149.1099276,151.7749481,885205,97233.88,1.9,31.3,5.55,19.83,3.92
14/02/2017,151.0759248,152.0807756,150.7701111,150.7701111,741034,96590.13,1.91,31.1,5.55,19.7,3.89
15/02/2017,151.0759285,152.1681489,150.6827318,151.8623352,651118,97289.81,1.9,31.3,5.55,19.85,3.92
16/02/2017,151.1633153,151.1633153,148.8478132,150.1584778,756058,96198.31,1.92,30.9,5.55,19.62,3.88
17/02/2017,149.5031278,153.8720093,148.8914738,153.8720093,1352434,98577.31,1.87,31.7,5.55,20.11,3.97
20/02/2017,152.9108627,152.9108627,150.3332251,150.8574829,711588,96646.13,1.91,31.1,5.55,19.71,3.89
21/02/2017,150.1584843,151.6439015,150.1584843,151.5565186,631626,97093.94,1.9,31.2,5.55,19.81,3.91
22/02/2017,150.9885423,154.2215118,150.7264068,154.2215118,975577,98801.25,1.87,31.8,5.55,20.15,3.98
23/02/2017,153.7846211,154.6583974,152.9982278,154.5710144,613702,99025.13,1.87,31.9,5.55,20.2,3.99
24/02/2017,154.6584221,154.8768662,152.7361167,153.391449,666000,98269.5,1.88,31.6,5.55,20.05,3.96
27/02/2017,154.1778417,154.833174,152.9982515,153.1730042,498571,98129.5,1.88,31.6,5.55,20.02,3.95
28/02/2017,153.7409542,153.8283372,151.9060318,153.391449,614893,98269.5,1.88,31.6,5.55,20.05,3.96
03/01/2017,154.4399906,154.8768788,153.8720412,154.3089294,721117,98857.25,1.87,31.8,5.55,20.17,3.98
03/02/2017,153.7846471,153.9593998,152.0807858,153.8283386,693973,98549.38,1.87,31.7,5.55,20.1,3.97
03/03/2017,153.8720275,154.3962853,153.4351393,154.1778412,543852,98773.31,1.87,31.8,5.55,20.15,3.98
03/06/2017,153.8283393,154.2215361,153.3040682,154.0467834,542579,98689.31,1.87,31.7,5.55,20.13,3.98
03/07/2017,153.7846207,154.5273358,152.9982274,153.3477325,524289,98241.44,1.88,31.6,5.55,20.04,3.96
03/08/2017,152.7798012,153.4788116,152.4739741,152.9982452,609714,98017.56,1.88,31.5,5.55,19.99,3.95
03/09/2017,152.4739552,154.1341248,151.9496841,154.1341248,715477,98745.25,1.87,31.8,5.55,20.14,3.98
03/10/2017,154.6584216,155.4885065,153.9593978,154.9642487,643934,99277.13,1.86,31.9,5.55,20.25,4
13/03/2017,154.8331735,154.8331735,154.1778412,154.1778412,455479,98773.31,1.87,31.8,5.55,20.15,3.98
14/03/2017,154.4836449,155.2700382,153.9156823,155.1389771,481090,99389.06,1.86,32,5.55,20.27,4
15/03/2017,155.1826831,155.3137442,154.571029,154.9205475,424839,99249.06,1.86,31.9,5.55,20.25,4
16/03/2017,155.0079242,155.5321953,154.3089137,155.3137512,477349,99501,1.86,32,5.55,20.3,4.01
17/03/2017,154.7894697,155.0952967,154.0467678,155.0516052,927301,99333.06,1.86,31.9,5.55,20.26,4
20/03/2017,154.2652007,155.8380006,154.2652007,154.5710144,423874,99025.13,1.87,31.9,5.55,20.2,3.99
21/03/2017,154.7457971,155.3137464,154.0030818,155.0079193,516500,99305.06,1.86,31.9,5.55,20.26,4
22/03/2017,154.6584149,156.9302387,154.3525878,155.7943268,663903,99808.88,1.85,32.1,5.55,20.36,4.02
23/03/2017,155.5758738,156.4496501,154.2215178,155.9690704,426038,100291.2,1.85,32.1,5.55,20.38,4.03
24/03/2017,155.6195671,156.449652,154.6584078,155.401123,478901,99926,1.86,32,5.55,20.31,4.01
27/03/2017,154.3088887,156.8428345,154.0904447,156.8428345,546422,100853.1,1.84,32.3,5.55,20.5,4.05
28/03/2017,156.8428684,156.8428684,155.5322038,156.1438446,434879,100403.6,1.85,32.2,5.55,20.41,4.03
29/03/2017,156.9302279,157.4107942,155.1389838,157.1049805,480597,101021.6,1.84,32.4,5.55,20.53,4.06
30/03/2017,156.7991665,157.0176106,155.9253901,156.4496613,473301,100600.3,1.84,32.2,5.55,20.45,4.04
31/03/2017,156.1001175,157.4107819,155.1826631,157.4107819,706089,101218.3,1.83,32.4,5.55,20.57,4.06
04/03/2017,157.2797226,157.8913633,156.5806989,156.8428345,410484,100853.1,1.84,32.3,5.55,20.5,4.05
04/04/2017,157.104982,157.9350668,156.8428464,157.5418701,394484,101302.5,1.83,32.5,5.55,20.59,4.07
04/05/2017,157.236033,157.2797244,156.1001212,156.2748871,475263,100487.8,1.85,32.2,5.55,20.42,4.03
04/06/2017,155.6632346,157.0612819,155.3574209,156.7117767,460965,100768.8,1.84,32.3,5.55,20.48,4.05
04/07/2017,156.6244149,157.8913879,155.9253911,157.8913879,478166,101527.3,1.83,32.5,5.55,20.63,4.08
04/10/2017,156.8865264,158.2845604,156.3185639,158.0661163,464870,101639.6,1.82,32.6,5.55,20.66,4.08
04/11/2017,157.6292475,158.5467154,157.3234338,158.1535187,541314,101695.8,1.82,32.6,5.55,20.67,4.08
04/12/2017,158.2408949,159.0272883,158.0224509,158.9835968,442256,102229.6,1.81,32.8,5.55,20.78,4.1
13/04/2017,159.1146877,159.1146877,157.9350843,158.1972198,623284,101723.9,1.82,32.6,5.55,20.67,4.08
18/04/2017,159.0273116,159.2457557,157.3234502,157.3671417,774787,101190.2,1.83,32.4,5.55,20.57,4.06
19/04/2017,157.3671227,158.9836009,157.2360482,158.5030212,928554,101920.6,1.82,32.7,5.55,20.71,4.09
20/04/2017,157.8913853,159.9010736,157.8476938,158.8088531,749589,102117.3,1.82,32.7,5.55,20.75,4.1
21/04/2017,158.2845888,158.6341073,156.6681104,157.978775,923412,101583.5,1.83,32.6,5.55,20.65,4.08
24/04/2017,161.6486317,162.391347,160.4253501,162.1292114,1302253,104252.3,1.78,33.4,5.55,21.19,4.19
25/04/2017,162.4350244,162.69716,161.2554343,161.342804,615645,103746.6,1.79,33.2,5.55,21.09,4.17
26/04/2017,160.993278,162.3476339,160.3816373,161.9544373,644013,104139.9,1.78,33.4,5.55,21.17,4.18
27/04/2017,161.6486325,162.8719141,160.9933002,162.3476563,720889,104392.8,1.78,33.5,5.55,21.22,4.19
28/04/2017,162.7924428,163.548588,162.2586917,162.6590118,848406,102735.3,1.8,32.9,5.55,20.88,4.12
05/02/2017,162.7034754,164.0823212,162.6145259,164.0823212,521428,103634.2,1.79,33.2,5.55,21.06,4.16
05/03/2017,164.3936739,164.3936739,163.5040978,164.1712799,335586,103690.4,1.79,33.2,5.55,21.07,4.16
05/04/2017,164.4826355,166.1283569,164.0823289,166.1283569,550012,104926.5,1.77,33.6,5.55,21.32,4.21
05/05/2017,165.8614835,168.0409425,165.6390895,167.729599,680887,105937.9,1.75,33.9,5.55,21.53,4.25
05/08/2017,167.8630309,168.0409434,166.5286665,167.1513672,619756,105572.6,1.76,33.8,5.55,21.46,4.24
05/09/2017,167.2403123,168.7081075,166.8844873,168.5746765,534321,106471.6,1.74,34.1,5.55,21.64,4.27
05/10/2017,167.9075062,168.5746883,166.5286604,168.0854187,643455,106162.6,1.75,34,5.55,21.58,4.26
05/11/2017,168.218853,169.0639476,167.5071894,168.2633209,605077,106274.9,1.74,34.1,5.55,21.6,4.27
05/12/2017,168.2633229,169.0639496,167.4182283,169.0639496,452150,106780.6,1.74,34.2,5.55,21.7,4.29
15/05/2017,169.0194898,169.2418839,168.2633445,168.9305267,345446,106696.4,1.74,34.2,5.55,21.68,4.28
16/05/2017,169.3308295,169.9535301,167.9964652,168.9749908,543555,106724.4,1.74,34.2,5.55,21.69,4.28
17/05/2017,168.2633096,169.1084177,166.751033,167.3737335,616931,105713.1,1.75,33.9,5.55,21.48,4.24
18/05/2017,167.9074907,168.7081038,164.3047048,165.1053314,1051420,104280.4,1.78,33.4,5.55,21.19,4.19
19/05/2017,165.4166766,166.6620913,164.927407,166.4396973,875654,105123.1,1.76,33.7,5.55,21.36,4.22
22/05/2017,166.3062778,167.1069046,166.0394022,166.7955475,386671,105347.9,1.76,33.8,5.55,21.41,4.23
23/05/2017,166.662087,167.9074881,166.3507299,167.8630066,487662,106022.1,1.75,34,5.55,21.55,4.26
24/05/2017,166.9289716,168.0854234,166.2617895,167.4627228,448903,105769.3,1.75,33.9,5.55,21.5,4.25
25/05/2017,168.1298821,168.7081012,167.3292691,167.8630066,302330,106022.1,1.75,34,5.55,21.55,4.26
26/05/2017,167.2403176,168.2188568,166.6620985,168.2188568,519515,106246.9,1.75,34,5.55,21.59,4.27
29/05/2017,167.8185205,168.4857025,167.284783,168.4857025,227702,106415.4,1.74,34.1,5.55,21.63,4.27
30/05/2017,167.9519868,168.6636505,166.6621041,168.6636505,530548,106527.8,1.74,34.1,5.55,21.65,4.28
31/05/2017,168.4857268,170.6207178,168.4412589,169.4197845,821229,106463.3,1.73,34.3,5.55,21.75,4.3
06/01/2017,169.508738,170.8431022,169.3752934,169.864563,533897,106742.8,1.73,34.4,5.55,21.8,4.31
06/02/2017,171.1544398,171.999548,170.3093452,171.5992279,572037,107832.8,1.71,34.7,5.55,22.03,4.35
06/05/2017,171.1989147,171.6437027,169.9090321,170.0869446,278242,106882.5,1.73,34.4,5.55,21.83,4.31
06/06/2017,169.7756142,171.0654969,169.2418631,170.1314392,523811,106910.4,1.73,34.4,5.55,21.84,4.31
06/07/2017,169.4197643,171.465792,168.3967572,169.2418518,563255,106351.4,1.73,34.3,5.55,21.72,4.29
06/08/2017,169.15291,169.9535367,167.4182391,167.5072021,592160,105261.4,1.75,33.9,5.55,21.5,4.25
06/09/2017,168.1298919,170.1759198,167.7740669,169.0639496,525672,106239.6,1.74,34.2,5.55,21.7,4.29
06/12/2017,168.4857369,168.663663,166.5286719,166.7955475,724256,104814.1,1.76,33.8,5.55,21.41,4.23
13/06/2017,167.3737288,167.3737288,166.2172908,166.6620789,479715,104730.3,1.76,33.7,5.55,21.39,4.23
14/06/2017,167.2847879,168.752583,166.8844814,167.3292694,513222,105149.6,1.75,33.9,5.55,21.48,4.24
15/06/2017,166.84002,167.6851147,165.9949253,167.5072021,788853,105261.4,1.75,33.9,5.55,21.5,4.25
16/06/2017,167.9519625,169.9090271,167.907481,169.9090271,1145316,106770.7,1.73,34.4,5.55,21.81,4.31
19/06/2017,171.0210169,171.777162,169.8200836,169.8200836,452092,106714.8,1.73,34.4,5.55,21.8,4.31
20/06/2017,170.4872642,171.5992344,170.1314392,170.1314392,460963,106910.4,1.73,34.4,5.55,21.84,4.31
21/06/2017,169.9535432,169.9535432,167.5516901,169.0194855,549201,106211.7,1.74,34.2,5.55,21.7,4.29
22/06/2017,168.841563,169.0194756,167.8185423,168.6636505,472378,105988.1,1.74,34.1,5.55,21.65,4.28
23/06/2017,168.2188455,168.4412395,166.7510368,167.3292694,349491,105149.6,1.75,33.9,5.55,21.48,4.24
26/06/2017,170.7986163,175.379928,170.7986163,173.7787018,1152037,109202.4,1.69,35.2,5.55,22.31,4.41
27/06/2017,173.4228549,173.4228549,170.0869446,170.0869446,633717,106882.5,1.73,34.4,5.55,21.83,4.31
28/06/2017,169.8645545,170.8430937,168.4857088,169.1973724,601818,106323.5,1.74,34.2,5.55,21.72,4.29
29/06/2017,169.7311236,169.9090361,162.8369088,163.1927338,809420,102550.2,1.8,33,5.55,20.95,4.14
30/06/2017,164.082316,164.5271041,162.0807697,162.2586823,836029,101963.2,1.81,32.8,5.55,20.83,4.11
07/03/2017,162.9703494,163.1482619,161.9028607,162.7479553,467542,102270.7,1.8,32.9,5.55,20.89,4.13
07/04/2017,162.0363114,162.0363114,161.3246613,161.3246613,393742,101376.3,1.82,32.7,5.55,20.71,4.09
07/05/2017,161.0577471,161.8583601,160.5684775,161.4580536,517119,101460.1,1.82,32.7,5.55,20.73,4.09
07/06/2017,161.3246478,161.4135973,158.0776866,158.8338318,987687,99811,1.85,32.1,5.55,20.39,4.03
07/07/2017,159.2786109,159.723399,158.4335163,159.5454865,433384,100258.3,1.84,32.3,5.55,20.48,4.05
07/10/2017,159.9902546,160.9687801,158.6114091,160.1681671,319678,100649.6,1.83,32.4,5.55,20.56,4.06
07/11/2017,159.9902717,160.1237027,159.056214,159.3230896,412126,100118.5,1.84,32.2,5.55,20.45,4.04
07/12/2017,160.1237102,163.0593143,159.6344406,161.9028625,639003,101739.6,1.81,32.8,5.55,20.78,4.11
13/07/2017,161.9028694,163.6375403,161.0577748,162.8814087,445968,102354.5,1.8,33,5.55,20.91,4.13
14/07/2017,163.4151232,164.4381438,162.6145101,163.8154297,365448,102941.4,1.79,33.2,5.55,21.03,4.15
17/07/2017,163.6820097,164.6160673,163.5930466,163.9044037,422725,102997.4,1.79,33.2,5.55,21.04,4.16
18/07/2017,163.859929,165.1053438,163.2372284,163.2372284,652437,102578.1,1.8,33,5.55,20.95,4.14
19/07/2017,164.1712753,164.7939758,163.6375242,164.7939758,360681,103556.4,1.78,33.4,5.55,21.15,4.18
20/07/2017,165.1943002,165.6835699,163.4151478,164.2157745,623991,103193.1,1.79,33.2,5.55,21.08,4.16
21/07/2017,164.0378173,165.0163564,159.9902572,160.9243011,788264,101124.7,1.82,32.6,5.55,20.66,4.08
24/07/2017,161.8139224,161.947367,159.4120692,159.8568573,526798,100453.9,1.84,32.4,5.55,20.52,4.05
25/07/2017,159.3675628,161.8138972,159.2341318,160.3016205,533187,100733.4,1.83,32.4,5.55,20.58,4.06
26/07/2017,160.1681756,162.1697218,160.1236941,160.8353577,460782,101068.8,1.83,32.6,5.55,20.65,4.08
27/07/2017,160.2571583,162.2587048,160.1237272,161.057785,605504,101208.6,1.82,27.6,6.55,20.67,4.08
28/07/2017,158.3445647,158.3445647,154.8752229,156.6098938,1302350,98413.5,1.87,26.9,6.55,20.1,3.97
31/07/2017,156.3874863,156.9657054,155.5868597,155.7647858,689795,97882.44,1.88,26.7,6.55,19.99,3.95
08/01/2017,157.2325856,157.2770671,154.7862512,156.4764404,700825,98329.63,1.88,26.9,6.55,20.09,3.97
08/02/2017,156.3874928,156.8322809,155.4979167,155.6313477,550994,97798.63,1.89,26.7,6.55,19.98,3.95
08/03/2017,155.3199977,156.6988298,154.5638526,155.7647858,660823,97882.44,1.88,26.7,6.55,19.99,3.95
08/04/2017,155.2310233,157.7663205,155.1865418,157.054657,441256,98693,1.87,26.9,6.55,20.16,3.98
08/07/2017,157.0546819,157.4549885,155.8537486,156.6098938,334489,98413.5,1.87,26.9,6.55,20.1,3.97
08/08/2017,156.2985292,157.810806,155.7647917,157.0101929,374895,98665.06,1.87,26.9,6.55,20.15,3.98
08/09/2017,156.1206012,156.3874767,154.697274,156.2095642,565242,98161.94,1.88,26.8,6.55,20.05,3.96
08/10/2017,156.1205877,156.5208941,153.8521661,154.5193481,660722,97099.81,1.9,26.5,6.55,19.83,3.92
08/11/2017,154.0300846,155.6313242,153.4963471,154.4304047,607128,97043.94,1.9,26.5,6.55,19.82,3.92
14/08/2017,154.7862428,156.20957,154.2969732,155.8092499,360603,97910.38,1.88,26.7,6.55,20,3.95
15/08/2017,156.2985283,157.0101919,155.3644706,155.9427032,279280,97994.25,1.88,26.8,6.55,20.02,3.95
16/08/2017,156.2985183,157.4104884,155.9871748,156.9212189,374986,98609.19,1.87,26.9,6.55,20.14,3.98
17/08/2017,156.8767722,157.8997794,156.6098966,156.8322906,437250,98553.25,1.87,26.9,6.55,20.13,3.98
18/08/2017,155.6758217,156.1650913,154.2524945,156.0316467,661885,98050.13,1.88,26.8,6.55,20.03,3.96
21/08/2017,155.2755205,155.9427026,154.5193753,155.675827,320487,97826.56,1.89,26.7,6.55,19.98,3.95
22/08/2017,156.2540452,157.6773725,156.1206142,157.5884094,485201,99028.44,1.86,27,6.55,20.23,4
23/08/2017,157.3215392,159.2786039,157.3215392,158.5669403,706711,99643.31,1.85,27.2,6.55,20.35,4.02
24/08/2017,158.9227741,160.4795323,158.6114306,160.0347443,720466,100565.7,1.83,27.5,6.55,20.54,4.06
25/08/2017,159.7233869,160.168175,158.2111103,158.3890228,410176,99531.56,1.85,27.2,6.55,20.33,4.02
28/08/2017,157.4994687,158.6559205,156.3874985,157.7218628,337866,99112.25,1.86,27.1,6.55,20.25,4
29/08/2017,156.4319738,157.4994625,155.9427042,157.0101929,543408,98665.06,1.87,26.9,6.55,20.15,3.98
30/08/2017,157.5439412,157.6328906,156.698833,156.787796,323221,98525.31,1.87,26.9,6.55,20.13,3.98
31/08/2017,157.4549851,158.7448678,156.6988399,157.7663422,569717,99140.19,1.86,27.1,6.55,20.25,4
09/01/2017,158.1221516,159.0117277,157.855276,158.3000641,495002,99475.63,1.85,27.2,6.55,20.32,4.01
09/04/2017,157.3660242,158.2111324,157.0546806,157.7218628,317800,99112.25,1.86,27.1,6.55,20.25,4
09/05/2017,157.8553013,158.8338406,156.8767756,157.3215637,466392,98860.69,1.87,27,6.55,20.19,3.99
09/06/2017,156.4319747,158.2111271,155.9871866,158.0776825,436083,99335.88,1.86,27.1,6.55,20.29,4.01
09/07/2017,158.8338115,159.2341181,158.0331849,158.655899,543212,99699.25,1.85,27.2,6.55,20.37,4.02
09/08/2017,158.2555818,159.0117269,157.8997568,158.8782959,333064,99839,1.85,27.3,6.55,20.39,4.03
09/11/2017,159.501013,160.9243267,159.3675684,160.7464142,418845,101012.9,1.83,27.6,6.55,20.63,4.08
09/12/2017,160.8353709,160.9688019,159.6789192,160.0347443,372689,100565.7,1.83,27.5,6.55,20.54,4.06
13/09/2017,160.0347449,160.346102,159.1451688,160.3016205,530905,100733.4,1.83,27.5,6.55,20.58,4.06
14/09/2017,160.3015988,160.6574374,159.5009858,159.5899353,448093,100286.2,1.84,27.4,6.55,20.49,4.05
15/09/2017,159.634457,160.0792452,158.5669682,159.1451874,1363091,100006.7,1.84,27.3,6.55,20.43,4.04
18/09/2017,159.3230786,159.7678667,158.5669336,159.2341156,274820,100062.6,1.84,27.3,6.55,20.44,4.04
19/09/2017,158.4779688,158.8782888,157.5883927,157.8997498,408813,99224.06,1.86,27.1,6.55,20.27,4
20/09/2017,158.0332023,158.7448659,157.5439462,158.6114349,378067,99671.31,1.85,27.2,6.55,20.36,4.02
21/09/2017,158.9672688,159.0117503,156.6988467,157.0991669,461995,98721,1.87,27,6.55,20.17,3.98
22/09/2017,167.240326,167.6851141,160.7908985,160.968811,1549467,101152.6,1.82,27.6,6.55,20.66,4.08
25/09/2017,161.0577456,162.4810592,160.034725,161.7694092,527792,101655.8,1.81,27.8,6.55,20.77,4.1
26/09/2017,162.3476679,162.3476679,159.9013332,161.057785,674121,101208.6,1.82,27.6,6.55,20.67,4.08
27/09/2017,160.9243087,161.1467027,158.1221494,158.3445435,859908,99503.56,1.85,27.2,6.55,20.33,4.02
28/09/2017,157.8997445,158.2555695,156.8767375,158.2555695,626713,99447.63,1.85,27.2,6.55,20.31,4.01
29/09/2017,158.433518,160.0347443,158.433518,160.0347443,769942,100565.7,1.83,27.5,6.55,20.54,4.06
10/02/2017,160.1237018,161.324635,159.4120382,161.235672,412135,101320.4,1.82,27.7,6.55,20.7,4.09
10/03/2017,161.280151,162.1697271,160.4795244,161.8138885,276732,101683.7,1.81,27.8,6.55,20.77,4.1
10/04/2017,161.458066,162.3476421,161.235672,161.235672,428982,101320.4,1.82,27.7,6.55,20.7,4.09
10/05/2017,161.6359802,162.5700378,161.1911921,162.5700378,346866,102158.9,1.81,27.9,6.55,20.87,4.12
10/06/2017,162.3031703,162.4366149,160.2571424,160.7908936,457329,101040.8,1.83,27.6,6.55,20.64,4.08
10/09/2017,160.8353788,162.08078,160.6129847,162.08078,345809,101851.4,1.81,27.8,6.55,20.81,4.11
10/10/2017,162.3921189,164.2602206,162.0807618,164.0378265,564322,103081.2,1.79,28.1,6.55,21.06,4.16
10/11/2017,164.5715694,165.0163574,163.5040809,165.0163574,432107,103696.1,1.78,28.3,6.55,21.18,4.18
10/12/2017,165.2387595,167.0623932,164.7494899,167.0623932,522505,104981.9,1.76,28.7,6.55,21.44,4.24
13/10/2017,167.2403011,167.9519646,166.350725,167.6850891,434315,105373.2,1.75,28.8,6.55,21.52,4.25
16/10/2017,167.4182047,168.8860133,167.3292553,168.3967438,485073,105820.4,1.74,28.9,6.55,21.62,4.27
17/10/2017,168.7970739,168.9749864,167.2847972,167.4182281,481223,105205.5,1.75,28.7,6.55,21.49,4.25
18/10/2017,167.4182248,168.9305015,166.7510427,168.5746765,323468,105932.2,1.74,28.9,6.55,21.64,4.27
19/10/2017,165.8169765,166.7065526,165.1942759,166.2617645,680353,104478.8,1.77,28.5,6.55,21.34,4.22
20/10/2017,166.3952316,166.7065751,164.6160792,165.0608673,639419,103724.1,1.78,28.3,6.55,21.19,4.19
23/10/2017,164.8829498,166.1728326,164.5715927,164.8829498,354437,103612.3,1.78,28.3,6.55,21.17,4.18
24/10/2017,164.4381526,165.1498027,163.9488831,163.9488831,422025,103025.4,1.79,28.1,6.55,21.05,4.16
25/10/2017,163.4151243,164.5270944,162.3476357,162.7034607,514356,102242.8,1.8,27.9,6.55,20.89,4.13
26/10/2017,163.4151498,167.7295999,163.2372372,167.1513672,824378,105037.8,1.76,28.7,6.55,21.46,4.24
27/10/2017,168.0854023,170.3983056,167.8185268,169.1973724,693877,106323.5,1.74,29,6.55,21.72,4.29
30/10/2017,169.0194855,169.1084485,167.6851211,169.0194855,380331,106211.7,1.74,29,6.55,21.7,4.29
31/10/2017,169.6866462,170.3983098,168.8415516,169.9535217,448502,106798.6,1.73,29.2,6.55,21.82,4.31
11/01/2017,170.1314449,172.844655,170.0424818,172.2219543,730055,108224.1,1.7,29.6,6.55,22.11,4.37
11/02/2017,172.1774834,172.57779,170.3093679,171.1989441,373565,107581.3,1.71,29.4,6.55,21.98,4.34
11/03/2017,173.2449502,173.4228627,169.2418576,171.3323669,542960,107665.1,1.71,29.4,6.55,21.99,4.34
11/06/2017,170.8875885,171.8661141,170.4428004,170.8875885,640470,107385.6,1.72,29.3,6.55,21.94,4.33
11/07/2017,171.5992277,171.5992277,167.9964553,168.6191559,599158,105960.1,1.74,28.9,6.55,21.64,4.28
11/08/2017,169.1529005,170.3538338,168.2188564,168.752594,568697,106044,1.74,29,6.55,21.66,4.28
11/09/2017,168.974977,169.1973711,166.9734308,167.3292694,538418,105149.6,1.75,28.7,6.55,21.48,4.24
11/10/2017,163.8599164,166.3507322,163.7709669,165.6390686,712623,104087.4,1.77,28.4,6.55,21.26,4.2
13/11/2017,165.7280406,166.6176168,163.5485818,164.9274139,477420,103640.3,1.78,28.3,6.55,21.17,4.18
14/11/2017,164.7495065,164.9719005,163.1482666,163.7709808,483605,102913.5,1.79,28.1,6.55,21.02,4.15
15/11/2017,162.7924335,164.5271043,162.747952,163.9044037,635083,102997.4,1.79,28.1,6.55,21.04,4.16
16/11/2017,164.66053,166.128325,164.3046914,165.594574,532024,104059.5,1.77,28.4,6.55,21.26,4.2
17/11/2017,165.8614716,166.3507412,164.5715889,164.9274139,501751,103640.3,1.78,28.3,6.55,21.17,4.18
20/11/2017,164.6605638,166.3062716,164.4381697,166.0838776,380836,104366.9,1.77,28.5,6.55,21.32,4.21
21/11/2017,166.2617602,166.7955113,165.2832347,166.3507233,441242,104534.6,1.76,28.5,6.55,21.35,4.22
22/11/2017,166.17283,167.5961437,165.1942908,165.4611664,411032,103975.7,1.77,28.4,6.55,21.24,4.2
23/11/2017,164.6160822,166.7955413,164.6160822,166.0838776,300111,104366.9,1.77,28.5,6.55,21.32,4.21
24/11/2017,166.6176191,168.2188589,166.172831,166.528656,328526,104646.4,1.76,28.6,6.55,21.38,4.22
27/11/2017,166.0838598,166.5286479,165.3277283,165.3277283,403511,103891.8,1.78,28.4,6.55,21.22,4.19
28/11/2017,165.3721951,167.0623978,165.1053331,166.4396973,465151,104590.6,1.76,28.6,6.55,21.36,4.22
29/11/2017,167.6406234,167.7295864,165.8614711,166.3062592,469264,104506.7,1.77,28.5,6.55,21.35,4.22
30/11/2017,166.7065626,167.6851018,165.2832489,165.2832489,749518,103863.8,1.78,28.4,6.55,21.22,4.19
12/01/2017,165.9059639,166.0838764,163.7265049,164.2157745,681927,103193.1,1.79,28.2,6.55,21.08,4.16
12/04/2017,165.1497778,166.6175864,163.7709459,166.5731049,434580,104674.4,1.76,28.6,6.55,21.38,4.22
12/05/2017,166.350725,168.3522712,165.8169739,167.6850891,488156,105373.2,1.75,28.8,6.55,21.52,4.25
12/06/2017,166.7955421,167.7295999,165.8170029,167.1513672,664810,105037.8,1.76,28.7,6.55,21.46,4.24
12/07/2017,167.0179229,167.9964621,166.6176164,167.9519806,374809,105540.9,1.75,28.8,6.55,21.56,4.26
12/08/2017,168.6191664,168.6191664,165.9059563,167.5961456,665147,105317.3,1.75,28.8,6.55,21.51,4.25
12/11/2017,169.0194614,169.642162,167.5516663,167.5516663,691465,105289.3,1.75,28.8,6.55,21.51,4.25
12/12/2017,168.3967711,168.7081146,166.7955313,168.7081146,401549,106016.1,1.74,28.9,6.55,21.66,4.28
13/12/2017,168.7081015,168.8415461,167.1958249,167.3292694,411820,105149.6,1.75,28.7,6.55,21.48,4.24
14/12/2017,167.8629963,168.0409088,165.8614502,165.8614502,567336,104227.2,1.77,28.5,6.55,21.29,4.21
15/12/2017,165.8169598,166.7065358,165.0163469,166.5731049,1089661,104674.4,1.76,28.6,6.55,21.38,4.22
18/12/2017,167.7740789,169.7311438,167.3737587,169.3753052,545884,106435.3,1.73,29.1,6.55,21.74,4.29
19/12/2017,168.8415546,169.6866492,167.8185339,167.99646,421707,105568.8,1.75,28.8,6.55,21.56,4.26
20/12/2017,167.9519865,167.9519865,165.7280461,166.2173157,405595,104450.8,1.77,28.5,6.55,21.34,4.21
21/12/2017,166.2172993,167.3292694,164.8384536,167.3292694,447629,105149.6,1.75,28.7,6.55,21.48,4.24
22/12/2017,167.0179156,167.7740608,165.5501205,166.172821,356697,104422.9,1.77,28.5,6.55,21.33,4.21
27/12/2017,165.9504181,167.4182132,165.7280241,166.8844757,237259,104870.1,1.76,28.6,6.55,21.42,4.23
28/12/2017,166.9734249,167.1513374,164.7939662,165.2387543,290330,103835.9,1.78,28.4,6.55,21.21,4.19
29/12/2017,165.2387632,165.8614638,164.5270996,164.5270996,319592,103388.7,1.78,28.2,6.55,21.12,4.17
01/02/2018,164.3937012,164.4826507,161.3691337,162.0363159,527426,101823.4,1.81,27.8,6.55,19.69,3.79
01/03/2018,161.7694357,163.326194,161.4580786,162.6590118,493920,102214.8,1.8,27.9,6.55,19.76,3.8
01/04/2018,163.1927277,164.6605364,162.7034581,164.1267853,482967,103137.1,1.79,28.2,6.55,19.94,3.83
01/05/2018,164.2157504,166.3952091,164.2157504,166.2617645,394947,104478.8,1.77,28.5,6.55,20.2,3.88
01/08/2018,165.9059629,166.439714,165.3277438,166.1283569,410709,104394.9,1.77,28.5,6.55,20.18,3.88
01/09/2018,165.9059623,167.9964718,165.9059623,167.5072021,535998,105261.4,1.75,28.7,6.55,20.35,3.91
01/10/2018,166.9734281,167.6406102,165.1053265,166.2617645,641340,104478.8,1.77,28.5,6.55,20.2,3.88
01/11/2018,166.4841946,167.0624273,164.2602539,164.2602539,516825,103221,1.79,28.2,6.55,19.96,3.84
01/12/2018,164.0823112,164.3936683,163.3261797,163.7264862,487323,102885.6,1.79,28.1,6.55,19.89,3.82
15/01/2018,163.6375331,165.1498099,163.192745,164.0823212,350373,103109.2,1.79,28.2,6.55,19.93,3.83
16/01/2018,164.8384563,165.1053319,163.4151291,163.7264862,429400,102885.6,1.79,28.1,6.55,19.89,3.82
17/01/2018,162.836907,165.4611537,162.836907,164.0378265,388263,103081.2,1.79,28.1,6.55,19.93,3.83
18/01/2018,164.215772,164.6160785,161.8583869,163.1482697,560051,102522.3,1.8,28,6.55,19.82,3.81
19/01/2018,163.1927396,165.4166799,163.148258,165.2832489,527077,103863.8,1.78,28.4,6.55,20.08,3.86
22/01/2018,164.8384733,165.6835679,164.3492036,165.0608673,475748,103724.1,1.78,28.3,6.55,20.05,3.86
23/01/2018,166.3062638,166.3062638,165.1053441,165.6835632,370255,104115.4,1.77,28.4,6.55,20.13,3.87
24/01/2018,165.3277392,165.5501332,163.7709808,163.7709808,433502,102913.5,1.79,28.1,6.55,19.9,3.83
25/01/2018,164.0378349,165.2832496,160.9243184,161.7249451,764531,101627.8,1.82,27.8,6.55,19.65,3.78
26/01/2018,162.6145428,163.504119,162.3476672,162.4366302,484978,102075.1,1.81,27.9,6.55,19.73,3.79
29/01/2018,162.3031638,162.6145209,161.6804632,162.2586823,332711,101963.2,1.81,27.8,6.55,19.71,3.79
30/01/2018,161.9028675,162.7924437,161.4580794,162.08078,592335,101851.4,1.81,27.8,6.55,19.69,3.79
31/01/2018,162.7924456,164.1268099,162.0363004,162.8814087,547559,102354.5,1.8,27.9,6.55,19.79,3.81
02/01/2018,163.6819887,163.9488642,161.0132606,161.2801361,596839,101348.3,1.82,27.7,6.55,19.59,3.77
02/02/2018,160.7464316,161.9918465,159.5455118,160.7019501,835145,100984.9,1.83,27.6,6.55,19.52,3.75
02/05/2018,159.3230866,159.5009991,157.0546648,157.4549713,698332,98944.56,1.86,27,6.55,19.13,3.68
02/06/2018,153.8966583,156.6988174,151.4948056,152.9626007,1477172,96121.56,1.92,26.2,6.55,18.58,3.57
02/07/2018,154.7862371,156.7433017,153.7187485,156.2095642,860814,98161.94,1.88,26.8,6.55,18.98,3.65
02/08/2018,154.3414699,155.8537468,151.9840984,152.8291931,842071,96037.75,2.07,26.8,6.4,18.57,3.57
02/09/2018,155.0086401,157.2325805,152.2509487,153.3184509,1400325,96345.19,2.06,26.9,6.4,18.63,3.58
02/12/2018,154.7862417,157.7218455,154.0300965,156.9212189,1083325,98609.19,2.01,27.5,6.4,19.06,3.67
13/02/2018,156.8322787,157.0546728,155.2310389,155.675827,674603,97826.56,2.03,27.3,6.4,18.91,3.64
14/02/2018,156.4319728,157.099155,154.1635509,155.9427032,817862,97994.25,2.03,27.4,6.4,18.94,3.64
15/02/2018,157.0101906,157.0101906,153.807711,155.4089508,953963,97658.88,2.03,27.3,6.4,18.88,3.63
16/02/2018,156.0316392,157.8552729,155.8092452,157.2770538,705630,98832.75,2.01,27.6,6.4,19.11,3.67
19/02/2018,157.4549696,157.8997577,155.6758174,156.1206055,393048,98106.06,2.02,27.4,6.4,18.97,3.65
20/02/2018,155.8537256,156.9212142,155.6758131,156.2095642,466363,98161.94,2.02,27.4,6.4,18.98,3.65
21/02/2018,155.7647887,156.0761323,153.8077104,155.1420746,517173,97491.13,2.04,27.2,6.4,18.85,3.62
22/02/2018,154.0745798,156.5209142,153.3184483,156.0761261,523726,98078.13,2.02,27.4,6.4,18.96,3.65
23/02/2018,156.6988328,159.0562177,155.3200006,158.9672546,591522,99894.88,1.99,27.9,6.4,19.31,3.71
26/02/2018,160.1236934,161.5470206,159.7678684,160.5684814,447522,100901.1,1.97,28.2,6.4,19.51,3.75
27/02/2018,161.2801415,161.3690909,157.2325677,157.8997498,536067,99224.06,2,27.7,6.4,19.18,3.69
28/02/2018,157.1881088,158.9672612,157.1881088,157.4994659,513735,98972.5,2.01,27.6,6.4,19.13,3.68
03/01/2018,157.0546661,157.4104911,153.6742741,154.1635437,773820,96876.25,2.05,27.1,6.4,18.73,3.6
03/02/2018,153.7187432,154.3859253,151.8506281,152.2064667,737027,95646.38,2.07,26.7,6.4,18.49,3.56
03/05/2018,152.295437,156.0316542,151.6727364,155.6313477,574030,97798.63,2.03,27.3,6.4,18.91,3.64
03/06/2018,156.165121,156.2985521,154.563881,154.9641876,472256,97379.31,2.04,27.2,6.4,18.83,3.62
03/07/2018,154.7862392,156.2985158,154.4748821,156.1650848,471110,98134,2.02,27.4,6.4,18.97,3.65
03/08/2018,155.6758172,161.0132738,155.5423862,160.4795227,683758,100845.2,1.97,28.2,6.4,19.5,3.75
03/09/2018,160.1237117,162.6590092,159.189654,161.591507,580322,101543.9,1.95,28.4,6.4,19.63,3.78
03/12/2018,162.6145212,162.6590027,160.8798504,161.7249451,429874,101627.8,1.95,28.4,6.4,19.65,3.78
13/03/2018,161.5025415,162.1697236,159.1451567,159.9902649,542960,100537.8,1.97,28.1,6.4,19.44,3.74
14/03/2018,159.8568317,161.3246405,159.5454882,160.0347443,421519,100565.7,1.97,28.1,6.4,19.44,3.74
15/03/2018,161.0132763,161.0132763,158.3000664,159.9013062,555424,100481.9,1.97,28.1,6.4,19.43,3.74
16/03/2018,160.1236856,161.1022247,159.1006786,160.1681671,1295080,100649.6,1.97,28.1,6.4,19.46,3.74
19/03/2018,159.5454909,161.8583807,158.077682,161.1022491,605663,101236.5,1.96,28.3,6.4,19.57,3.76
20/03/2018,161.1912004,161.7694331,159.056223,161.591507,545491,101543.9,1.95,28.4,6.4,19.63,3.78
21/03/2018,161.7249413,162.0807663,159.501001,160.4350586,391588,100817.3,1.97,28.2,6.4,19.49,3.75
22/03/2018,159.4120316,161.3246283,158.0776675,159.7233887,653810,100370.1,1.98,28,6.4,19.4,3.73
23/03/2018,158.1221442,158.6114137,156.031635,156.5209045,679806,98357.56,2.02,27.5,6.4,19.02,3.66
26/03/2018,156.9657091,157.5439417,154.3414621,155.4089508,582439,97658.88,2.03,27.3,6.4,18.88,3.63
27/03/2018,157.4549718,157.4549718,155.5423886,156.0761261,567815,98078.13,2.02,27.4,6.4,18.96,3.65
28/03/2018,155.3644702,161.9473419,155.1420762,161.9473419,846910,102042.4,1.95,28.4,6.4,19.67,3.78
29/03/2018,162.5255272,164.1267667,160.7463753,163.1037598,651512,102771.1,1.94,28.6,6.4,19.81,3.81
04/03/2018,163.5485898,164.3047214,162.2142255,163.1482697,649933,102799.1,1.94,28.6,6.4,19.82,3.81
04/04/2018,163.7265039,166.1283569,161.9473515,166.1283569,912835,104676.9,1.9,29.2,6.4,20.18,3.88
04/05/2018,167.2403084,169.7311242,166.1728198,169.4642487,857102,106778.8,1.86,29.7,6.4,20.59,3.96
04/06/2018,168.8415453,170.0869464,167.2847871,169.2418518,680286,106638.7,1.87,29.7,6.4,20.56,3.95
04/09/2018,169.1973703,170.5762159,168.5301882,169.2418518,466130,106638.7,1.87,29.7,6.4,20.56,3.95
04/10/2018,170.3538318,171.1544449,168.5746795,170.4427948,578140,107395.4,1.85,29.9,6.4,20.71,3.98
04/11/2018,170.7986046,170.8430861,169.3752775,169.5976715,500938,106862.9,1.86,29.8,6.4,20.6,3.96
04/12/2018,169.5532319,169.8200939,168.1299045,169.6421814,567641,106890.9,1.86,29.8,6.4,20.61,3.96
13/04/2018,172.3109024,172.5332965,167.5071965,170.0424805,738370,107143.2,1.86,29.8,6.4,20.66,3.97
16/04/2018,169.9090306,170.6206942,169.4642426,170.3983002,390728,107367.4,1.85,29.9,6.4,20.7,3.98
17/04/2018,170.665188,172.4443402,170.0869553,172.3553772,651062,108600.5,1.83,30.3,6.4,20.94,4.03
18/04/2018,172.0884893,172.4443279,169.2863301,170.3983002,675303,107612.7,1.85,29.9,6.4,20.7,3.98
19/04/2018,169.1973632,170.2648517,168.5746626,169.1084137,481261,106798.1,1.87,29.7,6.4,20.54,3.95
20/04/2018,169.1084391,170.4872714,168.2188629,170.2648773,620454,107528.4,1.85,29.9,6.4,20.68,3.98
23/04/2018,169.0194733,170.309356,167.7295906,170.0424805,531987,107387.9,1.86,29.8,6.4,20.66,3.97
24/04/2018,169.9090521,171.9995615,169.9090521,171.1099854,784034,108062.1,1.85,30,6.4,20.79,4
25/04/2018,171.2005892,172.7866191,170.7474378,172.4694214,796280,106910.4,1.87,29.7,6.4,20.57,3.95
26/04/2018,172.4241068,174.508606,171.2459104,174.508606,752587,108174.4,1.84,30.1,6.4,20.81,4
27/04/2018,174.010141,178.4510193,173.8742011,178.4510193,891173,110618.3,1.8,30.7,6.4,21.28,4.09
30/04/2018,176.7290513,180.6261563,175.8227485,180.2183228,1129468,111713.8,1.79,31.1,6.4,21.49,4.13
05/02/2018,180.3089162,180.3542341,176.7743412,177.1821747,957818,109831.8,1.82,30.5,6.4,21.13,4.06
05/03/2018,176.7290413,177.680662,175.9586784,177.5447083,736791,110056.5,1.81,30.6,6.4,21.17,4.07
05/04/2018,177.6353548,180.3542633,177.6353548,180.3542633,729246,111798.1,1.78,31.1,6.4,21.51,4.14
05/07/2018,179.7198618,180.2636352,178.768241,179.5839081,310200,111320.6,1.79,30.9,6.4,21.41,4.12
05/08/2018,179.765165,181.8949683,179.5385893,181.2605591,559564,112359.9,1.77,31.2,6.4,21.61,4.16
05/09/2018,180.6714471,182.2574768,179.9917201,182.2574768,423987,112977.9,1.77,31.4,6.4,21.73,4.18
05/10/2018,181.6230704,182.8919026,181.1246149,182.5293732,245161,113146.4,1.76,31.4,6.4,21.77,4.19
05/11/2018,182.6200007,182.8012585,180.7620773,181.5324402,325333,112528.4,1.77,31.3,6.4,21.65,4.16
14/05/2018,181.2605727,183.0731784,181.1246328,182.8012848,360913,113314.9,1.76,31.5,6.4,21.8,4.19
15/05/2018,182.1668672,183.798215,181.0339887,183.5263214,429324,113764.4,1.75,31.6,6.4,21.88,4.21
16/05/2018,182.9825355,183.7982164,182.2575043,183.7075806,353938,113876.8,1.75,31.7,6.4,21.91,4.21
17/05/2018,183.0731465,184.6138583,183.0731465,184.3419647,458453,114270,1.75,31.8,6.4,21.98,4.23
18/05/2018,184.2513689,187.0608994,184.1607331,185.5201874,975800,115000.3,1.73,32,6.4,22.12,4.25
21/05/2018,185.7014395,187.2421654,185.7014395,186.5171204,244947,115618.3,1.72,32.1,6.4,22.24,4.28
22/05/2018,186.3358737,187.4234344,184.7045258,186.0639801,541377,115337.4,1.73,32.1,6.4,22.19,4.27
23/05/2018,185.7920684,187.4234161,184.9764014,187.4234161,822649,116180.1,1.72,32.3,6.4,22.35,4.3
24/05/2018,188.0578351,190.50485,186.2452295,186.8796387,689168,115843.1,1.72,32.2,6.4,22.28,4.29
25/05/2018,187.4234037,188.9641155,186.6983587,187.6952972,893521,116348.6,1.71,32.3,6.4,22.38,4.3
28/05/2018,188.5109711,189.6891674,187.7859261,188.5109711,410597,116854.3,1.71,32.5,6.4,22.48,4.32
29/05/2018,187.4234037,189.4172669,185.8826918,187.6952972,829922,116348.6,1.71,32.3,6.4,22.38,4.3
30/05/2018,188.2391025,188.692254,186.0639812,187.8765869,514567,116461,1.71,32.4,6.4,22.4,4.31
31/05/2018,188.873467,190.1422991,185.3388922,186.3358307,776361,115506,1.73,32.1,6.4,22.22,4.27
06/01/2018,187.6953097,188.1484611,186.154584,187.4234161,605509,116180.1,1.72,32.3,6.4,22.35,4.3
06/04/2018,188.1484444,189.870414,187.6046573,188.9641113,324470,117135.2,1.7,32.6,6.4,22.53,4.33
06/05/2018,189.0547679,191.0486313,188.6016165,189.5985413,411055,117528.4,1.7,32.7,6.4,22.61,4.35
06/06/2018,189.3266509,189.5985445,183.9794699,184.8857727,735999,114607.1,1.74,31.9,6.4,22.05,4.24
06/07/2018,186.1545925,186.5171219,183.4356841,184.9764099,556198,114663.3,1.74,31.9,6.4,22.06,4.24
06/08/2018,183.6169569,187.5140479,183.0731696,186.7890167,514536,115786.9,1.72,32.2,6.4,22.27,4.28
06/11/2018,187.6046683,189.1453802,186.7890014,188.5109711,475853,116854.3,1.71,32.5,6.4,22.48,4.32
06/12/2018,189.2360385,189.3266604,187.3327969,187.6046906,438990,116292.5,1.71,32.3,6.4,22.37,4.3
13/06/2018,187.967214,190.5048649,187.4234406,190.1423492,548967,117865.5,1.69,32.8,6.4,22.67,4.36
14/06/2018,189.1453911,192.1361931,186.2452249,191.3205261,852568,118595.9,1.68,33,6.4,22.81,4.39
15/06/2018,192.5893388,194.3113086,191.5924003,192.4080811,1048170,119270.1,1.67,33.2,6.4,22.94,4.41
18/06/2018,192.2268249,192.4987047,187.695311,189.2360229,552056,117303.7,1.7,32.6,6.4,22.57,4.34
19/06/2018,187.3327872,189.4172864,186.7890138,188.23909,581665,116685.8,1.71,32.4,6.4,22.45,4.32
20/06/2018,189.2360257,191.2298891,188.3297229,189.5985413,583073,117528.4,1.7,32.7,6.4,22.61,4.35
21/06/2018,190.2329633,191.7736892,187.0609033,187.6046906,508479,116292.5,1.71,32.3,6.4,22.37,4.3
22/06/2018,187.7859398,190.2329546,187.4234242,189.9610748,490610,117753.2,1.69,32.7,6.4,22.65,4.36
25/06/2018,189.0547696,190.2329521,186.4264832,186.4264832,342538,115562.1,1.73,32.1,6.4,22.23,4.27
26/06/2018,187.1515253,189.1453886,186.5171161,187.7859344,413697,116404.9,1.71,32.4,6.4,22.39,4.31
27/06/2018,188.3297312,190.5954883,187.9672018,188.8735046,418053,117079,1.7,32.5,6.4,22.52,4.33
28/06/2018,188.5109711,190.1423188,187.5140325,188.5109711,623190,116854.3,1.71,32.5,6.4,22.48,4.32
29/06/2018,190.7767264,192.1361805,189.4172723,191.6830292,722458,118820.6,1.68,33,6.4,22.86,4.4
07/02/2018,190.1423132,191.1392379,188.3297078,189.5079041,515500,117472.3,1.7,32.7,6.4,22.6,4.35
07/03/2018,190.0516828,192.2268177,189.6891673,191.8642883,476193,118932.9,1.68,33.1,6.4,22.88,4.4
07/04/2018,192.0455712,192.4987227,190.3236013,191.2299042,331737,118539.7,1.68,32.9,6.4,22.8,4.38
07/05/2018,191.5017772,191.5017772,187.0608853,187.3327789,870964,116123.9,1.72,32.3,6.4,22.34,4.3
07/06/2018,186.6077423,188.6016196,185.4295598,186.5171204,745462,115618.3,1.72,32.1,6.4,22.24,4.28
07/09/2018,186.8796387,187.9671993,186.1545937,186.8796387,516140,115843.1,1.72,32.2,6.4,22.28,4.29
07/10/2018,186.6077284,188.6016055,185.7014256,188.4203339,540322,116798.1,1.71,32.5,6.4,22.47,4.32
07/11/2018,187.3327733,189.3266366,186.9702578,188.4203339,509378,116798.1,1.71,32.5,6.4,22.47,4.32
07/12/2018,188.8735112,191.32054,188.5109956,191.2299042,448634,118539.7,1.68,32.9,6.4,22.8,4.38
13/07/2018,190.2329642,191.4111606,189.3266613,191.048645,452643,118427.3,1.68,32.9,6.4,22.78,4.38
16/07/2018,188.8735004,190.686106,188.2390912,190.0516968,341059,117809.3,1.69,32.7,6.4,22.66,4.36
17/07/2018,190.686099,191.1392503,188.8734934,190.9579926,373238,118371.1,1.68,32.9,6.4,22.77,4.38
18/07/2018,191.4111398,193.2237453,190.2329435,190.4142151,443023,118034.1,1.69,32.8,6.4,22.71,4.37
19/07/2018,190.4142136,192.4080769,188.9641237,191.9549255,543449,118989.1,1.68,33.1,6.4,22.89,4.4
20/07/2018,192.3174564,193.2237592,189.7798057,192.0455627,629852,119045.3,1.68,33.1,6.4,22.9,4.4
23/07/2018,191.7736552,191.7736552,188.51096,188.9641113,396063,117135.2,1.7,32.6,6.4,22.53,4.33
24/07/2018,189.3266338,190.2329365,188.1484513,189.6891632,516126,117584.6,1.7,32.7,6.4,22.62,4.35
25/07/2018,190.5048343,190.5954701,187.5140325,188.5109711,601051,116854.3,1.71,32.5,6.4,22.48,4.32
26/07/2018,189.598544,190.1423312,188.1484678,189.8704376,679222,117792.4,1.69,30.7,6.82,22.64,4.35
27/07/2018,183.5263047,186.6983643,181.9855928,186.6983643,979201,115824.5,1.72,30.2,6.82,22.26,4.28
30/07/2018,186.2452225,188.782873,185.3389197,187.7859344,480436,116499.3,1.71,30.4,6.82,22.39,4.31
31/07/2018,188.873499,190.5048468,187.6046806,189.8704376,508421,117792.4,1.69,30.7,6.82,22.64,4.35
08/01/2018,190.8673804,192.3174566,189.8704417,190.3235931,443421,118073.6,1.69,30.8,6.82,22.69,4.36
08/02/2018,190.4142151,191.229882,189.3266407,190.4142151,516266,118129.8,1.69,30.8,6.82,22.71,4.37
08/03/2018,191.1392475,192.5893375,190.5048383,192.2268219,338018,119254.3,1.67,31.1,6.82,22.92,4.41
08/06/2018,192.4987044,193.6769008,191.8642952,192.5893402,336605,119479.2,1.67,31.1,6.82,22.97,4.42
08/07/2018,192.8612282,194.4925759,191.4111383,193.5862732,431431,120097.7,1.66,31.3,6.82,23.08,4.44
08/08/2018,193.4050058,194.7644599,192.0455516,192.498703,324452,119422.9,1.67,31.1,6.82,22.95,4.41
08/09/2018,188.964147,191.5924198,188.5109956,191.2299042,423723,118635.8,1.68,30.9,6.82,22.8,4.38
08/10/2018,189.326648,189.7797994,185.8827084,186.245224,682064,115543.4,1.73,30.1,6.82,22.21,4.27
13/08/2018,186.6077478,187.5140506,185.701445,187.151535,372772,116105.6,1.72,30.3,6.82,22.32,4.29
14/08/2018,188.3297147,190.0516844,187.7859275,188.6922302,354018,117061.5,1.71,30.5,6.82,22.5,4.33
15/08/2018,189.1453718,189.689159,183.435662,184.3419647,618042,114362.7,1.75,29.8,6.82,21.98,4.23
16/08/2018,184.976414,185.6108232,181.8949761,185.4295654,615256,115037.4,1.74,30,6.82,22.11,4.25
17/08/2018,185.9733124,186.7889931,183.34504,184.3419647,433504,114362.7,1.75,29.8,6.82,21.98,4.23
20/08/2018,184.7951478,186.6983893,183.6169651,186.0639801,459794,115430.9,1.73,30.1,6.82,22.19,4.27
21/08/2018,185.7920754,187.8765746,185.5201817,186.5171204,345112,115712.1,1.72,30.2,6.82,22.24,4.28
22/08/2018,186.7890001,188.1484542,186.4264707,186.6983643,342618,115824.5,1.72,30.2,6.82,22.26,4.28
23/08/2018,187.060906,188.4203603,186.8796482,187.8765869,359747,116555.4,1.71,30.4,6.82,22.4,4.31
24/08/2018,187.8765815,188.1484751,186.6077492,187.2421722,251552,116161.9,1.72,30.3,6.82,22.33,4.29
27/08/2018,188.3297272,188.3297272,187.1515308,188.3297272,204956,116836.6,1.71,30.4,6.82,22.46,4.32
28/08/2018,188.420356,190.1423397,188.1484762,189.145401,366509,117342.6,1.7,30.6,6.82,22.55,4.34
29/08/2018,189.8704196,190.1423132,189.0547527,189.5079041,281232,117567.5,1.7,30.6,6.82,22.6,4.35
30/08/2018,189.3266545,190.8673804,188.6922453,190.3235931,569005,118073.6,1.69,30.8,6.82,22.69,4.36
31/08/2018,190.142323,190.142323,186.4264762,187.3327789,552057,116218.1,1.72,30.3,6.82,22.34,4.3
09/03/2018,186.6077519,187.7859484,186.2452363,187.6046906,201874,116386.8,1.71,30.3,6.82,22.37,4.3
09/04/2018,188.0578411,188.5109926,182.7106599,184.0701141,486302,114194,1.75,29.8,6.82,21.95,4.22
09/05/2018,184.0700984,184.1607204,180.3089336,180.762085,713896,112141.8,1.78,29.2,6.82,21.55,4.14
09/06/2018,180.3089309,180.4448846,178.768219,178.768219,444620,110904.8,1.8,28.9,6.82,21.32,4.1
09/07/2018,179.1760531,180.8074008,178.7682196,180.5355072,438602,112001.2,1.78,29.2,6.82,21.53,4.14
09/10/2018,180.6714692,182.2574991,179.6745306,181.3511963,382008,112507.2,1.77,29.3,6.82,21.63,4.16
09/11/2018,181.6230924,183.6169698,181.169941,183.1638184,545962,113631.8,1.76,29.6,6.82,21.84,4.2
09/12/2018,183.254436,184.9764197,182.3481331,184.4326324,400228,114418.9,1.74,29.8,6.82,21.99,4.23
13/09/2018,184.4326005,185.9733124,183.7075556,184.3419647,432685,114362.7,1.75,29.8,6.82,21.98,4.23
14/09/2018,184.7045123,184.7045123,182.9825287,182.9825287,386792,113519.3,1.76,29.6,6.82,21.82,4.2
17/09/2018,183.1637976,183.3450554,181.8043434,182.6200104,337137,113294.4,1.76,29.5,6.82,21.78,4.19
18/09/2018,182.6200049,183.0731562,181.8043379,181.9855957,458538,112900.8,1.77,29.4,6.82,21.7,4.17
19/09/2018,181.8949523,182.5293614,180.5808161,181.1246033,402912,112366.6,1.78,29.3,6.82,21.6,4.15
20/09/2018,181.4418208,183.4356842,180.4902001,183.4356842,576543,113800.4,1.75,29.7,6.82,21.87,4.21
21/09/2018,184.0701083,187.1515323,183.8888366,186.7890167,1373272,115880.8,1.72,30.2,6.82,22.27,4.28
24/09/2018,186.0639663,186.2452241,183.345058,184.6138763,433002,114531.3,1.74,29.8,6.82,22.01,4.23
25/09/2018,184.523271,185.0670444,182.5293936,184.7045288,421954,114587.6,1.74,29.9,6.82,22.02,4.24
26/09/2018,184.8857698,186.5171176,184.3419826,186.245224,433306,115543.4,1.73,30.1,6.82,22.21,4.27
27/09/2018,185.7920628,188.7828647,185.1576537,188.5109711,368845,116949.1,1.71,30.5,6.82,22.48,4.32
28/09/2018,189.8704378,189.8704378,187.2421652,188.23909,577461,116780.4,1.71,30.4,6.82,22.45,4.32
10/01/2018,187.6046711,189.054761,187.2421555,188.7828674,320291,117117.7,1.7,30.5,6.82,22.51,4.33
10/02/2018,187.8765883,188.1484819,185.8827247,188.0578461,386620,116667.9,1.71,30.4,6.82,22.42,4.31
10/03/2018,188.5109711,188.6016069,186.9702592,188.5109711,286439,116949.1,1.71,30.5,6.82,22.48,4.32
10/04/2018,186.9702751,187.3327907,180.9433531,181.8043518,726702,112788.3,1.77,29.4,6.82,21.68,4.17
10/05/2018,182.4387512,183.4356759,181.2605548,182.5293732,521012,113238.1,1.76,29.5,6.82,21.77,4.19
10/08/2018,181.9855972,182.8918999,180.1276737,180.5355072,380637,112001.2,1.78,29.2,6.82,21.53,4.14
10/09/2018,180.6714651,181.2605564,178.2697544,180.8980408,444559,112226.1,1.78,29.2,6.82,21.57,4.15
10/10/2018,180.3542614,181.3512,172.1069002,173.3757324,996454,107559.4,1.86,28,6.82,20.67,3.98
10/11/2018,172.2881877,173.0585369,169.614583,170.0224304,766058,105479,1.89,27.5,6.82,20.27,3.9
10/12/2018,171.3818541,171.6990518,166.7597046,166.7597046,749333,103454.9,1.93,27,6.82,19.89,3.82
15/10/2018,166.3065532,167.0769161,164.9470991,166.7597046,562080,103454.9,1.93,27,6.82,19.89,3.82
16/10/2018,166.7596936,169.4786016,165.0830281,168.8441925,771557,104748.1,1.91,27.3,6.82,20.13,3.87
17/10/2018,169.3879928,171.472492,169.116113,170.1583557,592297,105563.4,1.89,27.5,6.82,20.29,3.9
18/10/2018,170.7474226,171.109952,168.9348172,169.2067108,481622,104973,1.9,27.4,6.82,20.18,3.88
19/10/2018,169.6145674,175.0523843,168.8895362,173.3757324,920180,107559.4,1.86,28,6.82,20.67,3.98
22/10/2018,175.1883353,175.7321087,173.1038361,173.1038361,486131,107390.7,1.86,28,6.82,20.64,3.97
23/10/2018,171.2912354,174.1914017,170.8834019,171.9709625,626271,106687.9,1.87,27.8,6.82,20.51,3.94
24/10/2018,172.5147352,175.0070677,171.8803122,172.0162659,445161,106716,1.87,27.8,6.82,20.51,3.94
25/10/2018,171.6537582,174.6898783,170.883409,174.4633026,608680,108234.1,1.84,28.2,6.82,20.8,4
26/10/2018,172.2428514,173.0132004,169.1614135,171.3818665,727319,106322.4,1.88,27.7,6.82,20.44,3.93
29/10/2018,171.3818582,172.1068893,169.5692527,170.4755554,441293,105760.2,1.89,27.6,6.82,20.33,3.91
30/10/2018,169.4786169,170.2489798,166.8050265,168.9348297,661072,104804.3,1.9,27.3,6.82,20.14,3.87
31/10/2018,178.9948077,181.3512006,176.6837327,180.2636261,1437389,111832.5,1.78,29.1,6.82,21.5,4.13
11/01/2018,180.6714817,181.7137244,179.3573314,181.0793152,610929,112338.6,1.78,29.3,6.82,21.59,4.15
11/02/2018,182.8918859,182.9825079,180.9433268,182.2574768,552153,113069.5,1.77,29.5,6.82,21.73,4.18
11/05/2018,182.0762397,184.1607391,181.6230883,182.8012848,420590,113406.8,1.76,29.6,6.82,21.8,4.19
11/06/2018,183.6169434,185.3389131,182.6200048,183.6169434,508884,113912.8,1.75,29.7,6.82,21.9,4.21
11/07/2018,183.7982094,187.2421627,183.7982094,184.6138763,507681,114531.3,1.74,29.8,6.82,22.01,4.23
11/08/2018,184.8857741,186.7890155,184.2513649,185.0670319,499913,114812.4,1.74,29.9,6.82,22.07,4.24
11/09/2018,184.9763767,186.6077104,184.3419538,186.3358307,440790,115599.6,1.73,30.1,6.82,22.22,4.27
11/12/2018,186.6077535,187.5140564,185.4295709,186.0639801,493232,115430.9,1.73,30.1,6.82,22.19,4.27
13/11/2018,186.4264637,189.3266296,186.1545702,189.3266296,524567,117455.1,1.7,30.6,6.82,22.58,4.34
14/11/2018,189.054768,190.59548,187.3327844,187.9671936,575077,116611.6,1.71,30.4,6.82,22.41,4.31
15/11/2018,188.9641322,189.5985414,185.8827082,187.9671936,591999,116611.6,1.71,30.4,6.82,22.41,4.31
16/11/2018,187.6953166,190.1423314,186.0639688,188.148468,588215,116724.1,1.71,30.4,6.82,22.44,4.31
19/11/2018,188.510995,189.5985557,185.8827223,186.1546021,439778,115094.1,1.73,30.1,6.82,22.2,4.27
20/11/2018,184.9764002,186.8796277,182.8012652,185.6108093,644059,114757.9,1.73,30,6.82,22.13,4.26
21/11/2018,186.6077464,187.7859429,184.7951408,187.0608978,495652,115654.4,1.72,30.2,6.82,22.31,4.29
22/11/2018,185.7920851,187.2421752,185.3389337,185.8827209,373691,114926,1.73,30.1,6.82,22.17,4.26
23/11/2018,186.2452308,187.6046851,184.8857766,187.0608978,340676,115654.4,1.72,30.2,6.82,22.31,4.29
26/11/2018,186.9702649,188.420341,185.6108107,185.7920685,475378,114869.9,1.73,30,6.82,22.15,4.26
27/11/2018,185.701427,188.6922289,185.701427,188.5109711,503832,116550.9,1.71,30.5,6.82,22.48,4.32
28/11/2018,188.8734964,190.59548,187.7859358,187.9671936,540284,116214.8,1.71,30.4,6.82,22.41,4.31
29/11/2018,189.4172919,190.7767461,187.695322,188.8735046,464662,116775.1,1.7,30.5,6.82,22.52,4.33
30/11/2018,188.5109697,189.4172724,187.7859247,188.4203339,647882,116494.9,1.71,30.5,6.82,22.47,4.32
12/03/2018,192.2268371,194.0394428,190.5048534,192.3174591,708277,118904.4,1.67,31.1,6.82,22.93,4.41
12/04/2018,191.4111438,194.220688,191.3205219,192.5893402,544884,119072.5,1.67,31.1,6.82,22.97,4.42
12/05/2018,190.7767377,192.045556,189.4172835,189.5985413,455354,117223.4,1.7,30.7,6.82,22.61,4.35
12/06/2018,188.5110054,189.5079441,183.0731879,183.888855,808536,113693.2,1.75,29.7,6.82,21.93,4.22
12/07/2018,185.3389101,189.779788,184.795123,186.6983643,617331,115430.3,1.72,30.2,6.82,22.26,4.28
12/10/2018,187.151535,190.1423371,186.6077478,187.151535,553515,115710.4,1.72,30.3,6.82,22.32,4.29
12/11/2018,188.5109836,190.2329534,187.8765744,188.23909,540588,116382.9,1.71,30.4,6.82,22.45,4.32
12/12/2018,189.9610734,191.9549368,189.6891798,189.8704376,568523,117391.5,1.69,30.7,6.82,22.64,4.35
13/12/2018,190.5048569,192.045569,187.4234327,187.6046906,761896,115990.6,1.71,30.3,6.82,22.37,4.3
14/12/2018,186.6077607,187.6046994,184.2513814,185.1576843,686736,114477.8,1.74,29.9,6.82,22.08,4.25
17/12/2018,184.976403,186.0639636,183.4356772,184.251358,462495,113917.4,1.75,29.8,6.82,21.97,4.22
18/12/2018,184.1607306,184.613882,182.8012764,183.5263214,553302,113469.1,1.75,29.7,6.82,21.88,4.21
19/12/2018,184.5232656,184.8857812,183.0731755,184.0701141,570463,113805.3,1.75,29.8,6.82,21.95,4.22
20/12/2018,183.0731632,184.4326173,182.0762246,182.7106476,588414,112964.8,1.76,29.5,6.82,21.79,4.19
21/12/2018,182.1668521,182.8012612,179.4932617,181.8949585,1223003,112460.5,1.77,29.4,6.82,21.69,4.17
24/12/2018,180.1729938,181.7137057,178.6322818,179.1307373,141658,110751.4,1.8,29,6.82,21.36,4.11
27/12/2018,180.4901909,181.079296,175.0976922,177.2728271,595549,109602.8,1.81,28.7,6.82,21.14,4.06
28/12/2018,178.4963178,180.7620746,178.0431664,179.5385742,399520,111003.6,1.79,29,6.82,21.41,4.12
31/12/2018,179.4932508,182.4387346,178.9947816,182.3480988,157403,112740.6,1.76,29.5,6.82,21.74,4.18
01/02/2019,180.3542536,181.8949655,178.6322838,180.8980408,449752,111844.1,1.78,29.2,6.82,19.26,3.79
01/03/2019,179.3573402,179.6745517,177.6353702,178.7229309,436527,110499.3,1.8,28.9,6.82,19.02,3.74
01/04/2019,179.765165,182.3481197,178.5869686,181.2605591,477627,112068.3,1.77,29.3,6.82,19.29,3.79
01/07/2019,181.9855979,181.9855979,177.9978575,178.9494781,437987,110639.4,1.8,28.9,6.82,19.05,3.75
01/08/2019,178.4963363,181.4418205,178.2697606,180.0370483,529607,111311.8,1.79,29.1,6.82,19.16,3.77
01/09/2019,180.5808386,181.03399,176.7743694,178.5869751,596193,110415.3,1.8,28.9,6.82,19.01,3.74
01/10/2019,177.5447266,179.5839081,176.7743775,179.5839081,442103,111031.6,1.79,29,6.82,19.12,3.76
01/11/2019,180.0370429,181.351193,178.3150731,179.4026337,371388,110919.5,1.79,29,6.82,19.1,3.76
14/01/2019,177.9072377,178.8135404,176.8649812,177.5447083,358856,109770.8,1.81,28.7,6.82,18.9,3.72
15/01/2019,178.3603973,179.4932758,176.321216,178.4510193,374464,110331.2,1.8,28.9,6.82,18.99,3.74
16/01/2019,178.9948088,178.9948088,176.9556274,176.9556274,424382,109406.6,1.82,28.6,6.82,18.84,3.7
17/01/2019,177.4087607,178.5416392,177.0009273,178.3150635,421672,110247.1,1.8,28.8,6.82,18.98,3.73
18/01/2019,178.8588759,181.7137244,177.5900436,181.0793152,629103,111956.2,1.78,29.3,6.82,19.27,3.79
21/01/2019,180.3995806,180.852732,179.266702,180.2183228,263644,111423.9,1.79,29.1,6.82,19.18,3.77
22/01/2019,179.6292003,180.8073966,178.8135334,180.0823517,340270,111339.8,1.79,29.1,6.82,19.17,3.77
23/01/2019,179.9917599,183.16382,178.1338362,181.7137299,508359,112348.4,1.77,29.4,6.82,19.34,3.8
24/01/2019,181.4418281,181.7137217,179.8104802,180.8074188,457856,111788.1,1.78,29.2,6.82,19.25,3.78
25/01/2019,181.713716,182.8919124,180.4902017,181.8043518,448336,112404.4,1.77,29.4,6.82,19.35,3.81
28/01/2019,180.6261292,182.3480988,179.8557664,182.3480988,446579,112740.6,1.76,29.5,6.82,19.41,3.82
29/01/2019,183.0731519,187.4234078,182.0762134,186.6077271,539972,115374.3,1.72,30.2,6.82,19.86,3.91
30/01/2019,187.2421541,188.9641238,187.1515183,188.6922302,531581,116663,1.71,30.5,6.82,20.08,3.95
31/01/2019,189.5079123,190.4142151,186.9702618,190.4142151,665967,117727.7,1.69,30.8,6.82,20.27,3.99
02/01/2019,191.5923961,192.3174411,189.9610622,191.9549255,452185,118680.3,1.68,31,6.82,20.43,4.02
02/04/2019,191.9549255,192.2268191,190.6860934,191.9549255,397348,118680.3,1.68,31,6.82,20.43,4.02
02/05/2019,191.5017938,199.29599,190.8673846,199.29599,851196,123219.1,1.61,32.2,6.82,21.21,4.17
02/06/2019,196.8489532,198.6615587,196.1239083,196.8489532,534654,121706.1,1.63,31.8,6.82,20.95,4.12
02/07/2019,195.5801419,198.2084144,195.1269905,195.8520355,585357,121089.8,1.78,31,6.96,20.85,4.1
02/08/2019,195.7614214,198.3896943,194.1300735,198.2990723,859055,122602.7,1.76,31.4,6.96,21.11,4.15
02/11/2019,197.6646517,201.5617428,197.6646517,200.4741821,604137,123947.4,1.74,31.8,6.96,21.34,4.2
02/12/2019,200.7460877,203.73689,198.6615883,203.4649963,741627,125796.6,1.71,32.3,6.96,21.66,4.26
13/02/2019,203.0118312,204.8244369,201.0179678,201.9242706,612710,124844.1,1.73,32,6.96,21.49,4.23
14/02/2019,200.8366907,203.2837053,199.8397522,199.8397522,502512,123555.3,1.75,31.7,6.96,21.27,4.18
15/02/2019,199.4772476,203.0118229,199.3866118,201.0179596,627913,124283.7,1.74,31.9,6.96,21.4,4.21
18/02/2019,200.746074,203.827498,200.746074,203.6462402,329962,125908.7,1.71,32.3,6.96,21.68,4.26
19/02/2019,203.9181368,204.2806524,201.6523798,202.196167,358026,125012.1,1.73,32,6.96,21.52,4.23
20/02/2019,202.0148745,203.3743286,201.3804654,203.3743286,309340,125740.6,1.72,32.2,6.96,21.65,4.26
21/02/2019,203.7368677,205.4588374,203.3743383,204.3712769,364498,126356.9,1.71,32.4,6.96,21.75,4.28
22/02/2019,204.6431677,204.7337897,202.7399264,204.0087585,405238,126132.8,1.71,32.3,6.96,21.72,4.27
25/02/2019,203.8274939,204.5525389,202.5586756,203.1024628,300787,125572.5,1.72,32.2,6.96,21.62,4.25
26/02/2019,203.1024628,203.9181298,202.1055242,203.1024628,298602,125572.5,1.72,32.2,6.96,21.62,4.25
27/02/2019,202.1055076,202.1055076,198.3896609,199.658493,569031,123443.2,1.75,31.6,6.96,21.25,4.18
28/02/2019,198.1178085,201.2898684,198.0271726,201.1085968,500769,124339.7,1.74,31.9,6.96,21.41,4.21
03/01/2019,203.9181382,203.9181382,200.5648204,202.4680481,422982,125180.3,1.72,32.1,6.96,21.55,4.24
03/04/2019,203.0118033,203.6462125,201.9242429,202.2867584,303016,125068.2,1.72,32.1,6.96,21.53,4.23
03/05/2019,202.7399043,205.5494481,202.1054952,205.005661,368512,126749.2,1.7,32.5,6.96,21.82,4.29
03/06/2019,205.6400827,205.6400827,202.9211745,203.0118103,393885,125516.4,1.72,32.2,6.96,21.61,4.25
03/07/2019,203.3743299,206.9089189,203.1024502,206.7276611,551157,127813.9,1.69,32.8,6.96,22,4.33
03/08/2019,205.9120037,208.3590186,205.7307459,207.6339874,472916,128374.2,1.68,32.9,6.96,22.1,4.35
03/11/2019,205.7307157,207.4526853,204.1900038,206.0026093,386456,127365.6,1.69,32.7,6.96,21.93,4.31
03/12/2019,206.4557994,207.3621022,204.0087843,206.9089508,310023,127925.9,1.69,32.8,6.96,22.02,4.33
13/03/2019,206.637046,208.8121673,206.5464102,207.452713,380011,128262.1,1.68,32.9,6.96,22.08,4.34
14/03/2019,207.1808492,211.1685764,207.1808492,210.8060608,437334,130335.4,1.66,33.4,6.96,22.44,4.41
15/03/2019,210.8966507,214.9750131,210.8060287,213.9780884,1206393,132296.6,1.63,33.9,6.96,22.78,4.48
18/03/2019,213.1624146,213.6155659,211.9842182,213.1624146,305897,131792.3,1.64,33.8,6.96,22.69,4.46
19/03/2019,212.7092743,213.9781066,212.4373807,212.7092743,367079,131512.1,1.64,33.7,6.96,22.64,4.45
20/03/2019,213.2530504,215.065656,212.799899,213.1624146,486145,131792.3,1.64,33.8,6.96,22.69,4.46
21/03/2019,213.6155685,215.51881,212.8905235,215.0656586,395251,132969,1.62,34.1,6.96,22.89,4.5
22/03/2019,214.8844094,215.4281828,212.1655009,212.7092743,527129,131512.1,1.64,33.7,6.96,22.64,4.45
25/03/2019,212.0748665,213.4343207,211.621715,212.7999115,399983,131568.1,1.64,33.7,6.96,22.65,4.45
26/03/2019,213.4343189,216.3344852,212.9811675,215.9719696,367588,133529.3,1.62,34.2,6.96,22.99,4.52
27/03/2019,216.0625763,216.5157277,214.1593488,216.0625763,376089,133585.4,1.61,34.2,6.96,23,4.52
28/03/2019,214.7937607,217.7845627,214.0687157,216.2438507,385436,133697.4,1.61,34.3,6.96,23.02,4.53
29/03/2019,217.0595273,217.6033145,215.700073,217.3314209,480685,134369.8,1.61,34.4,6.96,23.13,4.55
04/01/2019,218.6908792,218.7815012,216.2438643,217.8751984,467724,134706,1.6,34.5,6.96,23.19,4.56
04/02/2019,217.7845627,218.6908655,215.9719571,216.2438507,404511,133697.4,1.61,34.3,6.96,23.02,4.53
04/03/2019,218.3283331,218.3283331,215.2469092,217.693924,509507,134593.9,1.6,34.5,6.96,23.17,4.56
04/04/2019,217.9658272,218.9627658,217.7845694,218.6908722,371378,135210.3,1.6,34.7,6.96,23.28,4.58
04/05/2019,219.0533921,219.0533921,215.8813322,217.5126801,510312,134481.9,1.6,34.5,6.96,23.15,4.55
04/08/2019,218.0564395,218.6002128,216.7876074,217.7845459,291470,134650,1.6,34.5,6.96,23.18,4.56
04/09/2019,217.1501645,218.6002407,216.3344836,217.5126801,379477,134481.9,1.6,34.5,6.96,23.15,4.55
04/10/2019,216.7876251,219.7784271,216.3344737,219.7784271,371481,135882.8,1.59,34.8,6.96,23.39,4.6
04/11/2019,218.4189689,219.4159075,217.693924,217.693924,364869,134593.9,1.6,34.5,6.96,23.17,4.56
04/12/2019,217.3313945,218.6002128,216.0625624,217.7845459,370947,134650,1.6,34.5,6.96,23.18,4.56
15/04/2019,217.0595163,217.7845613,215.8813199,216.1532135,449165,133641.4,1.61,34.3,6.96,23.01,4.52
16/04/2019,216.6969854,218.0564395,215.2468955,217.7845459,456003,134650,1.6,34.5,6.96,23.18,4.56
17/04/2019,219.8690643,221.3191405,214.9750209,219.9596863,765070,135994.8,1.59,34.9,6.96,23.41,4.6
18/04/2019,220.956629,222.7692346,216.8782664,220.4128418,897095,136275,1.58,34.9,6.96,23.46,4.61
23/04/2019,219.5971444,220.4128113,217.784539,220.3221893,534006,136232.4,1.58,34.9,6.96,23.45,4.61
24/04/2019,220.140948,222.0441895,219.5971746,222.0441895,425882,137297.1,1.57,35.2,6.96,23.63,4.65
25/04/2019,222.0441784,222.5879656,220.6847243,220.8659821,488653,136848.4,1.58,35,6.96,23.51,4.62
26/04/2019,220.9120222,222.7537231,220.0832624,222.7537231,485424,135837.9,1.59,34.8,6.96,23.34,4.59
29/04/2019,219.6228243,224.0429091,219.1623991,223.6745605,439369,136399.4,1.59,34.9,6.96,23.43,4.61
30/04/2019,222.8458126,225.7925313,222.4774781,225.7004547,525486,137634.9,1.57,35.2,6.96,23.64,4.65
05/02/2019,224.6875172,224.7796079,219.6228396,219.8070068,633402,134040.9,1.61,34.3,6.96,23.03,4.53
05/03/2019,219.8070159,222.9379161,219.3465907,222.2012329,410016,135501,1.6,34.7,6.96,23.28,4.58
05/06/2019,219.6228415,221.9249677,216.86029,221.3724518,324300,134995.6,1.6,34.5,6.96,23.19,4.56
05/07/2019,220.9120165,222.3853828,217.412796,217.412796,460345,132580.9,1.63,33.9,6.96,22.78,4.48
05/08/2019,217.9653085,219.4386749,217.5048833,219.4386749,383068,133816.3,1.62,34.2,6.96,22.99,4.52
05/09/2019,218.8861612,220.3595277,216.9523836,217.1365509,445025,132412.4,1.63,33.9,6.96,22.75,4.47
05/10/2019,218.7019981,219.0703327,216.2157045,216.3998718,393124,131963.3,1.64,33.8,6.96,22.67,4.46
13/05/2019,217.2286314,218.4257399,214.6502612,217.0444641,436901,132356.3,1.63,33.9,6.96,22.74,4.47
14/05/2019,218.9782628,218.9782628,215.8473625,218.5178375,363233,133254.8,1.62,34.1,6.96,22.89,4.5
15/05/2019,218.0573987,220.7278595,217.0444575,220.7278595,491332,134602.5,1.61,34.4,6.96,23.12,4.55
16/05/2019,221.004107,225.147934,219.5307406,225.147934,514913,137297.9,1.57,35.1,6.96,23.59,4.64
17/05/2019,225.0558678,225.5162931,223.1220901,224.3191986,562316,136792.5,1.58,35,6.96,23.5,4.62
20/05/2019,223.7666645,224.5954243,219.8070047,222.1091309,510795,135444.8,1.6,34.7,6.96,23.27,4.58
21/05/2019,222.7537348,223.6745853,220.9120338,222.2012329,344708,135501,1.6,34.7,6.96,23.28,4.58
22/05/2019,222.0170485,224.5954185,221.9249578,223.8587494,349865,136511.8,1.58,34.9,6.96,23.45,4.61
23/05/2019,222.7537306,223.7666718,221.0041203,222.937912,479522,135950.3,1.59,34.8,6.96,23.36,4.59
24/05/2019,223.6745935,224.7796254,222.5695756,223.9508514,512941,136567.9,1.58,34.9,6.96,23.46,4.61
27/05/2019,225.3321012,226.2529517,223.9508256,225.147934,187495,137297.9,1.57,35.1,6.96,23.59,4.64
28/05/2019,224.7795972,225.7004476,222.5695477,224.2270813,537212,136736.4,1.58,35,6.96,23.49,4.62
29/05/2019,222.1091248,222.9378986,219.714922,221.280365,582499,134939.4,1.6,34.5,6.96,23.18,4.56
30/05/2019,221.3724474,223.1220718,220.0832624,222.7537231,206393,135837.9,1.59,34.8,6.96,23.34,4.59
31/05/2019,221.3724518,222.2012257,219.4386742,221.3724518,537408,134995.6,1.6,34.5,6.96,23.19,4.56
06/03/2019,221.0041003,222.5695432,219.4386574,222.385376,424531,135613.3,1.59,34.7,6.96,23.3,4.58
06/04/2019,221.3724634,223.5825132,219.2545184,220.8199615,460361,134658.7,1.61,34.4,6.96,23.13,4.55
06/05/2019,220.4515994,223.0299835,219.6228396,223.0299835,363544,136006.4,1.59,34.8,6.96,23.36,4.59
06/06/2019,223.7666718,225.3321149,222.7537306,222.937912,386368,135950.3,1.59,34.8,6.96,23.36,4.59
06/07/2019,223.1220706,226.8975491,223.1220706,225.7004547,445486,137634.9,1.57,35.2,6.96,23.64,4.65
06/10/2019,225.7004496,226.7133767,224.5033412,225.7925262,177975,137691,1.57,35.2,6.96,23.65,4.65
06/11/2019,225.7004634,227.2659065,225.1479475,226.1608887,341395,137915.6,1.57,35.3,6.96,23.69,4.66
06/12/2019,225.700454,228.7392493,224.9637708,227.6342316,434945,138814.1,1.56,35.5,6.96,23.85,4.69
13/06/2019,227.0817512,228.3709364,226.6213259,227.8184204,421316,138926.4,1.56,35.5,6.96,23.87,4.69
14/06/2019,225.70045,228.4630013,225.70045,228.3709106,339463,139263.4,1.55,35.6,6.96,23.92,4.7
17/06/2019,227.6342472,230.3967988,227.5421706,229.5680389,400811,139993.3,1.54,35.8,6.96,24.05,4.73
18/06/2019,229.5680338,235.3693948,229.0155178,232.8830872,546167,142014.9,1.52,36.3,6.96,24.4,4.8
19/06/2019,233.343517,234.0802002,231.3176486,234.0802002,473465,142744.9,1.51,36.5,6.96,24.52,4.82
20/06/2019,235.82981,236.7506605,234.6327016,235.3693848,472242,143531.1,1.51,36.7,6.96,24.66,4.85
21/06/2019,234.8168817,236.9348266,233.9881218,235.0931396,1128103,143362.6,1.51,36.7,6.96,24.63,4.84
24/06/2019,235.1852112,236.013971,234.5406186,235.1852112,347578,143418.8,1.51,36.7,6.96,24.64,4.85
25/06/2019,235.1851925,236.4743774,233.9880981,233.9880981,348295,142688.8,1.52,36.5,6.96,24.51,4.82
26/06/2019,233.8960178,234.0801851,230.0284487,230.212616,482002,140386.4,1.54,35.9,6.96,24.12,4.74
27/06/2019,230.2126115,230.9492947,226.713377,228.3709106,430159,139263.4,1.55,35.6,6.96,23.92,4.7
28/06/2019,228.1867564,230.8572172,227.5421639,230.6730499,619149,140667.2,1.54,36,6.96,24.17,4.75
07/01/2019,232.0543326,232.1464232,229.1076137,229.5680389,413240,139993.3,1.54,35.8,6.96,24.05,4.73
07/02/2019,230.5809442,233.8960114,230.0284423,233.8960114,412625,142632.6,1.52,36.5,6.96,24.5,4.82
07/03/2019,234.8168874,237.3952577,233.5277023,236.5664978,353478,144261.1,1.5,36.9,6.96,24.78,4.87
07/04/2019,236.6585827,236.6585827,234.9089724,235.0931396,223867,143362.6,1.51,36.7,6.96,24.63,4.84
07/05/2019,234.6327052,235.1852071,231.9622304,232.6989136,324840,141902.6,1.52,36.3,6.96,24.38,4.79
07/08/2019,233.1593482,234.6327147,232.6989229,234.4485474,247502,142969.6,1.51,36.6,6.96,24.56,4.83
07/09/2019,234.6327227,235.4614826,233.1593562,233.6197815,349832,142464.1,1.52,36.4,6.96,24.47,4.81
07/10/2019,233.5276857,234.6327035,230.7651343,233.711853,373064,142520.3,1.52,36.5,6.96,24.48,4.81
07/11/2019,233.4356075,234.632716,231.1334812,231.5018158,326089,141172.6,1.53,36.1,6.96,24.25,4.77
07/12/2019,231.0413867,231.8701606,230.3047175,231.5939026,277092,141228.8,1.53,36.1,6.96,24.26,4.77
15/07/2019,231.2255658,233.1593435,229.3838648,230.6730499,285649,140667.2,1.54,36,6.96,24.17,4.75
16/07/2019,230.5809551,232.7910047,229.7521953,231.409729,348774,141116.4,1.53,36.1,6.96,24.24,4.77
17/07/2019,231.8701414,233.6197516,230.7651237,231.6859741,272694,141284.9,1.53,36.1,6.96,24.27,4.77
18/07/2019,230.7651367,232.1464124,229.383861,230.7651367,436837,140723.4,1.54,36,6.96,24.18,4.75
19/07/2019,231.6859779,232.6989049,228.0946527,228.3709106,409543,139263.4,1.55,35.6,6.96,23.92,4.7
22/07/2019,228.6471603,230.765119,228.1867351,230.4888611,341394,140554.9,1.54,36,6.96,24.15,4.75
23/07/2019,230.9492863,231.8701367,230.1205125,230.4888611,421923,140554.9,1.54,36,6.96,24.15,4.75
24/07/2019,230.0284535,230.949304,227.54216,227.54216,397273,138757.9,1.56,35.5,6.96,23.84,4.69
25/07/2019,228.3709106,231.3176293,226.5292098,228.3709106,584688,139263.4,1.55,35.6,6.96,23.92,4.7
26/07/2019,229.6601093,230.3047159,227.9104989,229.3838654,379843,139881,1.55,35.8,6.96,24.03,4.73
29/07/2019,228.6471713,232.7909984,228.5550807,231.2255554,362248,141004.1,1.53,36.1,6.96,24.22,4.76
30/07/2019,232.0543386,232.0543386,227.6342531,227.8184204,450036,138926.4,1.56,35.1,7.05,23.87,4.69
31/07/2019,222.8458099,223.2141445,216.6761147,222.8458099,1023784,135894.1,1.59,34.3,7.05,23.35,4.59
08/01/2019,220.5436815,225.8846169,220.2674236,225.7925262,474139,137691,1.57,34.8,7.05,23.65,4.65
08/02/2019,221.0041182,224.4112622,218.701992,218.7940826,796698,133423.3,1.62,33.7,7.05,22.92,4.51
08/05/2019,217.3207138,218.333655,212.0718689,212.0718689,784535,129323.9,1.67,32.7,7.05,22.22,4.37
08/06/2019,211.4272744,213.361052,209.953908,210.506424,739891,128369.4,1.68,32.4,7.05,22.05,4.34
08/07/2019,211.7035093,215.2948344,210.8747495,214.5581512,596317,130840.1,1.65,33.1,7.05,22.48,4.42
08/08/2019,217.1365463,219.1624146,216.3998631,219.1624146,747215,133647.9,1.62,33.8,7.05,22.96,4.52
08/09/2019,219.1624165,219.9911764,214.2819061,214.2819061,539084,130671.7,1.65,33,7.05,22.45,4.41
08/12/2019,215.7552706,216.8602883,213.1768864,215.9394379,484370,131682.5,1.64,33.3,7.05,22.62,4.45
13/08/2019,215.2948584,216.215709,211.427289,215.0186005,580017,131120.9,1.65,33.1,7.05,22.53,4.43
14/08/2019,215.9394472,216.2157052,210.8747694,211.8877106,573710,129211.6,1.67,32.6,7.05,22.2,4.37
15/08/2019,212.6243708,213.361054,208.4805436,212.0718689,561861,129323.9,1.67,32.7,7.05,22.22,4.37
16/08/2019,212.9927107,214.8344116,212.1639369,214.8344116,580119,131008.6,1.65,33.1,7.05,22.51,4.43
19/08/2019,215.7552732,219.3465845,214.9264993,218.7940826,617133,133423.3,1.62,33.7,7.05,22.92,4.51
20/08/2019,218.1494969,220.1753795,216.7682211,217.6890717,480572,132749.4,1.63,33.5,7.05,22.81,4.48
21/08/2019,218.2415517,222.3853786,218.2415517,222.0170441,398592,135388.7,1.6,34.2,7.05,23.26,4.57
22/08/2019,222.1091355,222.1091355,218.7940821,220.0832672,436431,134209.4,1.61,33.9,7.05,23.06,4.53
23/08/2019,220.3595146,222.2932921,217.412796,217.412796,395848,132580.9,1.63,33.5,7.05,22.78,4.48
26/08/2019,217.3207033,220.2674219,215.0185772,219.71492,365411,133984.8,1.61,33.8,7.05,23.02,4.53
27/08/2019,219.4386815,224.7796173,217.6890571,224.7796173,656876,137073.3,1.58,34.6,7.05,23.55,4.63
28/08/2019,224.3191723,227.5421489,223.4903985,226.8054657,712753,138308.7,1.56,34.9,7.05,23.76,4.67
29/08/2019,226.2529714,230.8572241,225.9767135,229.5680389,611685,139993.3,1.54,35.4,7.05,24.05,4.73
30/08/2019,228.3709003,231.2255421,226.5291995,228.9234161,664269,139600.3,1.55,35.3,7.05,23.98,4.72
09/02/2019,228.0025738,232.606826,227.5421486,231.317627,350593,141060.3,1.53,35.6,7.05,24.23,4.77
09/03/2019,230.4888843,232.8830872,229.4759431,232.8830872,421866,142014.9,1.52,35.9,7.05,24.4,4.8
09/04/2019,233.9881132,235.1852075,233.1593393,234.6327057,398761,143081.9,1.51,36.1,7.05,24.58,4.83
09/05/2019,234.8168836,235.3693995,230.8572235,230.8572235,612614,140779.5,1.54,35.6,7.05,24.18,4.76
09/06/2019,230.5809438,233.7118437,230.3967765,231.317627,523776,141060.3,1.53,35.6,7.05,24.23,4.77
09/09/2019,231.3176493,232.2384998,229.1076137,229.5680389,385359,139993.3,1.54,35.4,7.05,24.05,4.73
09/10/2019,229.5680305,230.3967903,227.2659042,228.4630127,593469,139319.5,1.55,35.2,7.05,23.93,4.71
09/11/2019,229.1996794,229.568028,226.3450514,228.1867523,625069,139151.1,1.55,35.2,7.05,23.9,4.7
09/12/2019,229.1076071,231.0413848,227.2659061,230.0284576,662881,140274.1,1.54,35.4,7.05,24.1,4.74
13/09/2019,230.0284637,230.0284637,224.5033605,225.0558624,676382,137241.8,1.58,34.7,7.05,23.58,4.64
16/09/2019,224.4112644,226.345056,222.937912,222.937912,383309,135950.3,1.59,34.3,7.05,23.36,4.59
17/09/2019,222.7537341,226.7133942,222.2933089,226.7133942,350523,138252.6,1.56,34.9,7.05,23.75,4.67
18/09/2019,227.1738153,228.1867565,225.9767068,227.4500732,384010,138701.8,1.56,35,7.05,23.83,4.69
19/09/2019,227.5421663,229.5680346,226.7133924,227.7263336,533859,138870.3,1.56,35.1,7.05,23.86,4.69
20/09/2019,227.6342448,229.3838692,225.2400419,229.2917786,1093379,139824.9,1.55,35.3,7.05,24.02,4.72
23/09/2019,227.4500582,229.0155011,226.8054657,226.8054657,429254,138308.7,1.56,34.9,7.05,23.76,4.67
24/09/2019,227.2659191,229.8443035,226.4371452,229.1076202,384797,139712.6,1.55,35.3,7.05,24,4.72
25/09/2019,228.8313339,229.3838497,226.5292078,226.8054657,437859,138308.7,1.56,34.9,7.05,23.76,4.67
26/09/2019,226.1608779,231.9622245,225.4241947,231.2255554,415576,141004.1,1.53,35.6,7.05,24.22,4.76
27/09/2019,231.7780629,233.7118545,231.5018049,233.3435059,366963,142295.7,1.52,35.9,7.05,24.45,4.81
30/09/2019,232.8830956,237.0269231,232.3305938,236.5664978,547034,144261.1,1.5,36.4,7.05,24.78,4.87
10/01/2019,237.3952501,238.4081913,229.7522021,230.304718,632883,140442.6,1.54,35.5,7.05,24.13,4.74
10/02/2019,230.7651299,231.1334645,220.4515936,221.5566254,780401,135107.9,1.6,34.1,7.05,23.21,4.56
10/03/2019,221.9249492,224.4112425,221.2803567,223.3983154,524188,136231,1.59,34.4,7.05,23.4,4.6
10/04/2019,224.7795951,226.8975399,223.3983195,226.5292053,478134,138140.3,1.57,34.9,7.05,23.73,4.67
10/07/2019,227.1738023,228.3709106,226.0687845,228.3709106,285778,139263.4,1.55,35.2,7.05,23.92,4.7
10/08/2019,228.555084,229.1996765,225.2400307,225.9766998,378469,137803.3,1.57,34.8,7.05,23.67,4.66
10/09/2019,226.3450603,230.8572222,225.7925443,228.002594,333495,139038.8,1.55,35.1,7.05,23.89,4.7
10/10/2019,228.5550891,228.9234377,223.3983348,225.8846283,513066,137747.2,1.57,34.8,7.05,23.66,4.65
10/11/2019,225.8846432,226.6213265,222.0170737,223.9508514,685946,136567.9,1.58,34.5,7.05,23.46,4.61
14/10/2019,223.4904158,224.5033569,223.0299905,224.5033569,363612,136904.8,1.58,34.6,7.05,23.52,4.63
15/10/2019,225.4241895,226.5292072,223.21414,224.8716736,497215,137129.4,1.58,34.6,7.05,23.56,4.63
16/10/2019,225.9766998,228.278826,225.0558494,225.9766998,448425,137803.3,1.57,34.8,7.05,23.67,4.66
17/10/2019,225.1479276,226.9896285,224.04291,224.9637604,437193,137185.6,1.58,34.7,7.05,23.57,4.63
18/10/2019,224.8716734,224.9637641,220.5436792,221.6486969,639487,135164.1,1.6,34.1,7.05,23.22,4.57
21/10/2019,221.4645344,221.5566251,218.5178157,218.978241,483915,133535.6,1.62,33.7,7.05,22.94,4.51
22/10/2019,218.6098919,220.7278508,216.8602817,220.2674255,475452,134321.8,1.61,33.9,7.05,23.08,4.54
23/10/2019,218.9782304,220.1753387,217.3206969,220.1753387,458163,134265.6,1.61,33.9,7.05,23.07,4.54
24/10/2019,221.1882802,222.7537231,219.8070044,222.7537231,376654,135837.9,1.59,34.3,7.05,23.34,4.59
25/10/2019,222.3854045,224.0429382,219.8070201,224.0429382,418351,136624.1,1.58,34.5,7.05,23.47,4.62
28/10/2019,223.7666626,225.1479383,221.4645364,223.7666626,401218,136455.6,1.58,34.5,7.05,23.44,4.61
29/10/2019,223.7666696,225.240036,221.8328779,225.240036,395467,137354.1,1.57,34.7,7.05,23.6,4.64
30/10/2019,240.1577991,244.1174731,237.1190037,242.2757721,1172925,147742.8,1.46,37.3,7.05,25.38,4.99
31/10/2019,243.0124508,245.4987585,240.9865965,241.0786591,758477,147012.7,1.47,37.1,7.05,25.26,4.97
11/01/2019,241.447007,243.1045266,238.8686087,239.7894592,301658,146226.4,1.48,36.9,7.05,25.12,4.94
11/04/2019,239.7894706,241.4470184,238.2240416,239.8815613,432258,145377.7,1.48,37,7.05,25.13,4.94
11/05/2019,239.973642,242.3678589,238.9607009,242.3678589,461773,146884.4,1.46,37.3,7.05,25.39,4.99
11/06/2019,242.0915989,244.0253906,240.5261698,244.0253906,422709,147889,1.45,37.6,7.05,25.56,5.03
11/07/2019,244.0253656,244.4857908,240.6182078,242.9203339,467664,147219.3,1.46,37.4,7.05,25.45,5
11/08/2019,242.552008,243.8411931,242.1836735,243.3807678,388210,147498.4,1.46,37.5,7.05,25.5,5.01
11/11/2019,243.0124145,243.7491117,241.354895,242.1836548,194875,146772.8,1.46,37.3,7.05,25.37,4.99
11/12/2019,243.2886947,243.2886947,240.7102966,240.7102966,320881,145879.9,1.47,37.1,7.05,25.22,4.96
13/11/2019,241.170719,243.0124198,240.8944751,241.446991,374962,146326.4,1.47,37.2,7.05,25.29,4.97
14/11/2019,241.7232349,243.8411796,239.5131995,241.446991,306995,146326.4,1.47,37.2,7.05,25.29,4.97
15/11/2019,242.2757651,242.4599183,239.2369416,240.8023987,481239,145935.8,1.47,37.1,7.05,25.23,4.96
18/11/2019,240.157802,241.5390778,238.5002823,241.5390778,340588,146382.2,1.47,37.2,7.05,25.3,4.98
19/11/2019,241.2628076,241.9074141,240.0657133,240.1577759,294225,145545.1,1.48,37,7.05,25.16,4.95
20/11/2019,239.2369465,239.7894624,237.3031829,238.1319427,432163,144317.4,1.49,36.7,7.05,24.95,4.91
21/11/2019,237.9477433,237.9477433,234.7247668,235.2772827,463855,142587.3,1.51,36.2,7.05,24.65,4.85
22/11/2019,235.6456364,236.4743963,234.7247859,235.1852112,304641,142531.5,1.51,36.2,7.05,24.64,4.85
25/11/2019,235.7377271,236.013971,233.8960261,235.1852112,276379,142531.5,1.51,36.2,7.05,24.64,4.85
26/11/2019,235.0931427,238.2240429,234.0802015,236.9348297,663745,143591.8,1.5,36.5,7.05,24.82,4.88
27/11/2019,237.7636072,238.6844577,235.8298156,237.4873352,292569,143926.6,1.49,36.6,7.05,24.88,4.89
28/11/2019,237.3031606,237.3031606,235.0931112,236.6585541,185525,143424.4,1.5,36.5,7.05,24.79,4.88
29/11/2019,236.1060566,239.6053053,235.4614641,238.2240295,381829,144373.1,1.49,36.7,7.05,24.96,4.91
12/02/2019,237.487331,239.1448787,231.501803,231.7780609,657810,140466.6,1.53,35.7,7.05,24.28,4.78
12/03/2019,229.3838432,233.0672449,228.6471601,231.1334534,514460,140075.9,1.53,35.6,7.05,24.21,4.76
12/04/2019,231.1334843,234.5406284,230.673059,233.067276,370094,141247.9,1.52,35.9,7.05,24.42,4.8
12/05/2019,233.8039203,234.0801783,231.317627,231.317627,352047,140187.6,1.53,35.6,7.05,24.23,4.77
12/06/2019,232.6989083,236.3823242,231.6859813,236.3823242,443765,143256.9,1.5,36.4,7.05,24.76,4.87
12/09/2019,235.3693994,235.8298246,233.9881236,234.0802002,283757,141861.8,1.51,36.1,7.05,24.52,4.82
12/10/2019,233.8960071,235.8297986,230.3967727,235.2772827,422184,142587.3,1.51,36.2,7.05,24.65,4.85
12/11/2019,235.0931171,235.5535423,232.1463985,234.2643433,351748,141973.4,1.51,36.1,7.05,24.54,4.83
12/12/2019,234.9089581,237.0269029,234.2643515,236.0139618,534607,143033.8,1.5,36.4,7.05,24.72,4.86
13/12/2019,237.5794188,238.2240254,234.4485329,236.0139618,484391,143033.8,1.5,36.4,7.05,24.72,4.86
16/12/2019,237.303192,241.8153539,237.303192,240.5261688,419410,145768.3,1.47,37.1,7.05,25.2,4.96
17/12/2019,240.8023942,240.8944848,235.7377167,235.7377167,600209,142866.4,1.5,36.3,7.05,24.7,4.86
18/12/2019,235.0010374,238.5923626,234.9089607,235.6456299,446666,142810.6,1.5,36.3,7.05,24.69,4.85
19/12/2019,236.2902581,238.5923845,235.6456515,238.4082031,409410,144484.7,1.49,36.7,7.05,24.98,4.91
20/12/2019,238.2240424,244.393724,237.5794357,243.7491455,1088167,147721.6,1.45,37.6,7.05,25.54,5.02
23/12/2019,243.657042,245.5908336,242.6441009,244.3016205,252186,148056.4,1.45,37.6,7.05,25.59,5.03
24/12/2019,244.3016105,244.3016105,242.3678471,243.5649414,71922,147609.9,1.46,37.5,7.05,25.52,5.02
25/12/2019,243.5649414,243.5649414,243.5649414,243.5649414,0,147609.9,1.46,37.5,7.05,25.52,5.02
27/12/2019,243.9332982,246.4196059,242.6441131,245.0383301,323458,148502.9,1.45,37.7,7.05,25.67,5.05
30/12/2019,244.8541383,245.1304103,242.3678589,242.3678589,223735,146884.4,1.46,37.3,7.05,25.39,4.99
31/12/2019,241.9995061,243.6570539,240.986593,243.104538,102421,147330.9,1.46,37.5,7.05,25.47,5.01
01/02/2020,243.2887115,245.5908378,242.3678611,243.2887115,351300,147442.5,1.46,37.5,7.05,25.81,5.1
01/03/2020,240.2498845,243.0124359,239.9736406,243.0124359,292884,147275.1,1.46,37.4,7.05,25.78,5.1
01/06/2020,240.6181979,242.2757454,238.3160719,242.1836548,367820,146772.8,1.46,37.3,7.05,25.69,5.08
01/07/2020,243.104532,243.4728666,238.4081888,239.0527954,508141,144875.4,1.48,36.8,7.05,25.36,5.01
01/08/2020,239.5132276,240.5261688,237.3952546,240.5261688,431996,145768.3,1.47,37.1,7.05,25.51,5.04
01/09/2020,241.4470087,243.0124376,241.2628273,241.9994965,366260,146661.3,1.46,37.3,7.05,25.67,5.07
01/10/2020,242.9203452,243.8411957,241.9074322,243.0124359,235734,147275.1,1.46,37.4,7.05,25.78,5.1
13/01/2020,242.275752,243.4728463,240.6182043,241.7232361,340000,146493.8,1.47,37.2,7.05,25.64,5.07
14/01/2020,241.6311489,242.9203339,238.9606882,242.9203339,432947,147231.3,1.46,37.4,7.05,25.77,5.09
15/01/2020,243.1045159,248.4454372,242.828272,248.0771027,523590,150356.6,1.43,38.2,7.05,26.31,5.2
16/01/2020,248.2612813,248.8137972,246.6958244,248.4454346,338818,150580,1.43,38.3,7.05,26.35,5.21
17/01/2020,248.7217411,254.3389351,248.1692251,253.5101471,606223,153649.6,1.4,39.1,7.05,26.89,5.32
20/01/2020,251.7605346,253.1418104,251.115956,252.5892944,260757,153091.5,1.4,38.9,7.05,26.79,5.3
21/01/2020,249.6425808,250.4713406,246.2354226,249.2742462,482696,151082.3,1.42,38.4,7.05,26.44,5.23
22/01/2020,250.2871254,251.0238225,247.4325116,247.7087555,339921,150133.4,1.43,38.2,7.05,26.27,5.19
23/01/2020,246.7879159,247.524585,245.2224589,245.8670654,459218,149017.2,1.44,37.9,7.05,26.08,5.16
24/01/2020,247.7087665,251.0238336,247.0641599,249.0900421,434682,150970.6,1.42,38.4,7.05,26.42,5.22
27/01/2020,244.1174817,244.1174817,237.0269213,237.5794373,847898,143994.1,1.49,36.6,7.05,25.2,4.98
28/01/2020,238.9606788,240.9865609,236.2902182,240.8944702,574573,146003.4,1.47,37.1,7.05,25.55,5.05
29/01/2020,240.3419833,243.1045349,239.8815581,241.5390778,432653,146394.1,1.47,37.2,7.05,25.62,5.07
30/01/2020,240.3419805,241.1707403,237.579429,239.0527954,506603,144887.2,1.48,36.8,7.05,25.36,5.01
31/01/2020,238.500263,240.0657199,231.9622192,231.9622192,902073,140589.6,1.53,35.7,7.05,24.6,4.86
02/03/2020,232.3305857,236.9348242,232.3305857,234.8168793,532868,142319.8,1.51,36.2,7.05,24.91,4.92
02/04/2020,236.4743902,241.1707333,236.4743902,240.8023987,589807,145947.6,1.47,37.1,7.05,25.54,5.05
02/05/2020,239.2369486,243.2887133,238.4081888,242.2757721,623040,146840.6,1.46,37.3,7.05,25.7,5.08
02/06/2020,244.0253744,247.1562604,239.1448782,246.6037445,686400,149463.8,1.44,40,6.7,26.16,5.17
02/07/2020,253.2338922,256.456869,246.6037572,249.2742462,659548,151082.3,1.42,40.4,6.7,26.44,5.23
02/10/2020,249.0900433,249.7346499,246.2354014,249.3662872,461894,151138.1,1.42,40.4,6.7,26.45,5.23
02/11/2020,250.195087,251.760516,249.2742365,251.3921814,414306,152365.9,1.41,40.7,6.7,26.67,5.27
02/12/2020,251.2079611,251.484233,247.8929223,249.6425323,438842,151305.6,1.42,40.5,6.7,26.48,5.24
13/02/2020,248.1692393,250.0109406,244.9462622,250.0109406,526605,151528.8,1.42,40.5,6.7,26.52,5.24
14/02/2020,247.7087455,248.6295958,245.7749541,246.9720764,371975,149686.9,1.44,40,6.7,26.2,5.18
17/02/2020,247.8008504,247.8008504,245.590815,246.3274841,280600,149296.3,1.44,39.9,6.7,26.13,5.17
18/02/2020,244.8541429,248.4454542,244.0253831,247.0641785,500586,149742.8,1.43,40,6.7,26.21,5.18
19/02/2020,247.2483533,250.7475739,246.3275028,250.7475739,445600,151975.3,1.41,40.6,6.7,26.6,5.26
20/02/2020,251.3921801,251.7605147,244.6699829,244.6699829,464349,148291.6,1.45,39.7,6.7,25.95,5.13
21/02/2020,244.0253471,245.6828666,242.3678277,244.9461975,588359,148459.1,1.45,39.7,6.7,25.98,5.14
24/02/2020,238.1319335,240.4340596,235.1852008,235.7377167,1020088,142877.9,1.5,38.2,6.7,25,4.94
25/02/2020,237.1189987,237.9477585,230.5809547,232.6989136,805814,141036.1,1.52,37.7,6.7,24.68,4.88
26/02/2020,232.698903,236.2902281,225.3320995,233.8960114,963408,141761.7,1.52,37.9,6.7,24.81,4.9
27/02/2020,229.2917769,231.6859939,223.0299907,227.0817413,1042696,137631.6,1.56,36.8,6.7,24.09,4.76
28/02/2020,221.0041068,225.0558432,216.5840219,221.9249573,1982702,134506.2,1.6,36,6.7,23.54,4.65
03/02/2020,226.7133683,230.1205121,220.5436734,227.9104767,1411031,138133.9,1.56,36.9,6.7,24.17,4.78
03/03/2020,230.5809653,235.5535665,229.1076129,231.5018158,1146229,140310.6,1.53,37.5,6.7,24.56,4.85
03/04/2020,231.7780718,240.4340751,230.3047194,238.9607086,948591,144831.3,1.48,38.7,6.7,25.35,5.01
03/05/2020,240.4340707,242.2757717,234.2643611,237.1190033,903511,143715.1,1.5,38.4,6.7,25.15,4.97
03/06/2020,232.9751889,238.2240483,229.199696,233.6197815,1305075,141594.3,1.52,37.9,6.7,24.78,4.9
03/09/2020,218.0573883,225.8846171,216.7681893,218.0573883,2099769,132162.1,1.63,35.3,6.7,23.13,4.57
03/10/2020,220.7278615,227.3579823,213.2689809,215.8473511,1560516,130822.6,1.64,35,6.7,22.9,4.53
03/11/2020,217.3207245,220.1753668,210.7826802,211.5193634,1263667,128199.4,1.68,34.3,6.7,22.44,4.44
03/12/2020,202.8633706,205.2575735,193.4706982,196.1411591,2569157,118878.9,1.81,31.8,6.7,20.8,4.11
13/03/2020,200.0087195,212.8085495,195.8648924,198.9037018,2461540,120553.3,1.78,32.2,6.7,21.1,4.17
16/03/2020,189.9714554,196.0490601,180.4866927,191.1685638,2111150,115865.1,1.85,31,6.7,20.28,4.01
17/03/2020,188.9585164,205.8100831,184.1240514,204.9813232,1380988,124236.8,1.73,33.2,6.7,21.74,4.3
18/03/2020,200.6532969,210.5064074,191.8131414,206.6388245,984895,125241.4,1.72,33.5,6.7,21.92,4.33
19/03/2020,210.0460118,217.4128161,200.3770812,209.5855865,1175881,127027.4,1.69,34,6.7,22.23,4.4
20/03/2020,218.7019802,224.2270828,205.4417394,209.0330505,1405668,126692.5,1.7,33.9,6.7,22.17,4.38
23/03/2020,200.6533104,211.3351814,196.9699086,203.1396179,1004753,123120.6,1.75,32.9,6.7,21.55,4.26
24/03/2020,210.3222466,219.9911768,205.9942521,219.4386749,981167,132999.3,1.62,35.6,6.7,23.28,4.6
25/03/2020,221.0041137,233.711853,217.0444538,233.711853,1105808,141650.1,1.52,37.9,6.7,24.79,4.9
26/03/2020,227.7263358,235.1852165,226.1608927,234.4485474,902153,142096.6,1.51,38,6.7,24.87,4.92
27/03/2020,227.6342407,230.3047155,217.4128085,221.0041199,891287,133948.1,1.6,35.8,6.7,23.44,4.63
30/03/2020,219.8069967,226.8054657,213.6373016,226.8054657,553848,137464.2,1.56,36.8,6.7,24.06,4.76
31/03/2020,222.2012301,225.7925414,214.0977428,219.9911804,954766,133334.1,1.61,35.7,6.7,23.33,4.61
04/01/2020,214.3739864,221.2803647,210.8747519,214.8344116,833583,130208.6,1.65,34.8,6.7,22.79,4.51
04/02/2020,216.3077724,220.8199482,212.9006285,219.1624146,613749,132831.8,1.62,35.5,6.7,23.25,4.6
04/03/2020,218.5178048,221.8328578,216.0315115,217.5969543,510856,131883,1.63,35.3,6.7,23.08,4.56
04/06/2020,222.4774725,224.2270827,215.847338,216.7681885,671009,131380.8,1.64,35.1,6.7,22.99,4.55
04/07/2020,220.17536,221.4645451,214.8344243,221.0041199,728073,133948.1,1.6,35.8,6.7,23.44,4.63
04/08/2020,215.6632005,223.2141724,214.7423499,223.2141724,520808,135287.5,1.59,36.2,6.7,23.68,4.68
04/09/2020,227.4500779,229.5680369,221.1882916,225.4242096,593289,136627,1.57,36.5,6.7,23.91,4.73
14/04/2020,227.6342405,235.645637,226.3450554,230.6730499,560101,139808.3,1.54,37.4,6.7,24.47,4.84
15/04/2020,230.212611,234.356438,225.2400242,226.4371185,617537,137240.9,1.57,36.7,6.7,24.02,4.75
16/04/2020,227.3579694,228.8313357,217.6890397,225.147934,631990,136459.6,1.57,36.5,6.7,23.88,4.72
17/04/2020,235.9219141,236.4744019,225.0558611,228.002594,876933,138189.8,1.55,37,6.7,24.18,4.78
20/04/2020,228.3709403,235.4614868,225.7004793,235.4614868,526608,142710.5,1.51,38.2,6.7,24.98,4.94
21/04/2020,234.8168685,235.7377189,226.1608797,226.345047,514506,137185.1,1.57,36.7,6.7,24.01,4.75
22/04/2020,225.9767051,230.5809576,225.7004612,228.4630127,483392,138468.8,1.55,37,6.7,24.23,4.79
23/04/2020,228.1867479,229.2917657,224.4112554,226.345047,353594,137470.6,1.57,36.7,6.7,24.01,4.75
24/04/2020,223.029997,226.0688066,222.4774951,224.0429382,422753,136072.4,1.58,36.3,6.7,23.76,4.7
27/04/2020,226.2529689,228.8313532,223.4904174,226.7133942,396760,137694.3,1.56,36.7,6.7,24.05,4.75
28/04/2020,225.7925221,234.5406012,224.0429119,234.2643433,549913,142280.4,1.51,38,6.7,24.85,4.91
29/04/2020,234.8168585,237.3952285,231.87014,235.9218903,586855,143287.1,1.5,38.2,6.7,25.02,4.95
30/04/2020,236.4743914,244.3016205,234.1722793,244.3016205,900066,148376.6,1.45,39.6,6.7,25.91,5.12
05/04/2020,234.8168592,237.1189852,227.2658885,230.3967743,897571,139931.4,1.54,37.3,6.7,24.44,4.83
05/05/2020,232.0543343,232.8830942,227.4500817,228.5550995,581627,138812.9,1.55,37,6.7,24.24,4.79
05/06/2020,229.1996747,230.6730411,223.7666626,223.7666626,459210,135904.6,1.58,36.3,6.7,23.74,4.69
05/07/2020,224.2271007,229.2917786,223.7666755,229.2917786,362429,139260.3,1.55,37.2,6.7,24.32,4.81
05/08/2020,230.0284487,234.6327011,228.647173,233.4355927,288748,141777.1,1.52,37.8,6.7,24.76,4.9
05/11/2020,234.0801869,236.1981458,231.5938934,235.6456299,304902,143119.3,1.5,38.2,6.7,25,4.94
05/12/2020,235.1851966,237.395232,231.0413696,233.2514191,334961,141665.2,1.52,37.8,6.7,24.74,4.89
13/05/2020,230.5809522,232.4226531,223.9508316,225.9766998,442631,137246.9,1.57,36.6,6.7,23.97,4.74
14/05/2020,221.9249546,225.700447,220.1753444,222.2932892,575666,135009.8,1.59,36,6.7,23.58,4.66
15/05/2020,222.5695518,225.2400265,221.0041088,223.4904022,467095,135736.9,1.59,36.2,6.7,23.71,4.69
18/05/2020,228.462993,233.5276703,225.884609,230.4888611,479406,139987.4,1.54,37.4,6.7,24.45,4.83
19/05/2020,234.2643347,234.3564254,226.2529391,228.6471558,795889,138868.8,1.55,37.1,6.7,24.25,4.79
20/05/2020,228.2788183,233.8960116,226.2529501,233.2514191,530873,141665.2,1.52,37.8,6.7,24.74,4.89
21/05/2020,231.8701321,231.9622088,228.0025633,228.6471558,322842,138868.8,1.55,37.1,6.7,24.25,4.79
22/05/2020,225.6083705,229.0155146,224.1350041,228.4630127,396693,138756.9,1.55,37,6.7,24.23,4.79
25/05/2020,230.3967816,231.2255554,227.8183975,231.2255554,246269,140434.8,1.53,37.5,6.7,24.53,4.85
26/05/2020,233.4356126,233.6197799,226.8054915,228.8313599,486109,138980.7,1.55,37.1,6.7,24.27,4.8
27/05/2020,228.6471876,231.5018158,225.4242108,231.5018158,754988,140602.6,1.53,37.5,6.7,24.56,4.85
28/05/2020,232.6068466,240.8945013,231.2255708,239.6053162,782291,145524.2,1.48,38.8,6.7,25.42,5.02
29/05/2020,239.4211203,242.644097,235.1852026,241.1707306,944068,146474.9,1.47,39.1,6.7,25.58,5.06
06/01/2020,243.104535,243.7491416,237.1190067,238.3161011,528947,144741.3,1.49,38.6,6.7,25.28,5
06/02/2020,239.5132276,242.9203577,238.5923771,240.5261688,553456,146083.5,1.47,39,6.7,25.51,5.04
06/03/2020,242.1836825,250.0109118,240.8944974,248.9979706,693777,151228.8,1.42,40.4,6.7,26.41,5.22
06/04/2020,245.7749813,251.2079934,243.6570365,245.4066467,811075,149047.7,1.44,39.8,6.7,26.03,5.15
06/05/2020,245.4066758,248.3534088,242.3678801,248.3534088,908549,150837.3,1.43,40.3,6.7,26.34,5.21
06/08/2020,246.8800317,246.8800317,242.3678697,243.7491455,587405,148040.9,1.45,39.5,6.7,25.85,5.11
06/09/2020,244.0253471,249.366268,240.1577644,244.9461975,766846,148768.1,1.45,39.7,6.7,25.98,5.14
06/10/2020,246.7879339,248.9058788,245.4987488,245.4987488,516923,149103.7,1.44,39.8,6.7,26.04,5.15
06/11/2020,244.5779054,247.4325476,242.0915977,243.7491455,708544,148040.9,1.45,39.5,6.7,25.85,5.11
06/12/2020,243.2887145,246.2354192,240.249891,242.5520172,612904,147313.9,1.46,39.3,6.7,25.73,5.09
15/06/2020,239.4211486,242.4599442,234.9089864,240.2499084,426842,145915.7,1.48,38.9,6.7,25.48,5.04
16/06/2020,244.9462519,250.563446,242.4599442,250.563446,670621,152179.7,1.41,40.6,6.7,26.58,5.25
17/06/2020,251.0238607,255.5360227,249.8267381,254.3389282,600863,154472.7,1.39,41.2,6.7,26.98,5.33
18/06/2020,254.1547442,256.6410518,252.4051338,254.7072601,445527,154696.4,1.39,41.3,6.7,27.02,5.34
19/06/2020,255.9964087,260.6927513,255.8122274,257.1014404,1242672,156150.5,1.38,41.7,6.7,27.27,5.39
22/06/2020,255.1676662,258.851068,253.3259653,254.7993317,422481,154752.3,1.39,41.3,6.7,27.03,5.34
23/06/2020,256.088499,259.9560538,255.5359832,258.390625,539055,156933.6,1.37,41.9,6.7,27.41,5.42
24/06/2020,258.5747864,260.7848498,256.5489323,256.9172668,502849,156038.7,1.38,41.6,6.7,27.25,5.39
25/06/2020,256.9173016,260.6927944,252.9576555,258.7590027,418344,157157.3,1.37,41.9,6.7,27.45,5.43
26/06/2020,260.5086025,264.4682765,259.4956613,262.5344849,446788,159450.3,1.35,42.6,6.7,27.85,5.51
29/06/2020,261.061078,264.099873,258.2064363,262.7185974,536457,159562.1,1.35,42.6,6.7,27.87,5.51
30/06/2020,261.7057298,264.836616,260.9690326,263.0870056,488088,159785.8,1.35,42.6,6.7,27.91,5.52
07/01/2020,262.5344766,264.9286935,259.7719252,264.007843,389681,160345.1,1.34,42.8,6.7,28,5.54
07/02/2020,265.9415684,273.6767338,264.9286555,273.2163086,643082,165937.9,1.3,44.3,6.7,28.98,5.73
07/03/2020,273.26298,274.0093623,268.971374,270.1842346,376582,161967.1,1.33,43.2,6.7,28.29,5.59
07/06/2020,275.2221875,275.2221875,270.5574047,270.8372803,506832,162358.5,1.33,43.3,6.7,28.36,5.61
07/07/2020,270.1842352,270.7440148,267.292064,268.9713745,401150,161240,1.34,43,6.7,28.16,5.57
07/08/2020,268.1317213,270.1842372,265.2395502,266.2658081,415196,159618,1.35,42.6,6.7,27.88,5.51
07/09/2020,266.8255872,269.0646773,265.332851,267.4786682,389413,160345.1,1.34,42.8,6.7,28,5.54
07/10/2020,262.8138869,269.9043343,262.2541072,269.2512817,410211,161407.8,1.33,43.1,6.7,28.19,5.57
13/07/2020,271.0238769,271.3970538,266.2657928,268.5048828,504337,160960.4,1.34,43,6.7,28.11,5.56
14/07/2020,265.4261449,266.6389771,263.373629,266.6389771,428156,159841.8,1.35,42.7,6.7,27.92,5.52
15/07/2020,268.2250297,275.128903,267.5719486,271.5836792,669782,162806,1.32,43.5,6.7,28.43,5.62
16/07/2020,268.0383809,270.370772,266.4523719,267.8518066,492938,160568.9,1.34,42.9,6.7,28.04,5.54
17/07/2020,268.1317119,271.2104857,267.5719323,270.8372803,543783,162358.5,1.33,43.3,6.7,28.36,5.61
20/07/2020,270.8373097,271.0239124,267.1987844,270.5574341,312238,162190.7,1.33,43.3,6.7,28.33,5.6
21/07/2020,271.4903682,272.3300234,268.4116228,270.1842346,416791,161967.1,1.33,43.2,6.7,28.29,5.59
22/07/2020,270.0908965,270.5573747,266.9188502,267.8518066,367759,160568.9,1.34,42.9,6.7,28.04,5.54
23/07/2020,269.8110472,272.9830938,268.7847893,271.7702332,582375,162917.8,1.32,43.5,6.7,28.45,5.63
24/07/2020,268.5048847,269.4378413,264.3065802,265.7993164,428271,159338.3,1.35,42.5,6.7,27.83,5.5
27/07/2020,264.7730537,268.5981812,264.3065755,266.4523926,296912,159729.9,1.35,42.6,6.7,27.9,5.52
28/07/2020,264.2133201,267.5719411,263.7468418,267.4786682,400223,160345.1,1.34,42.8,6.7,28,5.54
29/07/2020,268.4116307,271.9568545,268.0384253,269.8110657,476150,161743.3,1.33,43.2,6.7,28.25,5.58
30/07/2020,269.2513061,269.2513061,260.7613945,265.426178,739285,159114.7,1.35,49,5.81,27.79,5.49
31/07/2020,261.2278332,269.8110449,261.2278332,264.0267029,820618,158275.8,1.36,48.7,5.81,27.64,5.46
08/03/2020,264.0267123,265.8926254,259.4552307,259.4552307,799679,155535.4,1.38,47.9,5.81,27.16,5.37
08/04/2020,259.3619015,263.0004261,256.936209,262.7205505,563331,157492.9,1.37,48.5,5.81,27.51,5.44
08/05/2020,264.1200214,267.2920681,263.5602417,263.5602417,389639,157996.1,1.36,48.6,5.81,27.59,5.46
08/06/2020,263.8400841,263.8400841,258.8954261,260.2948608,459896,156038.7,1.38,48,5.81,27.25,5.39
08/07/2020,259.3619159,261.0412263,258.0557825,258.988739,320887,155255.8,1.39,47.8,5.81,27.11,5.36
08/10/2020,259.7350922,259.9216949,256.8429212,257.4960022,334963,154360.8,1.39,47.5,5.81,26.96,5.33
08/11/2020,259.2686532,261.5077435,256.6563859,258.6156006,536760,155031.9,1.39,47.7,5.81,27.08,5.35
08/12/2020,258.8954576,264.1200202,258.0558023,263.280365,428098,157828.3,1.36,48.6,5.81,27.56,5.45
13/08/2020,263.1870648,264.5864997,262.6272851,263.5602417,310595,157996.1,1.36,48.6,5.81,27.59,5.46
14/08/2020,262.0674589,262.0674589,257.2161025,259.8283691,398626,155759,1.38,48,5.81,27.2,5.38
17/08/2020,260.8546802,261.1345558,257.6826333,260.2015991,240834,155982.7,1.38,48,5.81,27.24,5.39
18/08/2020,259.9217267,262.5339939,258.2423876,260.4815063,349567,156150.5,1.38,48.1,5.81,27.27,5.39
19/08/2020,261.5077088,264.3998798,260.2948767,264.0267029,330311,158275.8,1.36,48.7,5.81,27.64,5.46
20/08/2020,262.0674725,263.0937303,259.1753017,260.2948608,432282,156038.7,1.38,48,5.81,27.25,5.39
21/08/2020,260.3881743,260.7613512,254.0440528,255.5367889,571880,153186.3,1.41,47.2,5.81,26.75,5.29
24/08/2020,257.4027281,262.0675113,256.6563742,259.9217224,493377,155815,1.38,48,5.81,27.21,5.38
25/08/2020,258.5222673,263.0937487,258.5222673,260.1082764,291682,155926.8,1.38,48,5.81,27.23,5.38
26/08/2020,259.5485222,262.8138701,258.6155657,262.5339661,219847,157380.9,1.37,48.5,5.81,27.49,5.43
27/08/2020,263.3736066,263.746812,261.2278181,261.7875977,315510,156933.6,1.37,48.3,5.81,27.41,5.42
28/08/2020,261.4144706,262.0675232,258.0558209,258.6156006,326994,155031.9,1.39,47.7,5.81,27.08,5.35
31/08/2020,260.0150324,263.5602563,257.7759137,258.3356934,397147,154864.1,1.39,47.7,5.81,27.05,5.35
09/01/2020,259.2686543,261.7876487,256.1899086,258.8954773,385950,155199.8,1.39,47.8,5.81,27.1,5.36
09/02/2020,260.1082329,264.4931394,259.2685779,262.3473511,401513,157269.1,1.37,48.4,5.81,27.47,5.43
09/03/2020,264.0267259,266.2658161,257.8692064,259.9217224,468256,155815,1.38,48,5.81,27.21,5.38
09/04/2020,258.055783,262.0674847,254.3239568,255.5367889,529663,153186.3,1.41,47.2,5.81,26.75,5.29
09/07/2020,256.0965945,260.854679,255.5368149,259.9217224,324980,155815,1.38,48,5.81,27.21,5.38
09/08/2020,260.2016105,260.3882132,255.4435258,257.4027405,496577,154304.9,1.4,47.5,5.81,26.95,5.33
09/09/2020,257.5893162,265.1462702,257.5893162,263.6535339,410061,158052.1,1.36,48.7,5.81,27.6,5.46
09/10/2020,263.7468175,265.1462523,261.9741774,262.6272583,332851,157436.9,1.37,48.5,5.81,27.5,5.44
09/11/2020,262.8138867,264.3998958,260.6680694,263.280365,334697,157828.3,1.36,48.6,5.81,27.56,5.45
14/09/2020,264.3065778,265.2395344,261.8809136,262.5339661,189731,157380.9,1.37,48.5,5.81,27.49,5.43
15/09/2020,261.9741792,264.3998718,261.6943036,264.3998718,353217,158499.4,1.36,48.8,5.81,27.68,5.47
16/09/2020,264.3998872,264.8663655,261.0412378,262.1607971,314831,157157.3,1.37,48.4,5.81,27.45,5.43
17/09/2020,259.4552324,261.7876239,257.6826206,261.2278442,413185,156597.9,1.37,48.2,5.81,27.35,5.41
18/09/2020,261.5076773,261.9741556,256.0965414,258.0557556,1187172,154696.4,1.39,47.6,5.81,27.02,5.34
21/09/2020,257.495996,257.5892973,251.52508,252.9245148,590993,151620.4,1.42,46.7,5.81,26.48,5.24
22/09/2020,253.3910003,257.8691803,252.7379193,255.5367889,540608,153186.3,1.41,47.2,5.81,26.75,5.29
23/09/2020,258.3356976,260.9479934,257.2161667,258.8954773,351352,155199.8,1.39,47.8,5.81,27.1,5.36
24/09/2020,257.2161095,258.8021184,254.3239387,255.7233734,461520,153298.3,1.4,47.2,5.81,26.77,5.29
25/09/2020,255.5368205,255.9099975,251.2452143,252.5513763,526413,151396.6,1.42,46.6,5.81,26.44,5.23
28/09/2020,254.9770352,261.0412533,254.8837623,259.9217224,466324,155815,1.38,48,5.81,27.21,5.38
29/09/2020,261.3211249,264.39987,260.5747426,262.6272583,469416,157436.9,1.37,48.5,5.81,27.5,5.44
30/09/2020,261.3211303,263.0004407,258.988739,258.988739,443368,155255.8,1.39,47.8,5.81,27.11,5.36
10/01/2020,261.2278623,263.7468567,259.0820734,263.7468567,570367,158108,1.36,48.7,5.81,27.61,5.46
10/02/2020,261.6942702,262.4406239,259.3618792,262.3473511,412923,157269.1,1.37,48.4,5.81,27.47,5.43
10/05/2020,263.5602357,264.1200154,260.2015863,261.2278442,348253,156597.9,1.37,48.2,5.81,27.35,5.41
10/06/2020,261.0412576,261.9742142,258.0558134,260.4815063,318896,156150.5,1.38,48.1,5.81,27.27,5.39
10/07/2020,260.2948859,261.4144452,258.1490972,259.4552307,282402,155535.4,1.38,47.9,5.81,27.16,5.37
10/08/2020,260.7613256,261.0412011,258.8954127,259.8283691,374683,155759,1.38,48,5.81,27.2,5.38
10/09/2020,260.2948724,263.4669189,259.5485186,263.4669189,298494,157940.2,1.36,48.6,5.81,27.58,5.45
10/12/2020,264.0266806,269.0646398,262.3473703,268.1316833,381384,160736.6,1.34,49.5,5.81,28.07,5.55
13/10/2020,268.9713373,270.1841978,266.5456733,267.8518066,272332,160568.9,1.34,49.4,5.81,28.04,5.54
14/10/2020,268.6914916,271.3970599,267.4786594,270.8372803,318972,162358.5,1.33,50,5.81,28.36,5.61
15/10/2020,267.7585205,268.5981757,264.6797754,265.6127319,466084,159226.5,1.35,49,5.81,27.81,5.5
16/10/2020,267.0121985,274.0093732,265.6127636,271.8635559,594379,162973.7,1.32,50.2,5.81,28.46,5.63
19/10/2020,273.6361389,275.2221764,259.3619154,269.157959,208460,162638.2,1.32,50.1,5.81,28.4,5.62
20/10/2020,271.2104889,272.6099237,269.3445757,271.1171875,394040,162526.3,1.32,50,5.81,28.38,5.61
21/10/2020,271.8635048,271.8635048,265.8925892,267.5718994,368886,160401.1,1.34,49.4,5.81,28.01,5.54
22/10/2020,267.4786473,268.3183024,263.9333954,266.1724854,466759,159562.1,1.35,49.1,5.81,27.87,5.51
23/10/2020,270.5574153,271.9568502,267.2920672,269.2512817,349866,161407.8,1.33,49.7,5.81,28.19,5.57
26/10/2020,267.5719201,268.9713549,265.8926098,266.1724854,321701,159562.1,1.35,49.1,5.81,27.87,5.51
27/10/2020,268.2249835,268.4115862,265.0529372,267.8518066,540314,160568.9,1.34,49.4,5.81,28.04,5.54
28/10/2020,264.6797863,266.172494,257.2161338,260.1082764,855798,155926.8,1.38,48,5.81,27.23,5.38
29/10/2020,259.3619257,262.5339723,257.4027112,260.3881836,552255,156094.6,1.38,48.1,5.81,27.26,5.39
30/10/2020,257.4026925,259.0820313,256.6563387,259.0820313,617257,155311.6,1.39,47.8,5.81,27.12,5.36
11/02/2020,260.5747876,266.5457331,258.242396,264.866394,444034,158779.1,1.36,48.9,5.81,27.73,5.48
11/03/2020,264.4931979,271.3037697,264.0267196,270.7440186,400905,162302.6,1.33,50,5.81,28.35,5.6
11/04/2020,268.2249856,279.7936401,267.1987278,279.7936401,614168,167727.5,1.28,51.6,5.81,29.29,5.79
11/05/2020,280.7266094,282.7791251,277.181386,278.767395,649321,167285.1,1.29,51.5,5.81,29.19,5.77
11/06/2020,276.901532,277.7412158,273.729485,277.0881348,509611,166277.3,1.3,51.1,5.81,29.01,5.74
11/09/2020,280.166829,298.0796054,279.3271739,290.1494751,1089975,174115.3,1.24,53.6,5.81,30.38,6.01
11/10/2020,288.8433196,295.3740147,286.6042298,294.2544556,930593,176578.6,1.22,54.3,5.81,30.81,6.09
11/11/2020,295.6539143,299.4790417,295.0941347,297.6131287,524230,178594.2,1.21,54.9,5.81,31.16,6.16
11/12/2020,296.4002744,299.8521962,296.0270691,296.0270691,453721,177642.4,1.21,54.6,5.81,30.99,6.13
13/11/2020,296.9600477,297.4265259,293.1349487,293.1349487,419390,175906.8,1.23,54.1,5.81,30.69,6.07
16/11/2020,294.8142797,299.3857613,292.9483666,296.2137146,525178,177754.4,1.21,54.7,5.81,31.01,6.13
17/11/2020,295.8405322,299.1058802,294.5343987,295.374054,381848,177250.6,1.22,54.5,5.81,30.92,6.11
18/11/2020,294.3477422,296.1203537,291.3622704,293.5080872,439978,176130.8,1.22,54.2,5.81,30.73,6.08
19/11/2020,292.4818848,293.8813196,289.683015,289.9628906,590761,174003.4,1.24,53.5,5.81,30.36,6
20/11/2020,289.2165362,293.5081422,289.0299335,291.1757507,557991,174731.2,1.23,53.7,5.81,30.48,6.03
23/11/2020,292.2020105,292.3885848,285.7645874,285.7645874,405422,171484,1.26,52.7,5.81,29.92,5.91
24/11/2020,287.2573386,287.2573386,276.0618591,276.0618591,745532,165661.4,1.3,51,5.81,28.9,5.71
25/11/2020,276.7149538,283.9920044,275.7819971,283.9920044,625003,170420.2,1.26,52.4,5.81,29.73,5.88
26/11/2020,285.6713317,287.0707666,284.4584709,285.2981262,311986,171204.1,1.26,52.7,5.81,29.87,5.91
27/11/2020,284.5517443,289.0299243,284.5517443,288.563446,641870,173163.6,1.24,53.3,5.81,30.21,5.97
30/11/2020,288.0969923,288.8433747,286.0445049,286.2310791,839593,171763.9,1.25,52.8,5.81,29.97,5.92
12/01/2020,288.4701842,288.7500598,284.2718797,285.7645874,490243,171484,1.26,52.7,5.81,29.92,5.91
12/02/2020,286.0445129,286.7908668,283.9919969,285.8579102,374308,171539.9,1.26,52.8,5.81,29.93,5.92
12/03/2020,288.4701868,288.4701868,283.0590216,284.5517578,305790,170756.2,1.26,52.5,5.81,29.79,5.89
12/04/2020,284.9249322,287.0707494,282.4992394,285.7645874,373771,171484,1.26,52.7,5.81,29.92,5.91
12/07/2020,285.6713208,285.9511964,282.1260687,283.6188049,336150,170196.3,1.27,52.3,5.81,29.69,5.87
12/08/2020,283.2456121,284.9249224,281.6595745,284.3651428,293842,170644.3,1.26,52.5,5.81,29.77,5.89
12/09/2020,285.8579026,285.8579026,280.2601629,281.7528992,406239,169076.6,1.27,52,5.81,29.5,5.83
12/10/2020,283.8986869,285.4847245,281.4730225,281.4730225,472432,168908.6,1.28,52,5.81,29.47,5.83
12/11/2020,280.8199255,282.5925373,279.1406151,282.2193604,343934,169356.6,1.27,52.1,5.81,29.55,5.84
14/12/2020,283.3389013,285.111513,281.5662612,282.4059448,393292,169468.5,1.27,52.1,5.81,29.57,5.85
15/12/2020,282.2193604,285.671311,282.2193604,282.2193604,393158,169356.6,1.27,52.1,5.81,29.55,5.84
16/12/2020,284.9249424,289.4031512,283.5255075,288.6567688,442581,173219.5,1.24,53.3,5.81,30.22,5.97
17/12/2020,290.2427975,290.4293717,284.2718811,284.2718811,422866,170588.2,1.26,52.5,5.81,29.76,5.88
18/12/2020,284.2718743,286.044486,283.0590136,284.9249268,1098408,170980.1,1.26,52.6,5.81,29.83,5.9
21/12/2020,282.7791258,282.7791258,274.4758185,275.7819519,541781,165493.6,1.3,50.9,5.81,28.87,5.71
22/12/2020,277.7411549,282.4059373,277.6478535,281.5662537,393271,168964.7,1.28,52,5.81,29.48,5.83
23/12/2020,282.4992141,284.5517298,282.2193385,283.3388977,275271,170028.3,1.27,52.3,5.81,29.66,5.86
24/12/2020,284.3651367,284.3651367,281.1930902,282.0327454,57182,169244.6,1.27,52.1,5.81,29.53,5.84
28/12/2020,283.5255064,288.9366717,281.0065406,288.3768921,211319,173051.6,1.25,53.2,5.81,30.19,5.97
29/12/2020,289.2165575,292.1087288,286.8841659,291.2690735,265633,174787.1,1.23,53.8,5.81,30.49,6.03
30/12/2020,290.522657,292.8550483,289.8696045,292.2019958,269391,175347,1.23,53.9,5.81,30.59,6.05
31/12/2020,290.709273,293.0416644,289.5897137,289.9628906,122207,174003.4,1.24,53.5,5.81,30.36,6
01/04/2021,293.6947553,294.9076161,290.2428326,290.8026123,349345,174507.2,1.24,53.7,5.81,26.17,7.08
01/05/2021,288.1902851,290.8958535,286.0444963,287.8171082,322124,172715.7,1.25,53.1,5.81,25.9,7
01/06/2021,287.3506005,288.5634326,284.4584297,288.0969543,398623,172883.6,1.25,53.2,5.81,25.93,7.01
01/07/2021,289.4031403,289.9628915,286.1377923,286.9774475,331112,172211.9,1.25,53,5.81,25.83,6.98
01/08/2021,287.0707494,289.5897151,282.3126652,285.7645874,398161,171484,1.26,52.7,5.81,25.72,6.95
01/11/2021,285.2048297,286.0444849,282.8724383,284.64505,307312,170812.3,1.26,52.5,5.81,25.62,6.93
01/12/2021,282.6858461,283.1523244,278.9540197,280.3534546,430525,168236.8,1.28,51.7,5.81,25.23,6.82
13/01/2021,280.2601191,281.7528552,278.0210293,281.286377,315865,168796.7,1.28,51.9,5.81,25.32,6.84
14/01/2021,280.6333241,280.8199268,277.7411815,278.0210571,354408,166837.2,1.29,51.3,5.81,25.02,6.76
15/01/2021,275.4088124,278.3942566,275.4088124,278.3942566,484814,167061.1,1.29,51.4,5.81,25.06,6.77
18/01/2021,276.7149364,278.674151,276.1551568,276.994812,249021,166221.3,1.3,51.1,5.81,24.93,6.74
19/01/2021,277.3679402,278.5808006,274.7556735,277.181366,348186,166333.4,1.3,51.2,5.81,24.95,6.74
20/01/2021,277.7412046,278.7674341,273.6361726,273.9160767,426602,164373.9,1.31,50.6,5.81,24.65,6.66
21/01/2021,274.6624268,276.0618618,273.0764176,274.8490295,406093,164933.8,1.31,50.7,5.81,24.74,6.69
22/01/2021,275.1288945,276.4350281,273.3562827,276.4350281,374284,165885.5,1.3,51,5.81,24.88,6.73
25/01/2021,276.8082516,279.7936958,274.6624342,278.9540405,367808,167397,1.29,51.5,5.81,25.11,6.79
26/01/2021,278.4875087,282.5925115,278.4875087,281.5662537,365835,168964.7,1.28,52,5.81,25.34,6.85
27/01/2021,280.073581,282.3126712,276.4350275,277.6478882,501854,166613.3,1.29,51.2,5.81,24.99,6.76
28/01/2021,276.621618,278.860708,276.2484411,277.4612732,414665,166501.3,1.29,51.2,5.81,24.97,6.75
29/01/2021,274.8490312,274.8490312,270.6507263,270.6507263,663811,162414.4,1.33,50,5.81,24.36,6.59
02/01/2021,273.6361402,277.4612677,272.7964851,276.6216125,391433,165997.4,1.3,51.1,5.81,24.9,6.73
02/02/2021,277.6479027,281.2864279,276.8082474,278.3942566,549226,167061.1,1.29,51.4,5.81,25.06,6.77
02/03/2021,279.4205087,280.2601639,274.2892472,276.0618591,356030,165661.4,1.3,51,5.81,24.85,6.72
02/04/2021,275.4088113,278.1143799,274.0093764,278.1143799,391934,166893.2,1.29,51.3,5.81,25.03,6.77
02/05/2021,278.3942429,286.1377997,275.8752771,285.1115417,597291,171092.1,1.26,52.6,5.81,25.66,6.94
02/08/2021,288.7500636,289.1232406,286.3243708,287.5372314,494516,172547.7,1.25,53.1,5.81,25.88,7
02/09/2021,288.9366539,291.8287964,286.9774394,291.8287964,409709,175123.1,1.23,53.9,5.81,26.27,7.1
02/10/2021,291.2690354,292.6684702,289.7762993,290.4293518,333236,174283.3,1.24,53.6,5.81,26.14,7.07
02/11/2021,290.1494824,291.9220941,287.8170911,288.2835693,354308,172995.6,1.29,48.5,6.37,25.95,7.01
02/12/2021,293.0416823,297.986341,290.4293866,296.960083,549397,178202.3,1.26,49.9,6.37,26.73,7.23
15/02/2021,297.6131434,298.0796217,290.5226678,293.8813171,452782,176354.8,1.27,49.4,6.37,26.45,7.15
16/02/2021,293.2282478,293.5081519,290.2428038,292.5751953,387752,175571,1.28,49.2,6.37,26.33,7.12
17/02/2021,291.5488884,296.3069719,290.2427551,295.7471924,385368,177474.4,1.26,49.7,6.37,26.62,7.2
18/02/2021,296.5868964,297.7064557,294.9075859,295.5606384,376328,177362.5,1.26,49.7,6.37,26.6,7.19
19/02/2021,298.2662423,298.5461179,294.9075928,294.9075928,423226,176970.6,1.27,49.6,6.37,26.54,7.18
22/02/2021,293.6014657,293.6014657,290.0562134,290.0562134,269044,174059.3,1.29,48.8,6.37,26.11,7.06
23/02/2021,290.5227082,290.8958852,288.0970151,290.8026123,291515,174507.2,1.28,48.9,6.37,26.17,7.08
24/02/2021,289.5896918,291.6422075,284.6450337,286.604248,417372,171987.8,1.3,48.2,6.37,25.8,6.97
25/02/2021,286.510974,289.4031452,285.857893,286.3243713,327936,171819.8,1.3,48.2,6.37,25.77,6.97
26/02/2021,284.8316285,287.1640199,281.9394859,282.4992371,461133,169524.5,1.32,47.5,6.37,25.43,6.87
03/01/2021,285.5780109,286.8841444,283.6187964,285.204834,344245,171148.1,1.31,48,6.37,25.67,6.94
03/02/2021,287.5372246,290.6159699,287.0707463,288.1902771,384509,172939.6,1.29,48.5,6.37,25.94,7.01
03/03/2021,288.4701837,290.0561928,284.8316303,286.9774475,401635,172211.9,1.3,48.3,6.37,25.83,6.98
03/04/2021,286.6975426,290.8958472,286.6042697,289.9628906,408762,174003.4,1.29,48.8,6.37,26.1,7.06
03/05/2021,288.8433366,289.9628673,285.8578645,288.0969543,450797,172883.6,1.3,48.5,6.37,25.93,7.01
03/08/2021,288.936638,288.936638,283.8986501,288.0969543,475519,172883.6,1.3,48.5,6.37,25.93,7.01
03/09/2021,288.9366947,292.5752201,286.8841786,290.2428284,439111,174171.4,1.29,48.8,6.37,26.12,7.06
03/10/2021,290.9891484,297.1466675,290.7092728,297.1466675,393490,178314.3,1.26,50,6.37,26.74,7.23
03/11/2021,298.5460993,300.4120124,296.5868848,299.5723572,380086,179769.9,1.25,50.4,6.37,26.96,7.29
03/12/2021,300.4120221,301.811457,297.6131523,300.9718018,334619,180609.7,1.24,50.6,6.37,27.09,7.32
15/03/2021,302.1846469,303.0243021,298.7327244,299.9455566,334566,179993.8,1.24,50.4,6.37,27,7.3
16/03/2021,299.3857786,301.9980742,297.5198653,301.7181702,363752,181057.4,1.24,50.7,6.37,27.16,7.34
17/03/2021,302.1846149,304.5170063,300.4120032,304.1438293,321663,182513.1,1.23,51.2,6.37,27.37,7.4
18/03/2021,304.3304468,304.4237197,300.4120178,300.4120178,385109,180273.8,1.24,50.5,6.37,27.04,7.31
19/03/2021,298.9192505,301.998024,298.4527722,298.9192505,1112056,179377.9,1.25,50.3,6.37,26.9,7.27
22/03/2021,298.0795874,300.9717581,295.8404976,299.2924194,286547,179601.9,1.25,50.3,6.37,26.94,7.28
23/03/2021,298.8259791,303.1175851,298.4528022,300.1321411,308077,180105.8,1.24,50.5,6.37,27.01,7.3
24/03/2021,299.2924551,299.8522347,296.2137098,296.8667908,328392,178146.3,1.26,49.9,6.37,26.72,7.22
25/03/2021,295.3740533,302.1846248,294.907575,301.065094,374207,180665.6,1.24,50.6,6.37,27.1,7.33
26/03/2021,301.1584027,302.4645649,300.0388718,301.9047852,317440,181169.6,1.24,50.8,6.37,27.17,7.35
29/03/2021,303.5840844,305.8231747,303.3975102,304.7036438,271847,182849.1,1.22,51.2,6.37,27.42,7.41
30/03/2021,305.5432751,306.196356,303.4907592,305.8231506,303582,183520.9,1.22,51.4,6.37,27.53,7.44
31/03/2021,305.9164557,307.036015,304.0505425,304.8901978,384508,182961.1,1.22,51.3,6.37,27.44,7.42
04/01/2021,306.5695753,306.5695753,300.8318973,302.138031,330383,181309.6,1.24,50.8,6.37,27.19,7.35
04/06/2021,304.3770661,309.1817865,303.9105878,308.9485474,400388,185396.4,1.21,52,6.37,27.81,7.52
04/07/2021,308.4820826,309.228465,305.963117,308.5287476,274918,185144.4,1.21,51.9,6.37,27.77,7.51
04/08/2021,308.9952322,317.0653009,308.9019308,316.8320618,386573,190127.3,1.18,53.3,6.37,28.52,7.71
04/09/2021,316.5988105,318.2781209,314.0798164,315.7591553,283493,189483.4,1.18,53.1,6.37,28.42,7.68
04/12/2021,316.2255783,316.6920565,313.8931873,314.4996033,230409,188727.6,1.19,52.9,6.37,28.31,7.65
13/04/2021,315.0594062,318.4646915,314.7795021,317.2518311,317108,190379.2,1.18,53.4,6.37,28.55,7.72
14/04/2021,320.7504431,321.3568876,315.8057849,316.4122009,328042,189875.2,1.18,53.2,6.37,28.48,7.7
15/04/2021,316.8320609,319.9574711,315.1993869,319.8175049,352134,191918.8,1.17,53.8,6.37,28.78,7.78
16/04/2021,313.473427,316.2256604,309.6482991,313.9865417,633124,188424.8,1.19,52.8,6.37,28.26,7.64
19/04/2021,313.9398707,317.9982373,313.4733924,316.1323242,318467,189712.5,1.18,53.2,6.37,28.45,7.69
20/04/2021,316.3188954,317.2052154,314.9194606,314.9661255,433745,189012.6,1.18,53,6.37,28.35,7.66
21/04/2021,314.7328985,320.2839729,314.6862336,319.6309204,404622,191812,1.17,53.8,6.37,28.77,7.78
22/04/2021,319.7242248,325.5552033,319.2110816,324.3890076,387005,194667.3,1.15,54.6,6.37,29.2,7.89
23/04/2021,325.3686012,327.141213,320.7504549,322.289856,370661,193407.5,1.16,54.2,6.37,29.01,7.84
26/04/2021,321.7300886,322.9895857,318.3248027,319.770874,278051,192168.4,1.17,53.8,6.37,28.78,7.78
27/04/2021,319.4876783,321.1396311,316.9861268,317.363739,350311,188495.9,1.19,52.8,6.37,28.23,7.63
28/04/2021,318.0244869,321.5171984,317.6469035,320.0068359,270094,190065.8,1.18,53.2,6.37,28.47,7.7
29/04/2021,321.7059811,324.4907129,321.658794,323.8771362,332921,192364.6,1.17,53.8,6.37,28.81,7.79
30/04/2021,324.7738912,325.8122672,322.5083618,322.5083618,451657,191551.6,1.17,53.6,6.37,28.69,7.76
05/03/2021,322.6971619,327.2282206,322.5555718,326.2370605,307182,193766.3,1.16,54.2,6.37,29.02,7.85
05/04/2021,326.1898894,326.8978692,321.611643,322.2252197,425421,191383.5,1.17,53.6,6.37,28.66,7.75
05/05/2021,323.3107491,328.2666073,323.3107491,326.6146545,464054,193990.6,1.16,54.3,6.37,29.05,7.85
05/06/2021,325.5762546,329.7769457,325.2458584,328.1721802,406481,194915.6,1.15,54.5,6.37,29.19,7.89
05/07/2021,330.3905762,331.6649456,327.8418373,330.2961731,350743,196177.1,1.14,54.9,6.37,29.38,7.94
05/10/2021,331.0041142,332.844873,329.5409676,332.6560669,280093,197578.8,1.14,55.3,6.37,29.59,8
05/11/2021,330.3905572,331.4289333,324.3491356,326.9922485,447033,194214.7,1.15,54.4,6.37,29.09,7.86
05/12/2021,327.0394461,328.6441829,324.3491174,326.8978271,353063,194158.8,1.16,54.3,6.37,29.08,7.86
13/05/2021,325.4346867,330.9569344,323.1219413,330.532135,269103,196317.3,1.14,54.9,6.37,29.4,7.95
14/05/2021,332.2785209,333.5528903,331.0985546,332.6089172,278430,197550.8,1.14,55.3,6.37,29.59,8
17/05/2021,333.4584651,337.2815443,333.2224719,335.5352173,259108,199288.8,1.13,55.8,6.37,29.85,8.07
18/05/2021,337.8007274,338.2727139,332.2312927,332.2312927,333995,197326.4,1.14,55.2,6.37,29.55,7.99
19/05/2021,327.6530289,332.3256779,327.1338265,330.532135,372210,196317.3,1.14,54.9,6.37,29.4,7.95
20/05/2021,330.6265766,338.9335283,330.060187,338.744751,336395,201195.2,1.11,56.3,6.37,30.13,8.15
21/05/2021,339.0278979,342.3318034,339.0278979,341.0574341,423940,202568.8,1.11,56.7,6.37,30.34,8.2
24/05/2021,342.1429982,344.4557146,342.0013792,344.2669373,183525,204474.9,1.1,57.2,6.37,30.62,8.28
25/05/2021,345.588516,348.3732191,345.3525228,346.6268921,394419,205876.6,1.09,57.6,6.37,30.83,8.34
26/05/2021,347.9012657,350.7804009,345.7301392,345.9189453,338686,205456.1,1.09,57.5,6.37,30.77,8.32
27/05/2021,346.2021021,348.1844511,344.8333297,345.3997192,510673,205147.8,1.09,57.4,6.37,30.72,8.31
28/05/2021,344.8332931,351.5355065,344.3613066,350.7331238,302370,208315.6,1.08,58.3,6.37,31.2,8.43
31/05/2021,350.3083637,351.4411139,346.8156523,347.6652222,202080,206493.4,1.09,57.8,6.37,30.93,8.36
06/01/2021,348.5148831,351.1579963,346.4381307,349.27005,363947,207446.5,1.08,58.1,6.37,31.07,8.4
06/02/2021,349.9308255,351.7243686,348.5148659,350.7803955,382628,208343.6,1.08,58.3,6.37,31.2,8.44
06/03/2021,350.5915548,352.9514872,350.1195683,351.9603271,293361,209044.5,1.07,58.5,6.37,31.31,8.46
06/04/2021,352.2435196,356.4913981,352.2435196,355.3114319,333270,211034.8,1.06,59.1,6.37,31.61,8.54
06/07/2021,355.8778324,358.9457447,355.3586587,357.5297852,310969,212352.3,1.06,59.4,6.37,31.8,8.6
06/08/2021,357.1521882,361.2112606,357.1521882,359.4649048,369622,213501.8,1.05,59.7,6.37,31.98,8.64
06/09/2021,360.6448739,362.7688131,360.2201033,360.5976868,360625,214174.5,1.05,59.9,6.37,32.08,8.67
06/10/2021,360.5976868,362.5328199,359.4177205,360.5976868,400003,214174.5,1.05,59.9,6.37,32.08,8.67
06/11/2021,361.3056531,363.5711824,360.5504862,362.5328064,364116,215323.9,1.04,60.3,6.37,32.25,8.72
14/06/2021,364.137601,367.0167072,361.1640916,363.0048218,388520,215604.3,1.04,60.3,6.37,32.29,8.73
15/06/2021,364.7039945,369.4710469,364.7039945,365.7423706,368634,217230.1,1.03,60.8,6.37,32.53,8.8
16/06/2021,365.7423344,369.7542195,365.4119381,367.3942871,450103,218211.3,1.03,61.1,6.37,32.68,8.84
17/06/2021,365.4591534,369.4710388,362.344054,369.4710388,454116,219444.8,1.02,61.4,6.37,32.87,8.89
18/06/2021,370.0374133,373.7661182,367.7718839,368.4326477,646109,218828.1,1.02,61.2,6.37,32.77,8.86
21/06/2021,367.3470947,369.6126242,366.4503377,367.4414978,352771,218239.4,1.03,61.1,6.37,32.69,8.84
22/06/2021,366.6391208,368.0078932,364.4679943,365.7895508,387076,217258.2,1.03,60.8,6.37,32.54,8.8
23/06/2021,365.3647476,365.9783531,359.8425285,360.0785217,404708,213866.1,1.05,59.9,6.37,32.03,8.66
24/06/2021,362.1552219,369.5182283,362.0608188,368.2910461,477256,218743.9,1.03,61.2,6.37,32.76,8.86
25/06/2021,366.5919218,366.9695053,362.2024531,363.8071899,416611,216080.8,1.04,60.5,6.37,32.36,8.75
28/06/2021,363.9959952,365.3175517,363.1464253,364.0431824,271868,216220.9,1.04,60.5,6.37,32.38,8.75
29/06/2021,363.3824145,364.3735747,361.6360587,361.7776489,323473,214875.4,1.04,60.1,6.37,32.18,8.7
30/06/2021,361.5416735,362.5800497,353.8010831,354.7450562,601091,210700.4,1.06,59,6.37,31.56,8.53
07/01/2021,355.9249882,358.1905463,352.6210829,354.3202515,353520,210448.1,1.07,58.9,6.37,31.52,8.52
07/02/2021,353.4234676,355.7833999,350.6859518,351.7715149,374877,208934.2,1.07,58.5,6.37,31.29,8.46
07/05/2021,351.3467696,352.5267359,349.7891911,351.8187561,299358,208962.3,1.07,58.5,6.37,31.3,8.46
07/06/2021,350.3555505,351.0163431,347.9956182,349.7419739,388388,207728.8,1.08,58.1,6.37,31.11,8.41
07/07/2021,350.591585,355.8306527,349.6948278,355.4058533,364294,211092.8,1.06,59.1,6.37,31.61,8.55
07/08/2021,354.2730506,354.4618567,340.2550748,344.5501404,663800,204645.1,1.1,57.3,6.37,30.65,8.29
07/09/2021,345.3997118,350.9691467,345.0221284,350.9691467,424352,208457.7,1.08,58.3,6.37,31.22,8.44
07/12/2021,349.83638,355.4058146,349.5531708,354.3202515,310880,210448.1,1.07,58.9,6.37,31.52,8.52
13/07/2021,354.8394365,354.9338395,352.0547335,354.461853,305781,210532.2,1.07,58.9,6.37,31.53,8.52
14/07/2021,354.1314839,355.8778398,352.8571145,355.4058533,247290,211092.8,1.06,59.1,6.37,31.61,8.55
15/07/2021,354.9338645,357.5769775,352.0547582,352.668335,285544,209466.9,1.07,58.6,6.37,31.37,8.48
16/07/2021,353.8954851,355.736244,351.4411494,353.6123047,296833,210027.6,1.07,58.8,6.37,31.46,8.5
19/07/2021,352.3850899,355.7362112,350.497144,352.2434998,561295,209214.5,1.07,58.5,6.37,31.33,8.47
20/07/2021,354.0842725,359.5593043,353.2818897,355.594635,361083,211204.9,1.06,59.1,6.37,31.63,8.55
21/07/2021,357.4353926,359.0401583,356.4914196,357.9073792,288464,212578.6,1.05,59.5,6.37,31.84,8.61
22/07/2021,357.8601868,358.4265764,354.9810517,357.9545898,238517,212606.6,1.05,59.5,6.37,31.84,8.61
23/07/2021,358.7097478,365.6951424,357.4353785,365.3647461,339206,217007.9,1.03,60.7,6.37,32.5,8.79
26/07/2021,364.2319836,365.0343664,360.9752653,362.0136414,231343,215017.5,1.04,60.2,6.37,32.2,8.71
27/07/2021,362.0136344,363.9959834,359.3233057,362.0608215,266429,215045.6,1.04,60.2,6.37,32.21,8.71
28/07/2021,362.2968327,364.2319946,360.5976927,364.2319946,247176,216335.2,1.04,60.5,6.37,32.4,8.76
29/07/2021,363.3824515,364.8927854,361.7304986,363.3352356,276694,215802.4,1.04,52.5,7.33,32.32,8.74
30/07/2021,361.9192423,366.9695036,358.5209337,364.2791748,453272,216363.1,1.04,52.6,7.33,32.4,8.76
08/02/2021,365.8367276,372.8221509,365.2231509,370.6982117,335523,220175.7,1.02,53.6,7.33,32.97,8.91
08/03/2021,371.783783,373.9549094,369.4710375,371.783783,231062,219639,1.02,53.7,7.33,33.07,8.94
08/04/2021,373.4357238,375.1820797,371.689368,373.2469177,256807,220503.3,1.01,53.9,7.33,33.2,8.98
08/05/2021,373.4357634,377.5420522,373.3413604,375.9372864,242631,222092.7,1,54.3,7.33,33.44,9.04
08/06/2021,375.2292667,378.2971789,374.7572802,376.6924133,361422,222538.8,1,54.4,7.33,33.51,9.06
08/09/2021,376.9284013,380.1379325,374.757275,376.739624,194002,222566.8,1,54.4,7.33,33.51,9.06
08/10/2021,376.2204179,378.29717,374.9460774,375.8428345,227915,222036.9,1,54.3,7.33,33.43,9.04
08/11/2021,376.1732356,378.5331681,376.1732356,377.8723755,182928,223235.9,1,54.6,7.33,33.61,9.09
08/12/2021,378.2971886,383.4890402,378.2500015,381.2235107,394218,225215.7,0.99,55.1,7.33,33.91,9.17
13/08/2021,381.9786801,382.3090764,380.2323243,380.5155334,277968,224797.4,0.99,55,7.33,33.85,9.15
16/08/2021,378.3915784,378.6747588,371.0757877,376.2676392,290164,222287.9,1,54.4,7.33,33.47,9.05
17/08/2021,373.5773055,378.0139901,372.6805197,377.6835938,283224,223124.4,1,54.6,7.33,33.6,9.08
18/08/2021,377.6836045,378.4387714,370.7453972,371.1701965,377917,219276.4,1.02,53.6,7.33,33.02,8.93
19/08/2021,369.7070219,369.9902311,360.1728888,367.0166931,550750,216822.7,1.03,53,7.33,32.65,8.83
20/08/2021,365.317548,372.019762,362.9576155,370.5093994,349998,218886.1,1.02,53.5,7.33,32.96,8.91
23/08/2021,373.2941414,374.710101,370.1790132,372.9637451,353416,220336.1,1.01,53.9,7.33,33.18,8.97
24/08/2021,373.8133094,374.2381088,369.1878475,371.1701965,268389,219276.4,1.02,53.6,7.33,33.02,8.93
25/08/2021,372.5389576,373.813327,369.9430317,371.028595,166387,219192.8,1.02,53.6,7.33,33,8.92
26/08/2021,368.2910402,372.0197449,368.14945,372.0197449,211627,219778.4,1.01,53.7,7.33,33.09,8.95
27/08/2021,372.7277568,373.2469305,370.084615,371.5477905,170397,219499.6,1.02,53.7,7.33,33.05,8.94
30/08/2021,371.1702138,375.9844533,370.7926015,374.946106,181246,221507.1,1.01,54.2,7.33,33.35,9.02
31/08/2021,375.7012929,376.0788764,371.7838103,374.0965271,423802,221005.3,1.01,54,7.33,33.28,9
09/01/2021,375.8428183,378.1083476,374.6628521,377.1171875,324048,222789.8,1,54.5,7.33,33.55,9.07
09/02/2021,375.7012682,379.6187505,374.4268988,377.7308044,212537,223152.3,1,54.6,7.33,33.6,9.08
09/03/2021,377.683611,378.4859939,370.0374238,372.7277527,296365,220196.7,1.01,53.8,7.33,33.16,8.96
09/06/2021,373.3413245,374.9932772,373.3413245,374.1437073,182434,221033.1,1.01,54,7.33,33.28,9
09/07/2021,372.9165411,373.6245209,370.9342207,371.028595,266743,219192.8,1.02,53.6,7.33,33,8.92
09/08/2021,369.1878312,373.6244869,365.6479326,371.9725342,339365,219750.5,1.02,53.7,7.33,33.09,8.95
09/09/2021,368.2438899,377.1172308,368.2438899,375.4180908,259346,221785.9,1.01,54.2,7.33,33.39,9.03
09/10/2021,376.6924411,378.6276032,374.6629048,376.0316772,249531,222148.6,1,54.3,7.33,33.45,9.04
13/09/2021,376.7868283,380.0907339,375.1348755,375.2292786,210463,221674.4,1.01,54.2,7.33,33.38,9.02
14/09/2021,373.6717134,376.6924097,370.7925785,376.2676392,210769,222287.9,1,54.4,7.33,33.47,9.05
15/09/2021,376.0788327,377.5420081,370.9813843,370.9813843,343506,219164.9,1.02,53.6,7.33,33,8.92
16/09/2021,372.1141576,374.0021035,361.8248291,361.8248291,545684,213755.6,1.04,52.3,7.33,32.19,8.7
17/09/2021,364.9399852,369.0934608,359.228931,361.164093,813801,213365.2,1.05,52.2,7.33,32.13,8.69
20/09/2021,356.8217652,358.5681209,350.0251486,351.3939209,547959,207593.3,1.07,50.8,7.33,31.26,8.45
21/09/2021,351.8187514,362.0136483,351.8187514,361.9664612,475285,213839.1,1.04,52.3,7.33,32.2,8.7
22/09/2021,363.5240076,365.5535438,362.2024512,362.9104309,335289,214396.8,1.04,52.4,7.33,32.28,8.73
23/09/2021,365.1759444,367.677467,363.6655819,365.5535278,307666,215958.3,1.03,52.8,7.33,32.52,8.79
24/09/2021,365.1759617,365.364739,356.7273918,357.1521912,357340,210995.1,1.06,51.6,7.33,31.77,8.59
27/09/2021,358.898518,359.1345112,349.8363721,351.1579285,363182,207453.8,1.08,50.7,7.33,31.24,8.44
28/09/2021,348.0900536,349.5532003,339.5471092,342.3790283,705026,202267.4,1.1,49.5,7.33,30.46,8.23
29/09/2021,345.9189115,348.0428507,341.5294141,342.9453735,377417,202602.1,1.1,49.5,7.33,30.51,8.25
30/09/2021,344.8805517,345.4941285,336.856781,336.856781,636193,199005.1,1.12,48.7,7.33,29.96,8.1
10/01/2021,334.9216088,344.2197486,331.3345229,341.2934265,528013,201626.2,1.11,49.3,7.33,30.36,8.21
10/04/2021,338.5558872,344.7861143,337.5175112,341.2462158,365334,201598.3,1.11,49.3,7.33,30.36,8.21
10/05/2021,342.4261983,346.1549031,340.7742456,343.4173584,339861,202880.9,1.1,49.6,7.33,30.55,8.26
10/06/2021,339.3111361,339.9247129,336.1960077,338.0839539,413753,199730,1.12,48.8,7.33,30.07,8.13
10/07/2021,339.8302669,343.5589717,338.6974879,341.6238098,411996,201821.3,1.11,49.4,7.33,30.39,8.22
10/08/2021,342.1902203,343.3229995,337.5647583,337.5647583,306056,199423.4,1.12,48.8,7.33,30.03,8.12
10/11/2021,337.1399463,337.6119328,333.977631,335.8183899,268118,198391.6,1.12,48.5,7.33,29.87,8.08
10/12/2021,332.2785041,336.7623759,331.5233372,335.4880066,329161,198196.4,1.13,48.5,7.33,29.84,8.07
13/10/2021,334.3080178,342.0957947,331.8536823,342.0957947,488829,202100.1,1.1,49.4,7.33,30.43,8.23
14/10/2021,344.9277146,350.5915523,342.1430116,349.2228088,489634,206310.6,1.08,50.4,7.33,31.06,8.4
15/10/2021,351.1108038,352.5739506,346.2021322,348.8452454,400055,206087.6,1.08,50.4,7.33,31.03,8.39
18/10/2021,347.4764714,347.901242,341.3406468,345.3997192,419509,204051.9,1.09,49.9,7.33,30.72,8.31
19/10/2021,346.5796778,347.0516643,340.255076,342.2373962,311685,202183.9,1.1,49.4,7.33,30.44,8.23
20/10/2021,340.9158644,345.6357297,340.1134815,343.8893738,318914,203159.8,1.1,49.7,7.33,30.59,8.27
21/10/2021,345.7301465,350.9219985,345.0221667,348.6092529,446770,205948.1,1.08,50.4,7.33,31.01,8.38
22/10/2021,370.0374207,372.3973533,365.1287496,366.3087158,669134,216404.5,1.03,52.9,7.33,32.58,8.81
25/10/2021,368.1494836,368.432664,362.3440552,362.3440552,363419,214062.3,1.04,52.3,7.33,32.23,8.71
26/10/2021,364.7511415,370.6037853,363.7127655,368.5742493,401141,217742.8,1.02,53.2,7.33,32.79,8.86
27/10/2021,365.0815564,369.6598312,364.4679797,366.5919189,281623,216571.8,1.03,53,7.33,32.61,8.82
28/10/2021,367.1583105,371.406189,365.8839411,371.406189,373460,219415.9,1.02,53.7,7.33,33.04,8.93
29/10/2021,368.0078755,372.8221436,365.1287406,372.8221436,374271,220252.3,1.01,53.9,7.33,33.16,8.97
11/01/2021,373.9549137,378.1556052,373.9077265,375.8900757,281391,222064.8,1,54.3,7.33,33.44,9.04
11/02/2021,375.7012569,377.7307931,374.3324845,377.5892029,260335,223068.6,1,54.5,7.33,33.59,9.08
11/03/2021,375.1821186,382.8282776,374.8045063,382.8282776,301097,226163.8,0.99,55.3,7.33,34.05,9.21
11/04/2021,383.0170426,385.8961487,379.9019432,385.8961487,317921,227976.2,0.98,55.7,7.33,34.33,9.28
11/05/2021,385.8961357,392.3151692,385.2353719,389.6720276,470440,230206.8,0.97,56.3,7.33,34.66,9.37
11/08/2021,388.9640564,390.2856417,387.3121037,389.1528625,251402,229900.1,0.97,56.2,7.33,34.62,9.36
11/09/2021,387.9257253,391.8432076,386.8401333,391.3240051,255128,231182.8,0.96,56.5,7.33,34.81,9.41
11/10/2021,390.9464173,391.654397,388.7280749,391.1352234,294226,231071.3,0.97,56.5,7.33,34.79,9.41
11/11/2021,390.7576278,392.5983578,389.105675,391.2296143,211363,231126.9,0.97,56.5,7.33,34.8,9.41
11/12/2021,392.6927701,399.253394,392.4095897,397.365448,255713,234751.8,0.95,57.4,7.33,35.35,9.56
15/11/2021,398.3566149,400.433367,396.7518492,400.291748,268219,236480.6,0.94,57.8,7.33,35.61,9.63
16/11/2021,399.7725473,403.3124459,398.8285744,403.2652588,262706,238237.3,0.94,58.3,7.33,35.87,9.7
17/11/2021,398.5454024,405.719574,397.6958037,405.719574,353021,239687.3,0.93,58.6,7.33,36.09,9.76
18/11/2021,405.6252105,406.3331902,399.2061768,399.2061768,473833,235839.3,0.95,57.7,7.33,35.51,9.6
19/11/2021,400.9053556,401.6605225,397.8846304,401.6605225,711311,237289.3,0.94,58,7.33,35.73,9.66
22/11/2021,400.716532,401.660505,394.3447144,394.4391174,354492,233023.1,0.96,57,7.33,35.09,9.49
23/11/2021,392.9287632,393.6367429,386.273765,388.6336975,349149,229593.3,0.97,56.1,7.33,34.57,9.35
24/11/2021,388.4920622,389.9552376,381.412265,389.4360352,365522,230067.4,0.97,56.3,7.33,34.64,9.37
25/11/2021,390.8048351,394.0615536,389.672056,392.2207947,250089,231712.6,0.96,56.7,7.33,34.89,9.43
26/11/2021,380.4683252,386.2265666,378.0612055,379.7603455,690282,224351.3,0.99,54.9,7.33,33.78,9.13
29/11/2021,383.1586559,385.9433879,378.5803808,379.2883606,535490,224072.4,1,54.8,7.33,33.74,9.12
30/11/2021,375.8900712,378.8635805,370.7454067,375.2292786,976531,221674.4,1.01,54.2,7.33,33.38,9.02
12/01/2021,377.5420376,383.3946533,373.3885331,383.3946533,413453,226498.3,0.98,55.4,7.33,34.1,9.22
12/02/2021,379.4771362,381.4122693,375.8428345,375.8428345,420272,222036.9,1,54.3,7.33,33.43,9.04
12/03/2021,379.4299707,380.8931174,375.4652725,378.4387817,434988,223570.4,1,54.7,7.33,33.66,9.1
12/06/2021,380.3739253,387.9728963,379.6659456,385.7073669,441903,227864.7,0.98,55.7,7.33,34.31,9.28
12/07/2021,388.9168823,400.9997253,388.3504927,400.9997253,556013,236898.9,0.94,57.9,7.33,35.67,9.64
12/08/2021,405.4364078,409.35389,393.2591617,394.8167114,401765,233246.1,0.96,57,7.33,35.12,9.49
12/09/2021,400.2445723,403.5956651,394.5335469,395.6191101,291417,233720.2,0.95,57.2,7.33,35.19,9.51
12/10/2021,392.9287798,398.7814242,392.2679871,397.4598389,253743,234807.6,0.95,57.4,7.33,35.36,9.56
13/12/2021,398.4037982,399.6781675,391.7959871,394.580719,277281,233106.8,0.96,57,7.33,35.1,9.49
14/12/2021,396.3270601,398.3094091,391.0408057,391.9375916,227139,231545.2,0.96,56.6,7.33,34.86,9.43
15/12/2021,392.4095881,395.7134936,390.4744262,393.9199219,295551,232716.4,0.96,56.9,7.33,35.04,9.47
16/12/2021,400.0085383,401.0469143,389.5304328,395.0054932,439199,233357.6,0.96,57.1,7.33,35.14,9.5
17/12/2021,395.0054971,395.4302676,386.5097404,389.90802,643982,230346.3,0.97,56.3,7.33,34.68,9.38
20/12/2021,381.6010827,389.1056795,377.5891975,387.9729004,314825,229203,0.97,56,7.33,34.51,9.33
21/12/2021,391.748822,391.748822,385.8489904,391.6544189,270664,231377.9,0.96,56.6,7.33,34.84,9.42
22/12/2021,391.7487967,395.5246887,389.0112808,395.5246887,258741,233664.4,0.95,57.1,7.33,35.18,9.51
23/12/2021,396.6102518,400.2445536,394.2975352,398.9701843,198277,235699.8,0.95,57.6,7.33,35.49,9.59
24/12/2021,398.3566459,400.4805854,396.8934991,398.6870422,52293,235532.6,0.95,57.6,7.33,35.46,9.59
27/12/2021,398.3565917,398.3565917,393.3063306,394.72229,156489,233190.3,0.96,57,7.33,35.11,9.49
28/12/2021,396.468643,398.450992,393.5423211,397.507019,181162,234835.5,0.95,57.4,7.33,35.36,9.56
29/12/2021,397.507057,400.1029829,395.3831177,395.3831177,217507,233580.8,0.95,57.1,7.33,35.17,9.51
30/12/2021,397.9317683,398.8757412,395.8550451,396.2798157,241904,234110.6,0.95,57.2,7.33,35.25,9.53
31/12/2021,396.0439066,397.8846657,393.5895996,393.5895996,81186,232521.1,0.96,56.9,7.33,35.01,9.47
01/03/2022,401.4245276,406.2387957,400.5749576,402.1325073,250080,237568.1,0.94,58.1,7.33,31.32,8.39
01/04/2022,405.3420039,407.7491524,400.2917426,407.22995,252750,240579.5,0.93,58.8,7.33,31.71,8.49
01/05/2022,406.4747578,406.616348,402.3212826,404.2092285,260557,238794.9,0.93,58.4,7.33,31.48,8.43
01/06/2022,397.4126548,398.5926211,389.6720642,389.8608704,427847,230318.3,0.97,56.3,7.33,30.36,8.13
01/07/2022,388.5864443,390.8047864,383.9137957,386.6040955,268239,228394.4,0.98,55.8,7.33,30.11,8.06
01/10/2022,387.406547,388.0673397,370.3206284,372.5389709,447503,220085,1.01,53.8,7.33,29.01,7.77
01/11/2022,372.963741,380.1851288,371.8781778,374.1437073,379927,221033.1,1.01,54,7.33,29.14,7.8
01/12/2022,376.4092297,378.721975,372.7277408,377.6363831,342404,223096.5,1,54.6,7.33,29.41,7.88
13/01/2022,375.9844367,375.9844367,366.4975195,367.0166931,463436,216822.7,1.03,53,7.33,28.58,7.66
14/01/2022,360.1257208,361.9192638,357.6713851,358.1433716,424867,211580.5,1.05,51.7,7.33,27.89,7.47
17/01/2022,359.0873438,365.4119748,356.9162173,363.6656189,282696,214842.9,1.04,52.5,7.33,28.32,7.59
18/01/2022,363.2408198,363.2408198,354.7922782,354.9338684,420340,209684.5,1.06,51.3,7.33,27.64,7.4
19/01/2022,350.9691359,359.7481017,349.3171832,356.1138,460176,210381.6,1.06,51.4,7.33,27.73,7.43
20/01/2022,355.3586453,359.8897042,352.6211006,359.4649048,358065,212361.4,1.05,51.9,7.33,27.99,7.5
21/01/2022,353.0458936,358.1905578,352.0547335,354.461853,531006,209405.7,1.07,51.2,7.33,27.61,7.39
24/01/2022,353.0459118,356.3026303,342.3318122,345.8245239,603615,204303.1,1.09,50,7.33,26.93,7.21
25/01/2022,349.7891818,351.7715308,344.6445462,349.128418,467461,206254.9,1.08,50.4,7.33,27.19,7.28
26/01/2022,352.6210934,354.9338387,348.8452015,351.2523499,381570,207509.6,1.07,50.7,7.33,27.36,7.33
27/01/2022,345.541298,353.8482775,341.1990454,352.1491089,494814,208039.4,1.07,50.9,7.33,27.42,7.35
28/01/2022,350.7804073,350.7804073,342.3318366,347.4765015,507725,205278.9,1.09,50.2,7.33,27.06,7.25
31/01/2022,350.3556089,356.7746433,349.8364352,355.7362671,778834,210158.6,1.06,51.4,7.33,27.7,7.42
02/01/2022,359.6065337,360.2201104,355.1226618,356.6329956,432457,210688.3,1.06,51.5,7.33,27.77,7.44
02/02/2022,357.8601973,362.3912565,355.830661,358.3321838,340645,211692.2,1.05,51.8,7.33,27.91,7.47
02/03/2022,361.5888475,363.6655996,351.3467635,351.6299438,473897,207732.7,1.07,50.8,7.33,27.38,7.34
02/04/2022,351.6771467,356.538631,346.1077115,347.1460876,456130,205083.7,1.09,50.1,7.33,27.04,7.24
02/07/2022,349.3172208,352.5739394,347.8540741,350.5444031,297497,207091.4,1.08,50.6,7.33,27.3,7.31
02/08/2022,352.2907604,354.3202967,346.8156993,348.2316589,495639,205724.9,1.08,50.3,7.33,27.12,7.26
02/09/2022,352.2907214,356.4913838,349.1284062,350.5915527,527561,207119.4,1.29,45,8.24,27.3,7.31
02/10/2022,348.70365,348.70365,336.0544165,343.6062012,643053,202992.7,1.32,44.2,8.24,26.76,7.17
02/11/2022,339.8302554,345.9188923,339.6886652,343.55896,570026,202964.8,1.32,44.1,8.24,26.76,7.17
14/02/2022,338.3199093,338.7918958,327.46422,333.316864,698944,189054.1,1.36,42.8,8.24,25.96,6.95
15/02/2022,332.7976716,339.830282,331.9009145,339.2167053,410960,192400.4,1.34,43.6,8.24,26.42,7.08
16/02/2022,336.7151896,340.585456,333.6944644,335.2520142,301249,190151.6,1.35,43.1,8.24,26.11,6.99
17/02/2022,335.9128088,338.4143316,333.6944664,336.6207886,333024,190928.1,1.35,43.3,8.24,26.22,7.02
18/02/2022,342.7094262,345.6357486,338.2727699,340.5382996,509755,193149.9,1.33,43.8,8.24,26.52,7.1
21/02/2022,340.5382617,341.6710408,325.812277,327.0394592,458698,185493.5,1.39,42,8.24,25.47,6.82
22/02/2022,321.6116303,332.1841112,320.9508376,329.2106018,500401,186725,1.38,42.3,8.24,25.64,6.87
23/02/2022,326.8034689,331.2873407,323.6411535,324.2547302,569512,183914.1,1.4,41.7,8.24,25.25,6.76
24/02/2022,313.9654211,323.5467411,310.3783064,321.5643921,1023413,182388.1,1.41,41.3,8.24,25.04,6.71
25/02/2022,325.1042734,334.9215861,320.0540124,334.1192322,697970,189509.1,1.36,42.9,8.24,26.02,6.97
28/02/2022,330.0129642,336.431969,326.3786624,335.1104126,745953,190071.3,1.35,43.1,8.24,26.1,6.99
03/01/2022,335.1104157,336.479188,323.5467464,325.4346924,577375,184583.3,1.39,41.8,8.24,25.34,6.79
03/02/2022,326.0010698,332.1840812,322.6027613,328.9745789,679253,186591.2,1.38,42.3,8.24,25.62,6.86
03/03/2022,330.2017325,333.2224576,324.8211039,326.8978271,440125,185413.3,1.39,42,8.24,25.46,6.82
03/04/2022,323.8299356,326.8506608,317.5525208,317.5525208,736673,180112.6,1.43,40.8,8.24,24.73,6.62
03/07/2022,306.7912524,327.7474664,304.4313196,322.6972046,884180,183030.7,1.4,41.5,8.24,25.13,6.73
03/08/2022,317.7413039,327.8890132,307.7823719,309.906311,877913,175775.8,1.46,39.8,8.24,24.14,6.46
03/09/2022,317.458103,336.0543823,317.458103,336.0543823,903692,190606.7,1.35,43.2,8.24,26.17,7.01
03/10/2022,333.8360596,333.9776498,317.7413308,319.8180542,782532,181397.7,1.42,41.1,8.24,24.91,6.67
03/11/2022,320.0068453,327.0394557,311.2750951,319.2516785,766924,181076.4,1.42,41,8.24,24.86,6.66
14/03/2022,321.6115815,328.5025722,315.0509583,325.9066467,545929,184851.1,1.39,41.9,8.24,25.38,6.8
15/03/2022,322.1307893,327.8418145,315.6173813,324.7267151,518097,184181.8,1.4,41.7,8.24,25.29,6.77
16/03/2022,332.2785143,344.7861572,329.6825884,339.7831116,579503,192721.6,1.33,43.7,8.24,26.46,7.09
17/03/2022,342.4262028,342.47339,335.9599821,340.6326599,413639,193203.6,1.33,43.8,8.24,26.53,7.11
18/03/2022,338.6503233,342.3790283,331.3345324,342.3790283,1024620,194193.9,1.32,44,8.24,26.66,7.14
21/03/2022,340.2550885,343.3701879,334.7328405,335.2520142,376363,190151.6,1.35,43.1,8.24,26.11,6.99
22/03/2022,335.6767937,344.2197376,335.2992103,342.9925842,464844,194542.1,1.32,44.1,8.24,26.71,7.15
23/03/2022,344.5501662,345.7773197,335.1104356,337.234375,353521,191276,1.34,43.3,8.24,26.26,7.03
24/03/2022,332.1841192,336.1960048,327.2282606,330.2961731,515424,187340.7,1.37,42.4,8.24,25.72,6.89
25/03/2022,330.8625714,336.0544234,327.7002557,329.7770081,305342,187046.3,1.37,42.4,8.24,25.68,6.88
28/03/2022,332.9392842,338.5087191,331.712102,333.7416382,358380,189295,1.36,42.9,8.24,25.99,6.96
29/03/2022,339.8302917,355.0282633,337.7063524,348.5620422,580344,197700.9,1.3,44.8,8.24,27.15,7.27
30/03/2022,347.8540524,348.514845,342.3318045,346.1076965,351046,196308.8,1.31,44.5,8.24,26.95,7.22
31/03/2022,346.1076819,352.7154926,342.8509924,343.4645691,502204,194809.8,1.32,44.1,8.24,26.75,7.16
04/01/2022,344.5973255,349.3644063,342.6621924,347.098877,349309,196871,1.31,44.6,8.24,27.03,7.24
04/04/2022,347.8540498,350.9691492,345.3997143,350.2611694,314575,198664.8,1.29,45,8.24,27.28,7.31
04/05/2022,350.4499711,355.2642391,349.8835815,353.5178833,391128,200511.9,1.28,45.4,8.24,27.53,7.37
04/06/2022,350.4027918,352.6211053,343.6533618,345.8717041,380261,196175,1.31,44.4,8.24,26.94,7.21
04/07/2022,347.7596424,351.6771245,346.0605025,346.6268921,420933,196603.3,1.31,44.5,8.24,26.99,7.23
04/08/2022,349.3172326,351.1579916,344.3141867,347.240509,327622,196951.4,1.3,44.6,8.24,27.04,7.24
04/11/2022,346.7684606,349.7891566,343.2285621,344.0309448,282264,195130.9,1.32,44.2,8.24,26.79,7.18
04/12/2022,339.8302678,344.5973197,334.4968263,341.3878174,332473,193631.8,1.33,43.9,8.24,26.59,7.12
13/04/2022,339.8303012,341.4822541,335.2520261,339.0751343,365397,192320,1.34,43.6,8.24,26.41,7.07
14/04/2022,339.9718535,344.0309545,339.499867,341.1990356,393601,193524.7,1.33,43.8,8.24,26.57,7.12
19/04/2022,337.3287753,337.942352,327.133849,331.2873535,559378,187902.9,1.37,42.6,8.24,25.8,6.91
20/04/2022,339.8302631,340.5382428,328.1250042,333.8360291,610594,189348.4,1.36,42.9,8.24,26,6.96
21/04/2022,338.2255297,342.1430409,336.2432093,340.7270813,478121,193570.4,1.33,43.8,8.24,26.54,7.11
22/04/2022,337.7535321,340.5854511,331.7121106,333.2224731,421659,189307,1.36,42.8,8.24,25.95,6.95
25/04/2022,325.6706762,328.2666019,319.3932617,322.7443542,509353,183354.3,1.4,41.5,8.24,25.13,6.73
26/04/2022,327.2754489,327.7946225,318.1188993,319.2516785,472872,181370,1.42,41,8.24,24.86,6.66
27/04/2022,332.2745186,334.0938834,320.1613468,327.0557861,438649,183166.6,1.41,41.4,8.24,25.11,6.73
28/04/2022,334.3811615,337.6368713,329.7848395,332.5617676,420100,186250.3,1.38,42.1,8.24,25.53,6.84
29/04/2022,334.8599709,339.7435214,332.2266713,334.0939026,476009,187108.2,1.38,42.3,8.24,25.65,6.87
05/02/2022,329.210295,330.455145,322.8903998,325.6673279,323385,182389.1,1.41,41.3,8.24,25,6.7
05/03/2022,325.1406593,325.8588319,312.5008393,319.3474121,511441,178849.6,1.44,40.5,8.24,24.52,6.57
05/04/2022,318.5813702,319.1080184,314.1286768,315.8044128,303432,176865.3,1.46,40,8.24,24.25,6.49
05/05/2022,323.5606731,325.2364091,312.6923225,315.2298889,458201,176543.5,1.46,39.9,8.24,24.2,6.48
05/06/2022,313.31478,313.5062751,299.2864517,302.5900574,536582,169464.6,1.52,38.3,8.24,23.23,6.22
05/09/2022,298.0895128,302.5422065,290.8120534,291.4823303,503765,163243.7,1.58,36.9,8.24,22.38,5.99
05/10/2022,296.5095259,303.2124703,292.4398811,295.8871155,513958,165710.6,1.55,37.5,8.24,22.72,6.08
05/11/2022,298.9513251,311.2081257,296.5095207,310.1069336,742734,173674.5,1.48,39.3,8.24,23.81,6.38
05/12/2022,303.2124609,311.4475124,300.2440084,309.0057373,500261,173057.7,1.49,39.1,8.24,23.72,6.35
13/05/2022,308.3354303,318.34198,306.133046,318.34198,525514,178286.4,1.44,40.3,8.24,24.44,6.55
16/05/2022,316.8577347,316.8577347,308.8142077,313.8892822,425172,175792.8,1.46,39.8,8.24,24.1,6.45
17/05/2022,311.6869213,317.5280645,311.1123774,314.3202209,336839,176034.1,1.46,39.8,8.24,24.13,6.46
18/05/2022,313.6499038,315.1820112,302.0634092,302.5900574,534259,169464.6,1.52,38.3,8.24,23.23,6.22
19/05/2022,300.0046359,300.6749421,288.7532647,295.5519714,574136,165522.9,1.56,37.4,8.24,22.69,6.08
20/05/2022,295.7434657,302.0154944,293.0144041,294.7380066,582217,165067.2,1.56,37.3,8.24,22.63,6.06
23/05/2022,300.3397671,300.8185488,293.5410608,300.2919006,367169,168177.6,1.53,38,8.24,23.05,6.18
24/05/2022,294.8337773,299.1428128,294.1156048,295.2167969,387002,165335.3,1.56,37.4,8.24,22.66,6.07
25/05/2022,297.5628407,297.5628407,288.130835,294.4028931,407082,164879.4,1.56,37.3,8.24,22.6,6.05
26/05/2022,292.7271727,299.908899,292.3441239,298.7119446,304404,167292.6,1.54,37.8,8.24,22.93,6.14
27/05/2022,301.9197487,312.883862,301.6803578,311.0166016,514283,174183.9,1.48,39.4,8.24,23.88,6.4
30/05/2022,314.4638329,324.0873631,313.3147743,317.6238098,444835,177884.2,1.45,40.2,8.24,24.39,6.53
31/05/2022,316.6662371,317.4322762,311.6390291,314.6074524,1559890,176195,1.46,39.9,8.24,24.15,6.47
06/01/2022,316.5226208,317.5759466,307.3779006,308.2875977,371794,172655.4,1.49,39.1,8.24,23.67,6.34
06/02/2022,310.6336134,320.2571447,310.6336134,317.9111023,389465,178045.1,1.45,40.3,8.24,24.41,6.54
06/03/2022,319.5867984,319.9219514,313.5062647,313.9850464,241249,175846.3,1.46,39.8,8.24,24.11,6.46
06/06/2022,316.8577651,323.5607097,316.6183742,318.9644165,314945,178635.1,1.44,40.4,8.24,24.49,6.56
06/07/2022,317.1450297,318.2940883,311.3517532,313.4584045,320351,175551.4,1.47,39.7,8.24,24.07,6.45
06/08/2022,314.6074702,314.6074702,310.3941968,313.0274963,303567,175310.1,1.47,39.7,8.24,24.03,6.44
06/09/2022,310.9208733,316.4268633,305.893665,308.6705933,441748,172870.1,1.49,39.1,8.24,23.7,6.35
06/10/2022,304.5051781,306.8033246,300.0525139,301.3930969,396290,168794.3,1.53,38.2,8.24,23.14,6.2
13/06/2022,296.7489042,298.7597933,292.5356309,295.2167969,427692,165335.3,1.56,37.4,8.24,22.66,6.07
14/06/2022,295.9828894,297.5149969,288.2744856,288.8490295,508690,161768.9,1.59,36.6,8.24,22.18,5.94
15/06/2022,292.2483908,297.3713321,289.8065863,294.4507751,455375,164906.3,1.56,37.3,8.24,22.61,6.06
16/06/2022,293.1101556,293.4453086,287.6999284,291.5301819,341818,163270.6,1.58,36.9,8.24,22.38,6
17/06/2022,292.0090173,298.0895225,291.3865776,294.5944214,995996,164986.6,1.56,37.3,8.24,22.62,6.06
20/06/2022,295.6477161,297.562843,292.3920062,295.4083252,269784,165442.5,1.56,37.4,8.24,22.68,6.07
21/06/2022,296.3180518,303.9785602,295.9828987,302.2070618,409242,169250.2,1.52,38.3,8.24,23.2,6.21
22/06/2022,298.3288897,304.5530523,297.1798311,303.4997559,417915,169974.1,1.51,38.4,8.24,23.3,6.24
23/06/2022,302.590076,312.0220827,301.7761412,309.6281738,445862,173406.3,1.48,39.2,8.24,23.77,6.37
24/06/2022,310.7772189,324.6618895,310.1548085,322.5552673,492544,180646.1,1.42,40.9,8.24,24.76,6.63
27/06/2022,326.241914,329.3539955,319.5868356,320.3528748,400531,179412.7,1.43,40.6,8.24,24.59,6.59
28/06/2022,323.0819376,324.4704164,316.8577745,316.9056702,381931,177482,1.45,40.1,8.24,24.33,6.52
29/06/2022,311.8305319,316.7141113,310.9208641,316.7141113,256259,177374.8,1.45,40.1,8.24,24.32,6.51
30/06/2022,311.1602752,315.3256531,307.569412,315.3256531,633715,176597.2,1.46,39.9,8.24,24.21,6.48
07/01/2022,313.8893098,318.0547169,311.3517723,315.4214172,295244,176650.8,1.46,40,8.24,24.22,6.49
07/04/2022,316.9056372,319.7783276,316.0917024,317.6238098,206521,177884.2,1.45,40.2,8.24,24.39,6.53
07/05/2022,318.7728795,320.8795308,312.069935,317.3844299,403458,177750.1,1.45,40.2,8.24,24.37,6.53
07/06/2022,320.6880095,333.5193545,320.30499,332.9927063,535363,186491.6,1.38,42.2,8.24,25.57,6.85
07/07/2022,334.1896402,337.3495878,328.6836504,329.3060608,495133,184426.8,1.4,41.7,8.24,25.28,6.77
07/08/2022,329.8327693,330.3594175,314.6553815,316.4268799,565041,177213.9,1.45,40.1,8.24,24.29,6.51
07/11/2022,311.2081154,316.0437991,309.3408551,315.5171509,396447,176704.4,1.46,40,8.24,24.22,6.49
07/12/2022,315.5171734,324.6140266,312.6444829,324.4703979,420484,181718.7,1.42,41.1,8.24,24.91,6.67
13/07/2022,325.8109469,327.8218359,316.9534855,321.7413025,397498,180190.3,1.43,40.8,8.24,24.7,6.62
14/07/2022,320.9274077,323.1298213,318.0547172,320.5922546,306977,179546.8,1.43,40.6,8.24,24.61,6.59
15/07/2022,323.512845,326.4334021,316.953529,325.9546204,391740,182549.8,1.41,41.3,8.24,25.02,6.7
18/07/2022,325.6194379,332.0351246,324.2788549,327.6782227,271875,183515.1,1.4,41.5,8.24,25.16,6.74
19/07/2022,323.7522306,333.7587518,321.2146931,332.4660645,342832,186196.6,1.38,42.1,8.24,25.52,6.84
20/07/2022,333.9502533,334.8120546,327.4388335,329.4975891,305120,184534.1,1.39,41.7,8.24,25.3,6.78
21/07/2022,324.9012855,332.9927088,324.9012855,332.2745361,395715,186089.3,1.38,42.1,8.24,25.51,6.83
22/07/2022,331.1254392,339.5998819,329.8327519,338.5944519,497843,189628.8,1.36,42.9,8.24,26,6.96
25/07/2022,335.6738832,339.2168799,335.3866258,338.7380981,368344,189709.3,1.36,42.9,8.24,26.01,6.97
26/07/2022,336.535674,340.9883381,335.5781106,339.887146,342194,190352.8,1.35,43.1,8.24,26.09,6.99
27/07/2022,339.8871592,342.0416769,337.0144688,340.6531982,324808,190781.8,1.35,43.2,8.24,26.15,7.01
28/07/2022,340.653196,341.1798442,334.620558,339.6477661,375944,190377.6,1.35,35.3,10.04,26.08,6.98
29/07/2022,345.6804194,357.1711812,345.5846572,352.479126,744899,197569.9,1.3,36.7,10.04,27.06,7.25
08/01/2022,351.9524526,356.3572506,348.6009804,353.5803223,314868,198187.1,1.3,36.8,10.04,27.15,7.27
08/02/2022,354.2984774,354.7772591,348.3615723,348.3615723,335689,195261.9,1.32,36.2,10.04,26.74,7.16
08/03/2022,346.4943613,348.7446414,343.5737751,346.063446,367074,193973.7,1.33,36,10.04,26.57,7.12
08/04/2022,347.0689138,352.3833797,346.4464742,350.8034058,234931,196630.6,1.31,36.5,10.04,26.93,7.21
08/05/2022,351.282169,353.1972959,341.6586384,342.951355,282226,192229.3,1.34,35.7,10.04,26.33,7.05
08/08/2022,346.2070376,348.3615553,340.270162,345.6803894,230335,193759.1,1.33,35.9,10.04,26.54,7.11
08/09/2022,346.5901179,347.4997857,342.4247109,344.0525513,256313,192846.6,1.34,35.8,10.04,26.41,7.08
08/10/2022,342.5204419,347.4518875,339.1689699,345.6803894,242490,193759.1,1.33,35.9,10.04,26.54,7.11
08/11/2022,346.8295259,347.9307182,341.3714021,345.0101318,233489,193383.4,1.33,35.9,10.04,26.49,7.09
08/12/2022,343.8131573,346.5901148,342.1374212,344.6749878,231769,193195.4,1.33,35.8,10.04,26.46,7.09
15/08/2022,346.4943325,348.2658307,344.5792057,347.882782,152900,194993.5,1.32,36.2,10.04,26.71,7.15
16/08/2022,349.702213,350.1809948,344.5792423,347.3561707,223871,194698.3,1.32,36.1,10.04,26.67,7.14
17/08/2022,347.7391743,349.79793,344.8186174,349.0318909,233239,195637.6,1.32,36.3,10.04,26.8,7.18
18/08/2022,348.0264484,350.5639857,343.5258885,348.3615723,277911,195261.9,1.32,36.2,10.04,26.74,7.16
19/08/2022,343.6216683,350.9948898,343.3343818,346.7816162,351442,194376.3,1.33,36.1,10.04,26.62,7.13
22/08/2022,344.2440594,348.7446193,342.376799,346.5422058,329078,194242.1,1.33,36,10.04,26.61,7.13
23/08/2022,343.813164,345.3452714,337.3496103,339.0732422,377617,190055.7,1.36,35.3,10.04,26.03,6.97
24/08/2022,337.2538519,347.3082679,337.1580897,345.3452454,228951,193571.1,1.33,35.9,10.04,26.51,7.1
25/08/2022,347.3561459,347.5476703,341.1798499,344.2919312,220788,192980.8,1.34,35.8,10.04,26.43,7.08
26/08/2022,348.1700872,348.5531067,336.7750876,337.7805176,344781,189331,1.36,35.1,10.04,25.93,6.95
29/08/2022,334.237512,334.4769028,329.1145709,332.1308899,193032,186164.4,1.38,34.5,10.04,25.5,6.83
30/08/2022,332.6097062,336.4399604,325.7631326,328.0612793,323499,183883.3,1.4,34.1,10.04,25.19,6.75
31/08/2022,329.210303,334.046016,324.6140101,328.6836548,611271,184232.1,1.4,34.2,10.04,25.23,6.76
09/01/2022,326.2897365,327.3909286,323.1297889,323.8479614,258663,181521.6,1.42,33.7,10.04,24.86,6.66
09/02/2022,328.3485124,330.4072681,323.1776755,330.1678772,354608,185064.1,1.39,34.3,10.04,25.35,6.79
09/05/2022,322.5073617,327.5824655,321.7891891,327.1515503,252870,183373.3,1.4,34,10.04,25.12,6.73
09/06/2022,326.9600891,331.4127538,325.140695,329.0667114,225575,184446.8,1.4,34.2,10.04,25.26,6.77
09/07/2022,326.5770278,329.3539854,322.6510408,327.4867249,227816,183561.2,1.4,34.1,10.04,25.14,6.73
09/08/2022,327.1994609,329.880627,320.5922494,327.1036987,502639,183346.6,1.41,34,10.04,25.11,6.73
09/09/2022,327.6303483,332.8490811,326.5291561,330.6466675,285388,185332.4,1.39,34.4,10.04,25.38,6.8
09/12/2022,334.2375299,338.2593084,328.5879111,337.4453735,395999,189143.1,1.36,35.1,10.04,25.91,6.94
13/09/2022,340.8447315,346.3507214,333.4236145,333.4236145,400360,186888.9,1.38,34.7,10.04,25.6,6.86
14/09/2022,329.066685,331.6042224,326.5291477,330.1678772,358657,185064.1,1.39,34.3,10.04,25.35,6.79
15/09/2022,330.3594129,333.184237,327.5345889,328.204895,462256,183963.8,1.4,34.1,10.04,25.2,6.75
16/09/2022,325.7631478,327.4867506,322.5553039,324.6619263,814401,181977.9,1.42,33.8,10.04,24.93,6.68
19/09/2022,323.2255086,323.5127952,314.0329235,318.9164734,484605,178757.5,1.44,33.2,10.04,24.48,6.56
20/09/2022,319.3953027,324.4225112,315.7087065,319.8740845,403152,179294.2,1.44,33.3,10.04,24.56,6.58
21/09/2022,316.3310965,324.9970341,315.804419,322.986145,280346,181038.6,1.42,33.6,10.04,24.8,6.64
22/09/2022,316.5704853,322.8425143,314.2244432,314.2723389,410473,176154.3,1.46,32.7,10.04,24.13,6.46
23/09/2022,314.2723579,315.4214166,309.628169,311.9741821,420951,174866.3,1.47,32.4,10.04,23.95,6.42
26/09/2022,310.7772481,318.8208055,310.6336194,314.8468933,374064,176476.4,1.46,32.7,10.04,24.17,6.47
27/09/2022,316.2353357,319.5868078,311.9263,311.9263,407291,174839.4,1.47,32.4,10.04,23.95,6.41
28/09/2022,307.2342345,311.3996413,306.1330424,311.3517456,559721,174517.3,1.48,32.4,10.04,23.9,6.4
29/09/2022,308.1918285,312.9796462,306.4203302,309.6281738,524934,173551.3,1.48,32.2,10.04,23.77,6.37
30/09/2022,311.2081131,316.235321,308.0960319,316.235321,496053,177254.6,1.45,32.9,10.04,24.28,6.5
10/03/2022,313.0753894,314.4159724,307.7608946,312.8359985,337923,175349.3,1.47,32.5,10.04,24.02,6.43
10/04/2022,317.528037,326.6248895,314.1286693,323.8479614,381048,181521.6,1.42,33.7,10.04,24.86,6.66
10/05/2022,322.0764795,324.3267595,319.6825708,321.3583069,255590,180126.2,1.43,33.4,10.04,24.67,6.61
10/06/2022,323.7522074,323.8000739,317.4801493,320.0655823,226369,179401.6,1.44,33.3,10.04,24.57,6.58
10/07/2022,317.6238247,321.1189257,314.0808281,314.2244568,366540,176127.4,1.46,32.7,10.04,24.12,6.46
10/10/2022,310.5857304,313.8414405,308.8142321,310.96875,331550,174302.6,1.48,32.3,10.04,23.87,6.39
10/11/2022,310.4421029,314.6074808,307.4736501,313.6020508,381211,175778.6,1.47,32.6,10.04,24.08,6.45
10/12/2022,314.1765833,317.1929024,311.3517593,314.655365,317440,176369.1,1.46,32.7,10.04,24.16,6.47
13/10/2022,313.8892929,313.9850551,298.1373914,306.7554626,632206,171941.1,1.5,31.9,10.04,23.55,6.31
14/10/2022,312.2135679,318.5813886,309.7239262,312.5008545,374953,175161.4,1.47,32.5,10.04,23.99,6.43
17/10/2022,314.0808191,315.9480796,308.7663535,314.5596008,283902,176315.4,1.46,32.7,10.04,24.15,6.47
18/10/2022,317.3844375,319.4431932,312.9796395,316.1395874,301546,177200.9,1.45,32.9,10.04,24.27,6.5
19/10/2022,316.6183412,318.4856016,312.1178106,313.6977844,307125,175832.4,1.47,32.6,10.04,24.08,6.45
20/10/2022,313.7935438,315.7086706,311.3517395,315.2298889,326360,176691.1,1.46,32.8,10.04,24.2,6.48
21/10/2022,303.0209634,303.5476116,295.4561888,296.9404297,790088,166439.6,1.55,30.9,10.04,22.8,6.11
24/10/2022,299.7173689,305.5106163,298.9034341,302.6858215,479322,169660,1.52,31.5,10.04,23.24,6.22
25/10/2022,302.8294379,308.0002747,291.1471523,308.0002747,521010,172638.7,1.49,32,10.04,23.65,6.33
26/10/2022,307.7609284,309.1972737,304.3615894,306.2288208,616928,171645.8,1.5,31.8,10.04,23.51,6.3
27/10/2022,306.228798,306.5639511,300.0525309,302.3506775,434040,169472.1,1.52,31.4,10.04,23.21,6.22
28/10/2022,299.8131145,301.4409548,295.5519456,300.9143066,343558,168667,1.53,31.3,10.04,23.1,6.19
31/10/2022,301.7282617,305.8936687,300.5313073,304.6009521,389057,170733.4,1.51,31.7,10.04,23.39,6.26
11/01/2022,307.6651272,308.9578437,302.7815769,304.0263977,233348,170411.4,1.51,31.6,10.04,23.34,6.25
11/02/2022,304.7445754,309.3887641,292.1047259,294.8816833,791956,165285.6,1.56,30.7,10.04,22.64,6.06
11/03/2022,291.0035211,293.9719736,287.9393357,288.226593,546024,161555.3,1.59,30,10.04,22.13,5.93
11/04/2022,295.8871135,308.0960478,292.0568596,307.7608948,679246,172504.5,1.49,32,10.04,23.63,6.33
11/07/2022,307.3300098,310.2505667,303.1167071,309.4845276,412544,173470.7,1.49,32.2,10.04,23.76,6.36
11/08/2022,308.1439143,313.7456665,305.7979014,313.7456665,355933,175859.1,1.46,32.6,10.04,24.09,6.45
11/09/2022,311.9741554,314.7989792,308.0481687,313.8892822,290632,175939.7,1.46,32.6,10.04,24.1,6.45
11/10/2022,312.3093241,326.1461281,308.8620897,324.1831055,527759,181709.5,1.42,33.7,10.04,24.89,6.67
11/11/2022,335.9132618,336.1047862,326.2897604,332.0830078,540823,186137.5,1.38,34.5,10.04,25.5,6.83
14/11/2022,334.8599607,337.8283841,330.7903159,331.7957458,448843,185976.5,1.39,34.5,10.04,25.47,6.82
15/11/2022,333.2321035,335.0036018,326.9121784,328.204895,340391,183963.8,1.4,34.1,10.04,25.2,6.75
16/11/2022,329.7370191,331.1254688,327.6782633,330.8860779,431817,185466.6,1.39,34.4,10.04,25.4,6.8
17/11/2022,331.9393596,332.8490566,327.5824577,331.8435974,299403,186003.3,1.39,34.5,10.04,25.48,6.82
18/11/2022,332.4181534,335.4823682,329.7369873,333.3278503,448252,186835.3,1.38,34.7,10.04,25.59,6.85
21/11/2022,331.5084727,333.7108569,330.119994,333.4714661,350681,186915.8,1.38,34.7,10.04,25.6,6.86
22/11/2022,331.6042374,332.8011918,324.422511,330.1200256,364560,185037.3,1.39,34.3,10.04,25.34,6.79
23/11/2022,330.6466546,334.5248042,326.9600586,334.1417847,256272,187291.4,1.38,34.7,10.04,25.65,6.87
24/11/2022,335.1472384,336.9187368,332.7054631,336.3920593,205071,188552.8,1.37,35,10.04,25.83,6.92
25/11/2022,336.1047693,337.3495901,333.902385,335.3865967,214758,187989.2,1.37,34.9,10.04,25.75,6.9
28/11/2022,334.333298,338.8817247,332.4660666,337.732666,281961,189304.2,1.36,35.1,10.04,25.93,6.95
29/11/2022,339.695662,341.5629226,332.2266782,332.7533264,271292,186513.2,1.38,34.6,10.04,25.55,6.84
30/11/2022,334.1896735,341.0841426,332.8490904,339.7435303,654038,190431.4,1.35,35.3,10.04,26.08,6.99
12/01/2022,344.483482,349.3191662,340.6532279,343.1907654,386053,192363.5,1.34,35.7,10.04,26.35,7.06
12/02/2022,342.9035026,347.3561671,341.2756329,345.44104,385104,193624.9,1.33,35.9,10.04,26.52,7.1
12/05/2022,344.9143695,346.302819,339.5041126,341.6586304,251962,191504.8,1.35,35.5,10.04,26.23,7.03
12/06/2022,341.7065182,344.3876841,340.5095639,343.7174072,320322,192658.8,1.34,35.7,10.04,26.39,7.07
12/07/2022,340.6532107,343.5259012,339.7914094,341.3235168,326048,191316.9,1.35,35.5,10.04,26.2,7.02
12/08/2022,342.7119563,343.0471093,337.6368816,339.9350281,313622,190538.7,1.35,35.4,10.04,26.1,6.99
12/09/2022,341.7065263,342.8077185,338.259292,339.9350281,301800,190538.7,1.35,35.4,10.04,26.1,6.99
12/12/2022,332.7533035,338.3071599,330.3593949,334.8599548,366702,187154.6,1.37,34.8,10.04,25.71,6.89
13/12/2022,336.2005543,345.9198181,331.0775837,339.26474,471246,189616.6,1.35,35.3,10.04,26.05,6.98
14/12/2022,338.6902158,342.7119649,335.6738674,340.4138184,375728,190258.8,1.35,35.4,10.04,26.13,7
15/12/2022,338.0199204,338.7380931,323.4649433,324.7576599,535983,181508.4,1.42,33.8,10.04,24.93,6.68
16/12/2022,323.6085738,325.5237007,319.0122518,321.5019226,640133,179688.8,1.43,33.4,10.04,24.68,6.61
19/12/2022,322.3637419,322.6510285,319.443185,320.8316345,257756,179314.3,1.43,33.4,10.04,24.63,6.6
20/12/2022,319.0601559,321.0231493,315.9959412,315.9959412,274869,176611.5,1.45,32.9,10.04,24.26,6.5
21/12/2022,317.3844101,326.76852,317.2886479,325.6673279,374515,182016.9,1.41,33.9,10.04,25,6.7
22/12/2022,325.3800716,328.1570291,319.2516709,320.496521,238499,179126.9,1.43,33.3,10.04,24.61,6.59
23/12/2022,321.0710257,321.7413318,316.5704948,319.1080322,151004,178350.9,1.44,33.2,10.04,24.5,6.56
27/12/2022,321.9328245,323.7521891,320.0176977,322.4594727,138624,180224,1.43,33.5,10.04,24.76,6.63
28/12/2022,323.8958403,324.8055372,321.0231499,321.1667786,146242,179501.5,1.43,33.4,10.04,24.66,6.6
29/12/2022,320.0177162,325.4758103,318.1983223,324.3267517,178763,181267.6,1.42,33.7,10.04,24.9,6.67
30/12/2022,322.3158667,323.9916027,318.6292415,319.4431763,195837,178538.3,1.44,33.2,10.04,24.52,6.57
01/02/2023,321.8849502,323.8000772,320.113452,322.7946472,182912,180411.4,1.42,33.6,10.04,22.56,6.2
01/03/2023,321.3104279,327.9176395,320.6401509,324.0394897,317275,181107,1.42,33.7,10.04,22.65,6.22
01/04/2023,327.9654888,342.0416835,327.3909449,341.0362244,459088,190606.6,1.35,35.5,10.04,23.84,6.55
01/05/2023,339.0732253,343.9089091,335.7217532,339.0253296,343397,189482.8,1.36,35.3,10.04,23.7,6.51
01/06/2023,338.9774955,343.3822937,335.6260231,343.3822937,298828,191917.9,1.34,35.7,10.04,24,6.6
01/09/2023,343.7652697,351.6173014,341.4192276,350.324585,419498,195798,1.31,36.4,10.04,24.49,6.73
01/10/2023,350.4203826,351.4258126,346.3986041,348.8882751,239838,194995.2,1.32,36.3,10.04,24.39,6.7
01/11/2023,347.0209959,356.2614776,346.6379764,352.0960999,353057,196788,1.31,36.6,10.04,24.61,6.76
01/12/2023,350.7554622,354.6336115,350.0372897,351.569397,328685,196493.6,1.31,36.6,10.04,24.57,6.75
13/01/2023,352.3833707,358.9426865,351.665198,358.0329895,419427,200106.2,1.28,37.2,10.04,25.03,6.88
16/01/2023,359.0863003,363.1559451,358.0329747,361.4323425,277250,202006.1,1.27,37.6,10.04,25.26,6.94
17/01/2023,359.3735528,371.9176399,358.9426668,370.5770569,493125,207117.2,1.24,38.5,10.04,25.9,7.12
18/01/2023,369.6194966,370.4334314,362.9165523,367.3213501,345363,205297.6,1.25,38.2,10.04,25.68,7.06
19/01/2023,363.2517385,369.1407485,357.6978524,360.6184387,489218,201551.3,1.27,37.5,10.04,25.21,6.93
20/01/2023,362.581405,364.6401607,358.4638938,364.2571411,421178,203584.9,1.26,37.9,10.04,25.46,7
23/01/2023,365.5977383,368.0395428,362.9165721,366.7468262,209879,204976.4,1.25,38.1,10.04,25.63,7.04
24/01/2023,366.6989611,367.5607624,361.384466,363.3953552,267987,203103.3,1.26,37.8,10.04,25.4,6.98
25/01/2023,364.3529028,365.5498572,359.9002385,365.0710754,223184,204039.8,1.26,38,10.04,25.52,7.01
26/01/2023,368.6619614,371.1994989,366.0286617,368.9492188,295740,206207.4,1.25,38.4,10.04,25.79,7.09
27/01/2023,368.5661902,369.2364964,361.3844639,362.3899231,411057,202541.3,1.27,37.7,10.04,25.33,6.96
30/01/2023,361.7196321,364.8317136,358.4160262,364.1614075,362825,203531.4,1.26,37.9,10.04,25.45,6.99
31/01/2023,362.6292755,364.1613536,359.5650609,362.0068359,414236,202327.3,1.27,37.6,10.04,25.3,6.95
02/01/2023,360.2354081,361.9111442,354.5857599,356.5966492,362902,199303.4,1.29,37.1,10.04,24.93,6.85
02/02/2023,359.2299122,363.0601659,348.7446103,361.3844299,567734,201979.3,1.27,37.6,10.04,25.26,6.94
02/03/2023,359.5650931,368.0874023,358.0329856,368.0874023,535365,205725.6,1.25,38.3,10.04,25.73,7.07
02/06/2023,364.4007818,367.4171302,363.5868761,365.741394,314317,204414.4,1.26,38,10.04,25.56,7.02
02/07/2023,364.4965483,365.4541118,358.8947959,360.8578186,253993,201685.1,1.27,37.5,10.04,25.22,6.93
02/08/2023,363.6825876,365.9328675,358.7032752,359.4214478,272206,200882.3,1.28,37.4,10.04,25.12,6.9
02/09/2023,361.5280971,364.0177681,358.846931,362.6771851,328823,202701.9,1.27,35.6,10.65,25.35,6.97
02/10/2023,365.310446,368.0873741,349.1754965,359.6608276,587538,201016.1,1.28,35.3,10.65,25.14,6.91
13/02/2023,363.8741418,373.114624,361.480233,373.114624,379984,208535.4,1.23,36.6,10.65,26.08,7.17
14/02/2023,372.5400785,376.89701,370.1461696,371.2952576,351390,207518.5,1.24,36.4,10.65,25.95,7.13
15/02/2023,369.9546369,376.6096852,369.4758552,373.4497375,321078,208722.7,1.23,36.6,10.65,26.1,7.17
16/02/2023,375.2212634,376.1788269,372.4443351,374.9818726,323274,209579.1,1.23,36.8,10.65,26.21,7.2
17/02/2023,372.8273264,372.9709551,365.3583142,368.2789001,390517,205832.8,1.25,36.1,10.65,25.74,7.07
20/02/2023,369.2365086,369.523766,363.9220134,364.783844,196870,203879.3,1.26,35.8,10.65,25.5,7.01
21/02/2023,362.9165452,369.4758606,360.1874835,369.4758606,349708,206501.8,1.24,36.2,10.65,25.83,7.1
22/02/2023,368.6140659,371.055841,365.8850042,369.8588867,276250,206715.8,1.24,36.3,10.65,25.85,7.1
23/02/2023,369.140728,372.7315911,368.0874023,368.0874023,235935,205725.6,1.25,36.1,10.65,25.73,7.07
24/02/2023,369.1885983,371.4388784,355.4954519,357.1233215,745856,199597.8,1.29,35,10.65,24.96,6.86
27/02/2023,359.9960104,365.0232188,359.3735708,362.1983948,254989,202434.3,1.27,35.5,10.65,25.32,6.96
28/02/2023,361.336555,362.4856136,358.4638648,359.1820374,447270,200748.5,1.28,35.2,10.65,25.11,6.9
03/01/2023,358.8468919,367.3692005,355.5911822,356.2135925,351234,199089.4,1.29,34.9,10.65,24.9,6.84
03/02/2023,354.633621,362.4377571,352.4312076,362.2941284,405988,202487.8,1.27,35.5,10.65,25.32,6.96
03/03/2023,362.294154,366.124408,362.0068674,363.7304993,336912,203290.6,1.26,35.7,10.65,25.42,6.99
03/06/2023,365.6456292,366.2680397,360.9535739,362.1983948,285278,202434.3,1.27,35.5,10.65,25.32,6.96
03/07/2023,360.4747881,365.0710811,359.9002441,361.0971985,270848,201818.9,1.27,35.4,10.65,25.24,6.94
03/08/2023,359.1820564,360.7620303,356.7881478,360.2353821,266639,201337.1,1.28,35.3,10.65,25.18,6.92
03/09/2023,359.5650545,361.2886569,356.9796216,359.9002075,234147,201149.9,1.28,35.3,10.65,25.16,6.91
03/10/2023,354.7772775,361.2886976,353.7239518,357.9372253,399713,200052.7,1.28,35.1,10.65,25.02,6.87
13/03/2023,358.9426753,362.4377762,352.9579036,357.3627014,532236,199731.6,1.29,35,10.65,24.98,6.86
14/03/2023,358.6554025,363.7305067,357.0275621,361.5759888,364177,202086.4,1.27,35.5,10.65,25.27,6.94
15/03/2023,360.3311349,360.7620502,350.2767181,355.3996887,539063,198634.4,1.29,34.9,10.65,24.84,6.83
16/03/2023,359.1820626,370.4812998,356.5966295,367.4171143,575075,205351,1.25,36,10.65,25.68,7.06
17/03/2023,369.9546377,371.5346115,361.9111107,364.1134949,856311,203504.6,1.26,35.7,10.65,25.45,6.99
20/03/2023,364.1135182,372.9231141,363.3953456,370.5292053,438737,207090.4,1.24,36.3,10.65,25.9,7.12
21/03/2023,371.9176467,373.5933828,368.183155,369.2364807,267671,206367.9,1.24,36.2,10.65,25.81,7.09
22/03/2023,369.2843343,377.9981674,369.1885721,377.0884705,283301,210756.4,1.22,37,10.65,26.36,7.24
23/03/2023,376.3703007,380.6314697,374.1679165,380.6314697,329687,212736.6,1.21,37.3,10.65,26.61,7.31
24/03/2023,379.6738999,382.7859811,377.8066396,381.1581116,371204,213031,1.21,37.4,10.65,26.64,7.32
27/03/2023,381.1581561,385.5150877,380.8230322,383.6478271,336888,214422.4,1.2,37.6,10.65,26.82,7.37
28/03/2023,384.9405159,385.4192976,379.195135,381.2060242,247661,213057.8,1.21,37.4,10.65,26.65,7.32
29/03/2023,384.1265711,387.5738054,383.4083985,385.8023071,319026,215626.6,1.19,37.8,10.65,26.97,7.41
30/03/2023,386.7120338,389.3932,383.3126658,388.3398743,301773,217044.9,1.18,38.1,10.65,27.14,7.46
31/03/2023,388.9143941,396.0003579,388.6750033,393.7979736,447123,220095.4,1.17,38.6,10.65,27.53,7.56
04/03/2023,392.0264565,397.8675991,391.6913034,397.8197327,331611,222343.2,1.16,39,10.65,27.81,7.64
04/04/2023,398.154879,403.0863542,396.4791429,402.5118103,369327,224965.7,1.14,39.5,10.65,28.13,7.73
04/05/2023,401.9851445,406.1505516,400.6445615,405.7196655,439067,226758.4,1.13,39.8,10.65,28.36,7.79
04/06/2023,404.3790339,404.5705583,391.7392139,392.6967773,444576,219480,1.17,38.5,10.65,27.45,7.54
04/11/2023,394.5161251,399.4475708,394.180972,399.4475708,371771,223253,1.15,39.2,10.65,27.92,7.67
04/12/2023,393.7501222,398.6815684,393.1276826,394.65979,292566,220577,1.16,38.7,10.65,27.59,7.58
13/04/2023,399.2561184,406.1026917,398.9688318,406.1026917,344275,226972.6,1.13,39.8,10.65,28.39,7.8
14/04/2023,406.3420688,407.1081079,400.8839453,402.7990723,316016,225126.1,1.14,39.5,10.65,28.15,7.74
17/04/2023,403.517257,407.5869019,403.2778661,405.1929932,297874,226464.1,1.13,39.7,10.65,28.32,7.78
18/04/2023,405.0493381,407.3953803,401.9851234,406.2941589,317358,227079.6,1.13,39.8,10.65,28.4,7.8
19/04/2023,407.8262625,410.028676,403.5651228,404.3790283,302952,226009.3,1.14,39.7,10.65,28.27,7.77
20/04/2023,407.9220117,411.3213501,404.2353867,411.3213501,392937,229889.4,1.12,40.3,10.65,28.75,7.9
21/04/2023,410.6510988,423.8175964,410.1244213,423.8175964,441451,237217.3,1.08,41.6,10.65,29.62,8.14
24/04/2023,418.6946255,421.3757915,416.9231273,418.646759,311939,234322.9,1.1,41.1,10.65,29.26,8.04
25/04/2023,418.8861587,419.3649404,413.7152925,414.0504456,441191,231750.3,1.11,40.6,10.65,28.94,7.95
26/04/2023,411.9141735,419.7310145,411.0887856,415.3128052,403374,229231.3,1.12,40.2,10.65,28.63,7.87
27/04/2023,419.793895,427.1802979,419.3506988,427.1802979,336323,232473.9,1.11,40.7,10.65,29.03,7.98
28/04/2023,428.4113554,429.6916531,422.7484467,426.1954346,349209,231937.9,1.11,40.6,10.65,28.96,7.96
05/02/2023,424.2257385,427.5250045,420.9757333,424.2257385,295223,230866,1.11,40.5,10.65,28.83,7.92
05/03/2023,427.4757303,433.3356217,419.3014567,422.2067871,413986,229767.3,1.12,40.3,10.65,28.69,7.88
05/04/2023,416.4946067,417.6271824,410.0438273,414.8203735,476401,225747.6,1.14,39.6,10.65,28.19,7.75
05/05/2023,417.5779525,419.8431039,412.1612574,418.0211487,301626,227489.4,1.13,39.9,10.65,28.41,7.81
05/08/2023,418.2181256,421.8128357,417.9226815,421.8128357,185770,229552.9,1.12,40.2,10.65,28.67,7.88
05/09/2023,421.8128251,422.1082992,414.4264224,416.2976685,272298,226551.5,1.14,39.7,10.65,28.29,7.77
05/10/2023,415.7067586,416.0022027,408.3203558,410.8809814,300318,223603.8,1.15,39.2,10.65,27.92,7.67
05/11/2023,411.6196229,418.2181247,411.4718708,417.2825317,248537,227087.4,1.13,39.8,10.65,28.36,7.79
05/12/2023,419.596901,421.5173777,412.7521859,414.7218933,263059,225694.1,1.14,39.5,10.65,28.19,7.74
15/05/2023,416.5930981,419.5476591,414.7218822,414.8203735,215895,225747.6,1.14,39.6,10.65,28.19,7.75
16/05/2023,412.2104894,413.983244,408.5172881,413.195343,267812,224863.3,1.14,39.4,10.65,28.08,7.72
17/05/2023,413.3923236,414.1309639,408.4680553,409.2066956,261732,222692.6,1.16,39,10.65,27.81,7.64
18/05/2023,410.8317125,413.884765,409.7976282,410.6839905,164435,223496.5,1.15,39.2,10.65,27.91,7.67
19/05/2023,413.4415703,416.5931141,411.6688456,415.214325,266194,225962.1,1.14,39.6,10.65,28.22,7.75
22/05/2023,412.9983889,416.0514413,411.7673218,412.4074707,261777,224434.5,1.15,39.3,10.65,28.03,7.7
23/05/2023,411.4718682,412.3089999,406.350647,406.350647,242752,221138.3,1.16,38.7,10.65,27.62,7.59
24/05/2023,402.4604535,402.4604535,394.1384579,397.8808899,428017,216529,1.19,37.9,10.65,27.04,7.43
25/05/2023,397.38847,401.0324407,394.3354175,400.4907532,235784,217949.3,1.18,38.2,10.65,27.22,7.48
26/05/2023,398.2748314,406.9907927,397.5854518,404.7748718,261028,220280.8,1.17,38.6,10.65,27.51,7.56
29/05/2023,406.3506284,406.7445639,401.278638,401.9680176,139334,218753.2,1.18,38.3,10.65,27.32,7.51
30/05/2023,403.7900203,404.3316779,395.9604213,398.0778809,289888,216636.2,1.19,38,10.65,27.05,7.43
31/05/2023,393.8429969,399.4566751,390.7899443,392.9566345,733530,213849.3,1.2,37.5,10.65,26.71,7.34
06/01/2023,396.5513371,397.4869602,389.066443,394.0892029,268321,214465.5,1.2,37.6,10.65,26.78,7.36
06/02/2023,396.403609,402.7066666,395.6157381,401.6233215,305576,218565.7,1.18,38.3,10.65,27.29,7.5
06/05/2023,401.1308988,402.2635046,398.6195339,398.914978,185219,217091.8,1.19,38,10.65,27.11,7.45
06/06/2023,399.3089462,402.9528868,397.142256,397.289978,240055,216207.4,1.19,37.9,10.65,27,7.42
06/07/2023,397.3884658,399.6043866,394.3846741,394.3846741,307945,214626.3,1.2,37.6,10.65,26.8,7.36
06/08/2023,390.9869166,396.7975474,389.8050802,396.2558899,247944,215644.8,1.19,37.8,10.65,26.93,7.4
06/09/2023,395.9604022,397.3392214,392.0209876,396.1081543,226778,215564.3,1.19,37.8,10.65,26.92,7.4
06/12/2023,398.718007,401.6725679,397.2407265,398.2748108,249616,216743.3,1.19,38,10.65,27.07,7.44
13/06/2023,399.7028856,403.1006129,395.9111928,400.1953125,301574,217788.6,1.18,38.2,10.65,27.2,7.47
14/06/2023,401.1308885,407.1385019,400.5400004,405.9566956,353612,220923.9,1.16,38.7,10.65,27.59,7.58
15/06/2023,404.2331965,404.6763626,400.736948,403.5930176,302365,219637.6,1.17,38.5,10.65,27.43,7.54
16/06/2023,404.1347062,410.7332077,403.7900014,408.6650391,1194098,222397.8,1.16,39,10.65,27.77,7.63
19/06/2023,407.1877651,409.6006385,404.9225836,406.2029114,216681,221057.9,1.16,38.7,10.65,27.61,7.59
20/06/2023,404.7748716,408.6650558,401.4756057,406.6460876,244686,221299,1.16,38.8,10.65,27.64,7.59
21/06/2023,404.9718505,406.6460838,400.5892396,401.8695374,189980,218699.7,1.18,38.3,10.65,27.31,7.5
22/06/2023,399.6043691,400.1460266,394.5323788,400.1460266,236297,217761.8,1.18,38.2,10.65,27.19,7.47
23/06/2023,398.9642396,401.3771131,396.7483187,400.2445374,241006,217815.3,1.18,38.2,10.65,27.2,7.47
26/06/2023,400.3922606,400.3922606,395.3202701,397.831665,316043,216502.2,1.19,37.9,10.65,27.04,7.43
27/06/2023,397.4869551,401.6233225,396.9452675,401.081665,223041,218270.9,1.18,38.2,10.65,27.26,7.49
28/06/2023,403.7900211,409.0589945,403.5930383,408.2218628,281323,222156.6,1.16,38.9,10.65,27.74,7.62
29/06/2023,410.7332228,417.577968,410.5855007,413.3431091,315987,224943.6,1.14,39.4,10.65,28.09,7.72
30/06/2023,413.5893142,422.3052452,412.8014132,420.631012,507481,228909.8,1.12,40.1,10.65,28.59,7.86
07/03/2023,421.3203938,421.3696545,415.4605324,417.1347656,199243,227007.1,1.13,39.8,10.65,28.35,7.79
07/04/2023,417.0855456,419.055253,416.8393321,417.5779724,129556,227248.3,1.13,39.8,10.65,28.38,7.8
07/05/2023,414.0324962,417.9226804,413.7370521,415.4112854,292537,226069.2,1.14,39.6,10.65,28.23,7.76
07/06/2023,414.032481,414.032481,400.4907429,401.9187927,396571,218726.6,1.18,38.3,10.65,27.31,7.51
07/07/2023,401.327877,402.4604527,395.5172462,396.5513306,314088,215805.4,1.19,37.8,10.65,26.95,7.41
07/10/2023,396.0588991,401.0324282,394.4338965,399.8013611,185568,217574.1,1.18,38.1,10.65,27.17,7.47
07/11/2023,402.1650211,406.3506494,401.081676,402.8544006,201162,219235.7,1.17,38.4,10.65,27.38,7.52
07/12/2023,404.0362322,409.5514189,402.2142468,407.975647,279475,222022.6,1.16,38.9,10.65,27.73,7.62
13/07/2023,410.3392841,414.1309768,409.6006438,411.767334,241879,224086.1,1.15,39.3,10.65,27.98,7.69
14/07/2023,410.4377785,416.0021959,410.4377785,415.214325,193179,225962.1,1.14,39.6,10.65,28.22,7.75
17/07/2023,413.1461324,413.4415765,403.5438087,407.6802063,199336,221861.8,1.16,38.9,10.65,27.71,7.61
18/07/2023,403.1990929,406.0551626,399.1119561,402.1650085,222051,218860.5,1.18,38.3,10.65,27.33,7.51
19/07/2023,403.7899971,405.2672776,397.7331532,400.1460266,238050,217761.8,1.18,38.2,10.65,27.19,7.47
20/07/2023,396.108167,397.7824003,391.1838986,394.9263306,461716,214921.1,1.2,37.7,10.65,26.84,7.38
21/07/2023,397.1914697,405.6119865,393.6460205,404.9225769,288667,220361.1,1.17,38.6,10.65,27.52,7.56
24/07/2023,402.7559195,403.9869866,397.5854378,401.4263611,210888,218458.6,1.18,38.3,10.65,27.28,7.5
25/07/2023,405.7597217,409.0097269,400.9831753,403.7407837,286702,219718,1.17,38.5,10.65,27.44,7.54
26/07/2023,404.0854485,405.2672849,395.4187482,400.8846741,338555,218175.7,1.18,38.2,10.65,27.24,7.49
27/07/2023,403.7407849,409.6499071,402.312735,406.3998718,375624,221177.1,1.16,37.8,10.91,27.62,7.59
28/07/2023,406.3998653,417.2332558,400.7369566,414.4756775,457258,225572.4,1.14,38.6,10.91,28.17,7.74
31/07/2023,414.3771965,419.9908746,410.6839951,416.7901001,359489,226831.9,1.13,38.8,10.91,28.33,7.78
08/01/2023,418.5628043,419.7938714,409.0097118,409.7483521,282641,222999.6,1.15,38.1,10.91,27.85,7.65
08/02/2023,403.4453173,414.1309861,402.1157588,407.6802063,402215,221873.9,1.16,38,10.91,27.71,7.61
08/03/2023,406.2029143,407.187768,401.6233206,405.9074402,346221,220909.1,1.16,37.8,10.91,27.59,7.58
08/04/2023,407.9756424,407.9756424,401.5248627,405.6119995,314478,220748.4,1.17,37.8,10.91,27.57,7.57
08/07/2023,403.6915139,404.1347101,398.4225408,402.2142334,159138,218899.2,1.18,37.4,10.91,27.33,7.51
08/08/2023,401.2786534,403.3468221,397.5361912,399.1611938,227851,217237.7,1.18,37.2,10.91,27.13,7.45
08/09/2023,404.1347068,405.0702997,399.6536046,400.6384583,143188,218041.6,1.18,37.3,10.91,27.23,7.48
08/10/2023,403.543809,413.5400682,402.9036601,412.7521973,289368,224634.4,1.15,38.4,10.91,28.05,7.71
08/11/2023,410.6840003,412.0135588,404.4301732,406.0551758,215153,220989.6,1.16,37.8,10.91,27.6,7.58
14/08/2023,406.3013652,409.5021396,405.562725,409.2066956,154171,222704.8,1.16,38.1,10.91,27.81,7.64
15/08/2023,410.9794448,410.9794448,398.6687734,402.3127441,217765,218952.8,1.18,37.5,10.91,27.34,7.51
16/08/2023,401.7710794,407.2370055,401.4756053,401.5740967,242025,218550.8,1.18,37.4,10.91,27.29,7.5
17/08/2023,399.2104475,402.3127306,395.6157376,396.5513306,251859,215817.2,1.19,36.9,10.91,26.95,7.41
18/08/2023,394.7786185,395.0740626,387.5891684,392.1687622,465703,213432.1,1.21,36.5,10.91,26.65,7.32
21/08/2023,391.6270664,396.9945311,390.6422127,391.9717712,189384,213324.9,1.21,36.5,10.91,26.64,7.32
22/08/2023,393.6460425,396.0096855,390.2975159,390.2975159,246063,212413.8,1.21,36.3,10.91,26.53,7.29
23/08/2023,392.9566198,397.7823968,392.4149623,395.2217712,197530,215093.7,1.2,36.8,10.91,26.86,7.38
24/08/2023,398.816527,401.7710882,393.3505708,394.2861938,219191,214584.6,1.2,36.7,10.91,26.8,7.36
25/08/2023,393.9414874,398.8165254,393.2028472,395.3695374,170673,215174,1.2,36.8,10.91,26.87,7.38
28/08/2023,397.3392197,400.6384554,395.8126785,399.0627136,187706,217184,1.18,37.2,10.91,27.12,7.45
29/08/2023,400.1953026,403.7900125,398.8657441,402.9528809,209498,219301.2,1.17,37.5,10.91,27.39,7.52
30/08/2023,403.7899974,405.1195558,398.6195157,403.8884888,175016,219810.4,1.17,37.6,10.91,27.45,7.54
31/08/2023,404.3809414,404.8733682,399.5551642,399.6536255,455701,217505.6,1.18,37.2,10.91,27.16,7.46
09/01/2023,397.8808772,402.7559148,396.206614,399.0627136,188875,217184,1.18,37.2,10.91,27.12,7.45
09/04/2023,404.7748518,405.1687873,398.4717944,399.6043701,132023,217478.9,1.18,37.2,10.91,27.16,7.46
09/05/2023,395.9603997,399.2596654,390.5929653,397.7331543,246727,216460.5,1.19,37,10.91,27.03,7.43
09/06/2023,395.8127029,397.0930308,391.4301219,392.1687622,274753,213432.1,1.21,36.5,10.91,26.65,7.32
09/07/2023,390.3959848,395.2710225,386.4565702,392.3656921,322334,213539.3,1.2,36.5,10.91,26.67,7.33
09/08/2023,394.5323957,398.7672546,390.8391944,398.1271057,279290,216674.9,1.19,37.1,10.91,27.06,7.43
09/11/2023,399.1611994,402.8051702,397.5361968,400.9831848,281110,218229.1,1.18,37.3,10.91,27.25,7.49
09/12/2023,394.9263272,399.5058908,394.2369176,395.2217712,317656,215093.7,1.2,36.8,10.91,26.86,7.38
13/09/2023,390.8391907,394.8278361,388.4262872,391.4793396,332411,213056.9,1.21,36.4,10.91,26.61,7.31
14/09/2023,393.3998289,396.7975562,382.6648993,395.9111938,526549,215468.9,1.19,36.9,10.91,26.91,7.39
15/09/2023,401.8203012,406.9415523,401.2786437,403.7900085,874929,219756.8,1.17,37.6,10.91,27.44,7.54
18/09/2023,401.1308804,404.0362107,396.3543642,398.2748108,279965,216755.2,1.19,37.1,10.91,27.07,7.44
19/09/2023,396.2559013,399.5059066,392.2672257,394.2861938,296886,214584.6,1.2,36.7,10.91,26.8,7.36
20/09/2023,396.1081619,404.5778795,394.8770948,403.7900085,336553,219756.8,1.17,37.6,10.91,27.44,7.54
21/09/2023,397.9793768,398.3240816,392.7104036,393.6460266,392573,214236.1,1.2,36.6,10.91,26.75,7.35
22/09/2023,387.9338564,393.6952564,386.1118711,392.3164673,378263,213512.5,1.2,36.5,10.91,26.66,7.33
25/09/2023,390.9376856,392.5626882,381.975511,385.5702209,372206,209840.9,1.23,35.9,10.91,26.2,7.2
26/09/2023,382.1232194,385.5702072,380.00579,381.6800232,476929,207723.8,1.24,35.5,10.91,25.94,7.13
27/09/2023,382.2709458,387.3921969,380.2520078,380.842926,345453,207268.1,1.24,35.5,10.91,25.88,7.11
28/09/2023,381.6307885,385.9149079,379.8088032,384.3883667,299325,209197.8,1.23,35.8,10.91,26.12,7.18
29/09/2023,389.4603971,393.055107,387.2444763,387.2444763,350732,210752.1,1.22,36.1,10.91,26.32,7.23
10/02/2023,388.7709923,392.0209974,385.3732351,387.736908,244420,211020.1,1.22,36.1,10.91,26.35,7.24
10/03/2023,388.2293291,390.3467585,384.2899144,385.914917,275213,210028.6,1.22,35.9,10.91,26.23,7.21
10/04/2023,384.6345969,388.5740117,383.1080857,386.1118774,294094,210135.8,1.22,35.9,10.91,26.24,7.21
10/05/2023,387.1459793,388.7217511,384.6838451,385.4224854,222606,209760.6,1.23,35.9,10.91,26.19,7.2
10/06/2023,385.668714,389.3619153,382.9111056,388.2293396,273660,211288.1,1.22,36.1,10.91,26.38,7.25
10/09/2023,383.9451998,384.4376266,378.9224402,381.1875916,346160,207455.8,1.24,35.5,10.91,25.91,7.12
10/10/2023,384.5361355,392.8089005,384.5361355,391.7255554,311697,213190.9,1.21,36.5,10.91,26.62,7.32
10/11/2023,380.1535096,391.9225227,379.5133607,390.789917,399308,212683.6,1.21,36.4,10.91,26.56,7.3
10/12/2023,393.8429779,394.5816182,385.3732303,387.2444763,271454,210754,1.22,36.1,10.91,26.32,7.23
13/10/2023,385.0778017,385.964164,377.7406295,378.8239746,503840,206171.2,1.25,35.3,10.91,25.75,7.07
16/10/2023,381.187595,382.7633668,377.1004583,380.8921509,268994,207296.9,1.24,35.5,10.91,25.89,7.11
17/10/2023,380.1535289,382.1232363,377.8883775,381.5323181,236666,207645.2,1.24,35.5,10.91,25.93,7.12
18/10/2023,381.8770185,384.1914307,376.6573059,377.2974548,417185,205340.5,1.25,35.1,10.91,25.64,7.05
19/10/2023,375.4754568,381.9262362,372.2746824,380.3504944,329866,207002,1.24,35.4,10.91,25.85,7.1
20/10/2023,367.5473944,379.5133602,366.365558,374.4906006,608852,203812.8,1.26,34.9,10.91,25.45,6.99
23/10/2023,377.2974602,381.0398923,374.8845566,380.9906616,326156,207350.4,1.24,35.5,10.91,25.89,7.11
24/10/2023,382.8618558,389.2634045,382.221707,388.1308289,340150,211236.4,1.22,36.1,10.91,26.38,7.25
25/10/2023,386.4073414,394.8278282,384.0929292,393.153595,288025,213970,1.2,36.6,10.91,26.72,7.34
26/10/2023,387.8353698,392.4149635,386.1611366,387.1952209,270980,210727.2,1.22,36,10.91,26.31,7.23
27/10/2023,385.964141,387.3921908,382.7633666,384.6345825,223229,209333.7,1.23,35.8,10.91,26.14,7.18
30/10/2023,385.1762845,387.3922053,382.8618723,386.1118774,228943,210137.6,1.22,35.9,10.91,26.24,7.21
31/10/2023,387.0474972,393.5967682,386.5058397,390.1497803,330802,212335.2,1.21,36.3,10.91,26.52,7.29
11/01/2023,392.2672057,392.7596325,383.8959495,390.986908,352867,212790.8,1.21,36.4,10.91,26.57,7.3
11/02/2023,393.5967632,400.2445255,392.1194827,397.1422424,305671,216140.8,1.19,37,10.91,26.99,7.42
11/03/2023,398.0778761,400.736963,394.9263322,397.5854492,255656,216381.9,1.19,37,10.91,27.02,7.42
11/06/2023,397.9793852,398.9149782,394.7786107,397.0437622,213445,216087.1,1.19,37,10.91,26.98,7.41
11/07/2023,394.7785966,399.4566515,393.7937429,399.3089294,222053,217319.9,1.18,37.2,10.91,27.14,7.46
11/08/2023,399.8505915,411.7673269,399.1611819,409.1574707,528870,222679.9,1.16,38.1,10.91,27.81,7.64
11/09/2023,408.7142719,413.2938354,406.3013683,412.6536865,290734,224582.8,1.15,38.4,10.91,28.04,7.71
11/10/2023,410.2900592,410.634764,405.7104955,407.975647,328075,222036.8,1.16,38,10.91,27.73,7.62
13/11/2023,408.5172899,409.4036823,405.1195628,408.3695679,369666,222251.1,1.16,38,10.91,27.75,7.63
14/11/2023,409.305201,420.4832965,409.1082183,418.1688843,441537,227584.4,1.13,38.9,10.91,28.42,7.81
15/11/2023,418.5628067,422.6499434,417.4794617,417.4794617,291497,227209.1,1.13,38.9,10.91,28.37,7.8
16/11/2023,418.6120586,419.646173,414.3771997,414.6234131,310737,225654.8,1.14,38.6,10.91,28.18,7.74
17/11/2023,416.1498979,418.4150793,415.0665829,417.528717,397790,227235.9,1.13,38.9,10.91,28.38,7.8
20/11/2023,416.3468837,419.0552312,414.8203725,415.36203,269285,226056.8,1.14,38.7,10.91,28.23,7.76
21/11/2023,414.3771953,419.2029724,414.3771953,419.2029724,200719,228147.1,1.13,39,10.91,28.49,7.83
22/11/2023,418.562801,424.6689057,417.8733915,423.1423645,245171,230291.1,1.12,39.4,10.91,28.76,7.9
23/11/2023,423.3393618,425.2105778,422.0098033,422.7484436,136751,230076.7,1.12,39.4,10.91,28.73,7.89
24/11/2023,422.4037357,424.9151306,421.8620782,424.9151306,217147,231255.9,1.11,39.6,10.91,28.88,7.94
27/11/2023,424.7673929,428.4113636,424.3734574,426.3924255,213153,232059.9,1.11,39.7,10.91,28.98,7.96
28/11/2023,424.9643541,424.9643541,418.1196091,424.1764832,251664,230853.9,1.11,39.5,10.91,28.83,7.92
29/11/2023,425.309082,428.2143825,423.7333101,425.309082,267351,231470.4,1.11,39.6,10.91,28.9,7.94
30/11/2023,425.3090802,426.6386387,420.5817644,424.5211792,955323,231041.5,1.11,39.5,10.91,28.85,7.93
12/01/2023,427.8204209,430.1840637,427.0817807,429.5439148,261151,233775.1,1.1,40,10.91,29.19,8.02
12/04/2023,428.3128549,431.4643987,428.1651329,430.2825623,159599,234177.1,1.1,40.1,10.91,29.24,8.04
12/05/2023,431.5136446,433.5326127,430.9227263,433.0894165,247347,235704.7,1.09,40.3,10.91,29.43,8.09
12/06/2023,432.8432005,435.7485309,432.4984957,434.7144165,262066,236589,1.09,40.5,10.91,29.54,8.12
12/07/2023,432.8924241,433.8772778,431.1196995,432.1045532,272546,235168.7,1.09,40.2,10.91,29.37,8.07
12/08/2023,431.4644108,437.1273195,431.4644108,435.2561035,257093,236883.9,1.09,40.5,10.91,29.58,8.13
12/11/2023,434.6159244,437.8166989,433.7295621,437.1273193,289238,237902.3,1.08,40.7,10.91,29.71,8.16
12/12/2023,437.176546,440.8697474,436.9303326,437.964447,277227,237792.3,1.08,40.8,10.91,29.76,8.18
13/12/2023,439.2939827,443.1349362,438.6538338,438.7030945,290507,238193.4,1.08,40.8,10.91,29.81,8.19
14/12/2023,445.9910056,448.3546485,434.5666966,436.8318481,457386,237177.4,1.08,40.7,10.91,29.69,8.16
15/12/2023,437.1273205,440.9682439,431.9568386,439.7864075,629804,238781.6,1.07,40.9,10.91,29.89,8.21
18/12/2023,438.2106563,440.6727905,435.1083432,440.6727905,277973,239262.8,1.07,41,10.91,29.95,8.23
19/12/2023,440.1310979,453.0326869,427.524983,443.9227905,316837,241027.4,1.06,41.3,10.91,30.17,8.29
20/12/2023,444.1690201,446.3849409,442.2485434,442.4455261,234275,240225.4,1.07,41.2,10.91,30.07,8.26
21/12/2023,441.7561127,443.7750808,440.3773236,441.411438,174470,239663.9,1.07,41.1,10.91,30,8.24
22/12/2023,438.949285,442.6917169,438.1121534,440.7712402,172262,239316.4,1.07,41,10.91,29.96,8.23
27/12/2023,442.6917406,443.2333981,439.2447526,441.9038696,128642,239931.3,1.07,41.1,10.91,30.03,8.25
28/12/2023,444.1690029,445.40007,442.5440004,444.464447,165203,241321.6,1.06,41.4,10.91,30.21,8.3
29/12/2023,444.2182458,446.6311493,443.2333921,443.8243103,137134,240973.9,1.07,41.3,10.91,30.16,8.29
01/02/2024,446.1879608,447.1728145,433.3356319,437.078064,239201,237311.1,1.08,40.7,10.91,29.7,8.16
01/03/2024,437.1765378,439.6879327,430.0363487,432.1537781,280587,234637.5,1.09,40.2,10.91,29.37,8.07
01/04/2024,429.8886374,431.9075754,428.854553,430.725769,277913,233862.1,1.1,40.1,10.91,29.27,8.04
01/05/2024,426.737076,429.0514881,422.6992,427.672699,195961,232204.4,1.11,39.8,10.91,29.07,7.99
01/08/2024,426.0477124,434.0250334,425.7522383,431.8091125,190182,234450.3,1.09,40.2,10.91,29.35,8.06
01/09/2024,431.5136214,433.8280334,427.9189115,433.8280334,183083,235546.5,1.09,40.4,10.91,29.48,8.1
01/10/2024,435.6992752,435.6992752,432.0553345,433.3356323,195251,235279.1,1.09,40.3,10.91,29.45,8.09
01/11/2024,434.0742565,437.7182271,433.0894028,434.8128967,218560,236081.3,1.09,40.5,10.91,29.55,8.12
01/12/2024,434.8621463,440.1803804,432.7939775,438.6538391,222113,238166.6,1.08,40.8,10.91,29.81,8.19
15/01/2024,431.3659013,431.562884,417.7749329,417.7749329,304876,226830.4,1.13,38.9,10.91,28.39,7.8
16/01/2024,415.657497,419.9908774,414.2294772,418.3658447,265251,227151.4,1.13,38.9,10.91,28.43,7.81
17/01/2024,412.35826,417.4302506,410.6839967,415.7067566,336783,225707.6,1.14,38.7,10.91,28.25,7.76
18/01/2024,414.8696216,420.5325304,413.8847679,419.7446594,272222,227899.9,1.13,39.1,10.91,28.53,7.84
19/01/2024,422.305255,422.9946646,417.7256913,419.7446594,227092,227899.9,1.13,39.1,10.91,28.53,7.84
22/01/2024,422.9946442,423.2900883,417.282505,418.3165894,239975,227124.6,1.13,38.9,10.91,28.43,7.81
23/01/2024,420.7295097,421.0741845,416.8393256,420.0401001,202126,228060.3,1.13,39.1,10.91,28.55,7.84
24/01/2024,418.3165997,423.6348035,418.3165997,422.5022278,307273,229397.1,1.12,39.3,10.91,28.71,7.89
25/01/2024,423.3393736,426.3431654,421.7636016,425.8507385,255612,231215.2,1.11,39.6,10.91,28.94,7.95
26/01/2024,429.3961936,439.737157,429.3961936,438.3583679,338010,238006.3,1.08,40.8,10.91,29.79,8.19
29/01/2024,436.6348939,441.3129489,435.3053354,437.9151917,251397,237765.6,1.08,40.8,10.91,29.76,8.18
30/01/2024,438.7523207,443.6273585,438.4568766,439.5401917,210482,238647.9,1.08,40.9,10.91,29.87,8.21
31/01/2024,438.2598911,441.9530924,437.4720202,437.964447,385243,237792.3,1.08,40.8,10.91,29.76,8.18
02/01/2024,440.6727904,442.5440063,437.1765418,442.5440063,227448,240278.9,1.07,41.2,10.91,30.08,8.26
02/02/2024,443.8243121,447.0743473,439.6879446,440.869751,224923,239369.8,1.07,41,10.91,29.96,8.23
02/05/2024,439.9833931,448.8470764,439.0970307,448.8470764,243165,243701.1,1.05,41.8,10.91,30.5,8.38
02/06/2024,450.8167728,453.6236118,443.9720277,447.0743408,234458,242738.6,1.06,41.6,10.91,30.38,8.35
02/07/2024,446.0895009,447.6652428,443.7258279,445.3508606,259791,241802.8,1.06,41.5,10.91,30.27,8.32
02/08/2024,446.1387159,451.6046418,443.9720258,446.286438,240248,242310.8,1.06,39.2,11.55,30.33,8.33
02/09/2024,415.60827,423.930296,410.7824928,412.4567261,904418,223943,1.58,36.3,11.55,28.03,7.7
02/12/2024,416.5438837,428.3621281,416.5438837,422.1575317,420869,229209.9,1.54,37.1,11.55,28.69,7.88
13/02/2024,422.9454143,425.2597964,418.7597863,421.5173645,265149,228862.4,1.54,37.1,11.55,28.65,7.87
14/02/2024,422.9946704,425.407574,420.7295188,424.767395,248812,230627.1,1.53,37.3,11.55,28.87,7.93
15/02/2024,428.2143596,433.5818241,425.9492082,431.1196899,426766,234076,1.51,37.9,11.55,29.3,8.05
16/02/2024,434.1234774,437.4720039,432.6461969,435.6992493,289962,236562.4,1.49,38.3,11.55,29.61,8.14
19/02/2024,435.4038067,435.4038067,431.7106055,434.6159058,129207,235974.3,1.5,38.2,11.55,29.54,8.12
20/02/2024,433.1879022,438.0136792,432.8431974,436.8811035,169958,237204.2,1.49,38.4,11.55,29.69,8.16
21/02/2024,437.9151723,440.0326016,436.093187,437.8166809,195482,237712.2,1.48,38.5,11.55,29.75,8.18
22/02/2024,440.5743099,447.3205638,440.4758185,444.3167419,317754,241241.3,1.46,39.1,11.55,30.2,8.3
23/02/2024,446.4834171,449.9796356,443.381134,443.381134,334870,240733.3,1.47,39,11.55,30.13,8.28
26/02/2024,445.0553774,446.7296407,442.7409652,443.8243103,234265,240973.9,1.46,39,11.55,30.16,8.29
27/02/2024,444.1689976,446.5326404,441.5591414,444.5137024,184881,241348.3,1.46,39.1,11.55,30.21,8.3
28/02/2024,443.8735744,445.1538722,438.456879,439.7864075,195164,238781.6,1.48,38.7,11.55,29.89,8.21
29/02/2024,439.5401906,441.3129453,433.5818378,435.0098877,617052,236188.1,1.49,38.2,11.55,29.56,8.12
03/01/2024,436.0932051,437.521255,430.6272791,435.2561035,228320,236321.8,1.49,38.3,11.55,29.58,8.13
03/04/2024,435.9947412,437.6197438,432.744706,436.8811035,197177,237204.2,1.49,38.4,11.55,29.69,8.16
03/05/2024,436.3886875,438.4076256,430.3318431,431.7106323,203544,234396.9,1.51,38,11.55,29.34,8.06
03/06/2024,429.4947033,432.2522816,422.354514,431.5136414,225136,234289.9,1.51,37.9,11.55,29.33,8.06
03/07/2024,429.1499826,438.7030751,428.6083251,438.6045837,255416,238140,1.48,38.6,11.55,29.81,8.19
03/08/2024,438.9000444,443.8243129,438.0629127,442.1993103,220303,240091.7,1.47,38.9,11.55,30.05,8.26
03/11/2024,440.7220226,443.627353,439.8356603,441.4606628,157845,239690.6,1.47,38.8,11.55,30,8.24
03/12/2024,442.2978049,444.316743,437.1273229,443.7750854,253598,240947.3,1.46,39,11.55,30.16,8.29
13/03/2024,444.3659956,448.9455592,443.676586,447.3205566,284887,242872.2,1.45,39.3,11.55,30.4,8.35
14/03/2024,448.1084235,450.5705577,443.3318771,444.4152222,248468,241294.8,1.46,39.1,11.55,30.2,8.3
15/03/2024,443.0856573,447.1235633,438.9492899,439.3924561,657341,238567.6,1.48,38.6,11.55,29.86,8.21
18/03/2024,441.3129311,442.1992934,433.5818238,434.8621216,162865,236108,1.49,38.2,11.55,29.55,8.12
19/03/2024,434.3204733,435.2560963,430.9227161,434.5174561,189552,235920.8,1.5,38.2,11.55,29.53,8.11
20/03/2024,432.1045646,433.7295672,428.2636411,430.1348572,247616,233541.3,1.51,37.8,11.55,29.23,8.03
21/03/2024,432.2522756,432.5477497,424.4227068,428.3621216,396357,232578.8,1.52,37.7,11.55,29.11,8
22/03/2024,426.3924285,428.0666618,422.6992271,426.0969543,337716,231348.9,1.53,37.5,11.55,28.96,7.96
25/03/2024,424.4227116,429.4454414,421.6158726,428.8545532,271836,232846.1,1.52,37.7,11.55,29.15,8.01
26/03/2024,428.6083254,431.8583304,425.8014864,427.3772583,257201,232044,1.52,37.6,11.55,29.05,7.98
27/03/2024,425.3583018,433.8772802,425.3583018,432.350769,247743,234744.4,1.5,38,11.55,29.38,8.07
28/03/2024,432.0553337,435.1576169,431.07048,432.006073,312490,234557.2,1.5,38,11.55,29.36,8.07
04/02/2024,431.1689225,435.4038113,423.5855673,424.422699,290588,230439.9,1.53,37.3,11.55,28.84,7.93
04/03/2024,424.8658767,425.8507304,413.6385506,414.9681091,497628,225306.6,1.57,36.5,11.55,28.2,7.75
04/04/2024,413.6385604,414.6234141,408.7142918,414.0817566,293023,224825.3,1.57,36.4,11.55,28.14,7.73
04/05/2024,409.1082141,411.0286908,404.9718467,406.4491272,389263,220681.1,1.6,35.7,11.55,27.62,7.59
04/08/2024,403.3467997,407.7294105,401.6725665,404.9718323,330407,219879,1.61,35.6,11.55,27.52,7.56
04/09/2024,404.2824273,409.5021396,403.7407698,409.2066956,256289,222178.4,1.59,36,11.55,27.81,7.64
04/10/2024,411.1764287,412.0627911,405.1195844,408.7142944,234569,221911,1.59,35.9,11.55,27.78,7.63
04/11/2024,409.0589935,415.5590339,408.9112714,412.5059814,246278,223969.8,1.58,36.3,11.55,28.03,7.7
04/12/2024,415.1158388,418.9075316,406.0551726,408.2218628,290016,221643.7,1.59,35.9,11.55,27.74,7.62
15/04/2024,409.3051927,412.062771,407.8771429,409.1574707,284089,222151.6,1.59,36,11.55,27.81,7.64
16/04/2024,404.9718513,410.4377772,404.1347196,408.8127747,321389,221964.6,1.59,35.9,11.55,27.78,7.63
17/04/2024,413.2445975,417.4794562,411.5703343,411.9150391,332435,223648.9,1.58,36.2,11.55,27.99,7.69
18/04/2024,412.3089833,418.0211526,411.422621,417.184021,334531,226509.7,1.56,36.7,11.55,28.35,7.79
19/04/2024,442.1993083,442.2485389,433.2371337,438.2106628,872566,237926,1.48,38.5,11.55,29.78,8.18
22/04/2024,439.7371602,440.9189966,431.8091003,434.3204651,283116,235813.9,1.5,38.2,11.55,29.52,8.11
23/04/2024,436.5856199,438.8015407,433.2863842,434.0250244,259207,235653.4,1.5,38.2,11.55,29.5,8.11
24/04/2024,432.9416992,439.2939877,432.498503,433.5818481,219621,235412.8,1.5,38.1,11.55,29.47,8.1
25/04/2024,437.0780541,437.1765454,424.4227082,429.1499939,320732,233006.6,1.51,37.7,11.55,29.17,8.01
26/04/2024,430.25,436.75,430.25,435.6499939,231165,232953.1,1.51,37.7,11.55,29.16,8.01
29/04/2024,436.5499878,440.75,436.1000061,436.5,248368,233407.6,1.51,37.8,11.55,29.22,8.03
30/04/2024,440.4500122,443.75,438.7000122,439.6499939,371514,235091.9,1.5,38.1,11.55,29.43,8.09
05/02/2024,436,437.8999939,432.8999939,436.7000122,369417,233514.5,1.51,37.8,11.55,29.23,8.03
05/03/2024,437.5,444.1499939,434.6000061,440.8999939,222091,235760.4,1.5,38.2,11.55,29.51,8.11
05/06/2024,440.75,445.5,440.75,443,192470,236883.3,1.49,38.4,11.55,29.65,8.15
05/07/2024,444.2000122,445.8999939,438.7999878,444.8999939,204116,237899.3,1.48,38.5,11.55,29.78,8.18
05/08/2024,444.6499939,449.7000122,443.9500122,447.0499878,241203,239049,1.48,38.7,11.55,29.92,8.22
05/09/2024,446.4500122,454.1499939,445.5499878,453.8500061,207220,242685.1,1.45,39.3,11.55,30.38,8.35
05/10/2024,454,455.5499878,451.5499878,453.4500122,370623,242471.2,1.46,39.3,11.55,30.35,8.34
13/05/2024,452.75,456.8999939,452.75,455.5499878,233367,243594.2,1.45,39.4,11.55,30.49,8.38
14/05/2024,456.6000061,457.9500122,453,456.8999939,227548,244315.9,1.44,39.6,11.55,30.58,8.4
15/05/2024,457.9500122,458.3999939,451.6499939,456.7999878,188877,244262.6,1.44,39.6,11.55,30.57,8.4
16/05/2024,455.6499939,457.4500122,452.25,453.5,201807,242497.9,1.46,39.3,11.55,30.35,8.34
17/05/2024,452.1000061,453.1000061,446.4500122,447.6000061,363089,239343.1,1.47,38.8,11.55,29.96,8.23
20/05/2024,448.3500061,451.2000122,447.8500061,448.8999939,96084,240038.1,1.47,38.9,11.55,30.05,8.26
21/05/2024,448.3999939,448.5499878,443.6000061,447.5499878,209827,239316.4,1.47,38.8,11.55,29.96,8.23
22/05/2024,445.7000122,454.9500122,445,453.3999939,340995,242444.4,1.46,39.3,11.55,30.35,8.34
23/05/2024,454.4500122,455.25,449,450.9500122,206321,241134.4,1.46,39,11.55,30.18,8.29
24/05/2024,447.5499878,451.5,446.75,447.3500061,149378,239209.4,1.48,38.7,11.55,29.94,8.23
27/05/2024,446.0499878,449.8999939,445.5,449.3500061,113191,240278.9,1.47,38.9,11.55,30.08,8.26
28/05/2024,448.9500122,450.2999878,444.1499939,445.6499939,153599,238300.3,1.48,38.6,11.55,29.83,8.2
29/05/2024,444,444.6000061,438.25,440.2999878,205435,235439.6,1.5,38.1,11.55,29.47,8.1
30/05/2024,441.5499878,445.2999878,440.9500122,444.7000122,239776,237792.3,1.48,38.5,11.55,29.76,8.18
31/05/2024,444.9500122,452.1000061,443.4500122,452.1000061,1047145,241749.4,1.46,39.1,11.55,30.26,8.31
06/03/2024,452.6499939,455.5,446.3999939,449.25,184148,240225.4,1.47,38.9,11.55,30.07,8.26
06/04/2024,449.2999878,456.3999939,448.5499878,452.1000061,235651,241749.4,1.46,39.1,11.55,30.26,8.31
06/05/2024,454.8999939,457.7999878,451.5,455.6000061,173307,243620.9,1.45,39.4,11.55,30.49,8.38
06/06/2024,457.1499939,461.8500061,456.1499939,456.1499939,225230,243914.9,1.45,39.5,11.55,30.53,8.39
06/07/2024,456.6000061,458,452.8500061,455.3500061,226559,243487.3,1.45,39.4,11.55,30.48,8.37
06/10/2024,448.3500061,456.5,447.5,452.5499878,277413,241990,1.46,39.2,11.55,30.29,8.32
06/11/2024,454.3999939,457.25,449.1499939,451.3999939,264053,241374.9,1.46,39.1,11.55,30.21,8.3
06/12/2024,451.3999939,457.1499939,450.7999878,455.3500061,241125,243487.3,1.45,39.4,11.55,30.48,8.37
13/06/2024,455.0499878,456.2000122,447.75,450.8999939,235509,241107.6,1.46,39,11.55,30.18,8.29
14/06/2024,449.3500061,450.5,438.2000122,440.4500122,413761,235519.8,1.5,38.1,11.55,29.48,8.1
17/06/2024,444.1499939,447.1499939,441.4500122,446.8999939,245796,238968.7,1.48,38.7,11.55,29.91,8.22
18/06/2024,446.75,446.7999878,438.0499878,441.5499878,320264,236108,1.49,38.2,11.55,29.55,8.12
19/06/2024,440.2999878,440.6000061,431.2000122,436.6499939,258454,233487.8,1.51,37.8,11.55,29.23,8.03
20/06/2024,437.7999878,442.6499939,436.0499878,442.6499939,227587,236696.1,1.49,38.3,11.55,29.63,8.14
21/06/2024,440.4500122,442.7000122,438.4500122,440.6499939,610562,235626.7,1.5,38.2,11.55,29.49,8.1
24/06/2024,440.7000122,444.0499878,440,442.1000061,247870,236402.1,1.49,38.3,11.55,29.59,8.13
25/06/2024,441.6000061,442.3500061,434.9500122,436.5,278202,233407.6,1.51,37.8,11.55,29.22,8.03
26/06/2024,437.6499939,439.6499939,434.5499878,437.6000061,257453,233995.9,1.51,37.9,11.55,29.29,8.05
27/06/2024,437.3999939,441.3500061,415.1499939,422.8500061,376713,226108.7,1.56,36.6,11.55,28.3,7.78
28/06/2024,418,419.1000061,407.0499878,410.0499878,647562,219264.1,1.61,35.5,11.55,27.45,7.54
07/01/2024,414.3999939,416.9500122,411.6000061,412.25,318675,220440.5,1.6,35.7,11.55,27.59,7.58
07/02/2024,409,409,403.1499939,405.6499939,407257,216911.3,1.63,35.1,11.55,27.15,7.46
07/03/2024,409.2000122,411.2999878,405.4500122,405.4500122,393750,216804.4,1.63,35.1,11.55,27.14,7.46
07/04/2024,409.7000122,409.8999939,407.8999939,408,292007,218167.9,1.62,35.3,11.55,27.31,7.5
07/05/2024,410,411.8500061,408.2000122,410.0499878,234261,219264.1,1.61,35.5,11.55,27.45,7.54
07/08/2024,409.5,413.6499939,405.4500122,405.4500122,289852,216804.4,1.63,35.1,11.55,27.14,7.46
07/09/2024,405,408.2000122,398,400.0499878,351971,213916.9,1.65,34.6,11.55,26.78,7.36
07/10/2024,400.0499878,404,397.8500061,403.3999939,246908,215708.1,1.64,34.9,11.55,27,7.42
07/11/2024,405,408.1000061,403,405.5,263570,216831.1,1.63,35.1,11.55,27.14,7.46
07/12/2024,407.4500122,413.4500122,406.2000122,412.6000061,245922,220627.8,1.6,35.7,11.55,27.62,7.59
15/07/2024,410,413.1499939,404.9500122,406.2999878,254374,217258.9,1.62,35.2,11.55,27.19,7.47
16/07/2024,400.5,402.8500061,399.4500122,400,319268,213890.1,1.65,34.6,11.55,26.77,7.36
17/07/2024,400.3999939,406.5,400,403.5499878,267552,215788.4,1.64,34.9,11.55,27.01,7.42
18/07/2024,408,409.4500122,404.5,406.2000122,297965,217205.4,1.62,35.2,11.55,27.19,7.47
19/07/2024,405.0499878,407.5,403.1000061,404.4500122,340783,216269.6,1.63,35,11.55,27.07,7.44
22/07/2024,407.3500061,410.3500061,406.8999939,409.3500061,227392,218889.8,1.61,35.4,11.55,27.4,7.53
23/07/2024,408.1000061,409.5499878,403.25,404.7000122,239520,216403.3,1.63,35,11.55,27.09,7.44
24/07/2024,398.8999939,400.3500061,394.1000061,398.25,278653,212954.4,1.66,34.5,11.55,26.66,7.32
25/07/2024,400.8500061,401.8500061,389.3999939,392.3500061,303762,209799.6,1.68,34,11.55,26.26,7.22
26/07/2024,390.3999939,399.5,390.2999878,398.7999878,235692,213248.4,1.65,34.5,11.55,26.69,7.33
29/07/2024,400.1499939,400.8999939,392.6000061,392.6000061,215530,209933.2,1.68,34,11.55,26.28,7.22
30/07/2024,392.25,394.8500061,387.1000061,392.2999878,400102,209772.8,1.68,32.4,12.11,26.26,7.22
31/07/2024,400,402.7999878,390.5499878,400.6499939,692755,214237.6,1.65,33.1,12.11,26.82,7.37
08/01/2024,394.25,397.7000122,387.8500061,387.8500061,436957,207482.6,1.7,32,12.11,25.96,7.13
08/02/2024,385.6499939,389.0499878,379.2000122,381.0499878,467572,203844.9,1.73,31.5,12.11,25.5,7.01
08/05/2024,381.7999878,386.0499878,374,384.9500122,515553,205931.2,1.71,31.8,12.11,25.77,7.08
08/06/2024,386.75,388,382.2000122,385.25,520672,206091.7,1.71,31.8,12.11,25.79,7.09
08/07/2024,384.7999878,392.5,382.6499939,391,552850,209167.7,1.69,32.3,12.11,26.17,7.19
08/08/2024,389.1000061,389.25,382.2999878,386,441215,206492.9,1.71,31.9,12.11,25.84,7.1
08/09/2024,384.6499939,387.2999878,381.7000122,382.75,397947,204754.3,1.72,31.6,12.11,25.62,7.04
08/12/2024,384,384.8999939,376.25,376.6499939,431478,201491,1.75,31.1,12.11,25.21,6.93
13/08/2024,378.3999939,378.7000122,374.6000061,376.7999878,358514,201571.3,1.75,31.1,12.11,25.22,6.93
14/08/2024,387.1000061,388,376.3999939,380.5499878,424974,203577.4,1.73,31.4,12.11,25.47,7
15/08/2024,381,387.3999939,379.5,384.2000122,332554,205529.9,1.72,31.7,12.11,25.72,7.07
16/08/2024,384.5499878,385.4500122,382.8999939,385.3500061,286711,206145.2,1.71,31.8,12.11,25.79,7.09
19/08/2024,384.9500122,387.3500061,381.6499939,385.7000122,221710,206332.4,1.71,31.8,12.11,25.82,7.09
20/08/2024,386.2999878,387.8999939,384.5499878,385.1000061,190101,206011.5,1.71,31.8,12.11,25.78,7.08
21/08/2024,385.3500061,391.4500122,385.3500061,390.5,220875,208900.2,1.69,32.2,12.11,26.14,7.18
22/08/2024,391.6499939,393.7999878,390.3500061,392.25,226043,209836.4,1.68,32.4,12.11,26.25,7.21
23/08/2024,392.9500122,395.9500122,391.6000061,394.3999939,230308,210986.5,1.67,32.6,12.11,26.4,7.25
26/08/2024,394.5,396.2000122,393.5,395.2999878,144111,211468,1.67,32.6,12.11,26.46,7.27
27/08/2024,396.25,397.1499939,392.25,392.25,176738,209836.4,1.68,32.4,12.11,26.25,7.21
28/08/2024,392.8999939,393.75,390.7000122,391.3999939,192263,209381.6,1.69,32.3,12.11,26.2,7.2
29/08/2024,392.1499939,398.6499939,392.1499939,398.5499878,218454,213206.6,1.66,32.9,12.11,26.68,7.33
30/08/2024,396.5,400.6499939,396.1000061,396.6000061,403906,212163.5,1.66,32.7,12.11,26.55,7.29
09/02/2024,396.2000122,396.25,392.6000061,395.3500061,143074,211494.8,1.67,32.6,12.11,26.46,7.27
09/03/2024,394.6499939,399.5499878,394.6000061,397.5,218859,212644.9,1.66,32.8,12.11,26.61,7.31
09/04/2024,393.2999878,395.2999878,389.2999878,391.4500122,346509,209408.4,1.69,32.3,12.11,26.2,7.2
09/05/2024,391.5499878,393.9500122,385.25,387.5499878,304795,207322.1,1.7,32,12.11,25.94,7.13
09/06/2024,385.25,388.5499878,381.5499878,382.7999878,364186,204781.1,1.72,31.6,12.11,25.62,7.04
09/09/2024,383.3500061,384.6499939,380.5499878,383.5499878,225495,205182.3,1.72,31.7,12.11,25.67,7.05
09/10/2024,382.25,385.1000061,376.5499878,376.5499878,384642,201437.6,1.75,31.1,12.11,25.2,6.93
09/11/2024,374.6000061,379.0499878,367.7000122,367.7000122,651291,196703.2,1.79,30.4,12.11,24.61,6.76
09/12/2024,371.4500122,372.2999878,364.5499878,365.2000122,555702,195365.8,1.81,30.1,12.11,24.44,6.72
13/09/2024,365.2000122,369.3500061,364.8999939,366.6499939,384052,196141.4,1.8,30.3,12.11,24.54,6.74
16/09/2024,366.1499939,371,365.6499939,365.8999939,395694,195740.3,1.8,30.2,12.11,24.49,6.73
17/09/2024,368,371.2000122,366.0499878,368.3500061,537481,197051,1.79,30.4,12.11,24.65,6.77
18/09/2024,368,368.9500122,364.6499939,365.7999878,366658,195686.8,1.8,30.2,12.11,24.48,6.73
19/09/2024,371.7999878,379,367,379,477913,202748.2,1.74,31.3,12.11,25.37,6.97
20/09/2024,376.6000061,377.4500122,369.8999939,370.5,797929,198201.1,1.78,30.6,12.11,24.8,6.81
23/09/2024,370.3500061,371,367.0499878,367.7999878,284017,196756.8,1.79,30.4,12.11,24.62,6.76
24/09/2024,375.8500061,383.5499878,375.7000122,383.2999878,487130,205048.6,1.72,31.6,12.11,25.66,7.05
25/09/2024,381.75,386.7999878,380.1499939,382.0499878,299845,204379.8,1.73,31.5,12.11,25.57,7.03
26/09/2024,391.1499939,408.6499939,391.0499878,408.6499939,768768,218609.6,1.62,33.7,12.11,27.35,7.52
27/09/2024,411.6000061,413.2000122,403.8999939,405.9500122,617812,217165.3,1.63,33.5,12.11,27.17,7.47
30/09/2024,407.1000061,408.4500122,402.0499878,402.0499878,431250,215078.9,1.64,33.2,12.11,26.91,7.39
10/01/2024,399.8500061,400.5,388.8999939,391.6000061,361455,209488.7,1.69,32.3,12.11,26.21,7.2
10/02/2024,393.5499878,399.4500122,391.5,394.2999878,355807,210933.1,1.67,32.6,12.11,26.39,7.25
10/03/2024,393.1499939,394.1499939,388.7000122,389.7000122,282275,208472.2,1.69,32.2,12.11,26.08,7.17
10/04/2024,388.5,396.75,385.8500061,393.3500061,389670,210424.9,1.68,32.5,12.11,26.33,7.23
10/07/2024,395.1499939,398.5,392.5,394.5499878,324712,211066.8,1.67,32.6,12.11,26.41,7.26
10/08/2024,386.75,389,381.3500061,386.8999939,332758,206974.3,1.71,31.9,12.11,25.9,7.12
10/09/2024,390.75,392.5,387.7999878,390,212011,208632.8,1.69,32.2,12.11,26.1,7.17
10/10/2024,388.7000122,390.4500122,386.5,390,272610,208632.8,1.69,32.2,12.11,26.1,7.17
10/11/2024,389.8999939,394.6000061,388,394.6000061,266653,211093.6,1.67,32.6,12.11,26.41,7.26
14/10/2024,391.8500061,393.2999878,388.25,391.5499878,282213,209461.9,1.69,32.3,12.11,26.21,7.2
15/10/2024,385,389.3500061,375.1000061,376.3999939,631888,200866.9,1.75,31.1,12.11,25.19,6.92
16/10/2024,346.2000122,373,346.2000122,368.2000122,856747,196491,1.79,30.4,12.11,24.64,6.77
17/10/2024,372.3500061,376.3500061,368.5,372.1499939,442359,198844.1,1.77,30.7,12.11,24.91,6.84
18/10/2024,372.1499939,376.2999878,371.4500122,372.7000122,297442,199138,1.77,30.8,12.11,24.95,6.85
21/10/2024,370.75,374.4500122,363.1000061,363.7000122,291564,194329.2,1.81,30,12.11,24.34,6.69
22/10/2024,364.0499878,368.6000061,362.7000122,367.25,269645,196226,1.8,30.3,12.11,24.58,6.75
23/10/2024,355.1499939,360.6000061,350.3500061,358.1000061,642274,191337.1,1.84,29.6,12.11,23.97,6.59
24/10/2024,359.75,364,357.7999878,358.7000122,360703,191657.6,1.84,29.6,12.11,24.01,6.6
25/10/2024,358.6499939,358.7999878,354.6499939,355.6499939,299447,190027.9,1.86,29.4,12.11,23.8,6.54
28/10/2024,358.7999878,360.8999939,356.6499939,359.5499878,317300,192111.9,1.84,29.7,12.11,24.07,6.61
29/10/2024,361.4500122,362.3999939,354.3500061,355.6000061,307733,190001.4,1.86,29.4,12.11,23.8,6.54
30/10/2024,350.3999939,351.8500061,343.3500061,348.7000122,451318,186314.5,1.89,28.8,12.11,23.34,6.41
31/10/2024,348.3999939,348.3999939,337.1499939,344.25,783645,183936.9,1.92,28.4,12.11,23.04,6.33
11/01/2024,342.1499939,348.9500122,342.1499939,346.5,376364,185139.1,1.9,28.6,12.11,23.19,6.37
11/04/2024,345.25,349.25,344.0499878,344.3999939,274294,184016.9,1.92,28.4,12.11,23.05,6.33
11/05/2024,345.3500061,347.2999878,343.7999878,347.2999878,329243,185566.6,1.9,28.7,12.11,23.25,6.39
11/06/2024,347.2999878,353.4500122,337.4500122,337.7000122,643135,180437.1,1.95,27.9,12.11,22.6,6.21
11/07/2024,337.8500061,345.9500122,337.0499878,345.9500122,554776,184845.2,1.91,28.6,12.11,23.16,6.36
11/08/2024,345.2000122,345.7999878,334.2000122,334.7000122,453341,178834.1,1.97,27.6,12.11,22.4,6.16
11/11/2024,340.25,340.7999878,335.5499878,337,360985,180063.1,1.96,27.8,12.11,22.56,6.2
11/12/2024,332.6499939,333.8500061,328.2000122,329,459132,175788.6,2.01,27.2,12.11,22.02,6.05
13/11/2024,327.6000061,330.7000122,324.75,326.9500122,554073,174693.3,2.02,27,12.11,21.88,6.01
14/11/2024,328.1499939,331.8500061,326.1000061,329.7999878,486533,176216.1,2,27.2,12.11,22.07,6.07
15/11/2024,327.1000061,328.7000122,325.2000122,327.2000122,410573,174826.8,2.02,27,12.11,21.9,6.02
18/11/2024,327.25,327.3999939,323.3500061,324.8999939,296309,173597.9,2.03,26.8,12.11,21.75,5.98
19/11/2024,325.75,326.6499939,318.8500061,321.9500122,412736,172021.7,2.05,26.6,12.11,21.55,5.92
20/11/2024,324.3999939,324.6499939,320.2000122,320.2000122,282177,171086.6,2.06,26.4,12.11,21.43,5.89
21/11/2024,319.6499939,324.2000122,316.2999878,322.8999939,401865,172529.3,2.04,26.7,12.11,21.61,5.94
22/11/2024,324.1499939,331.1000061,323.1000061,329.0499878,477166,175815.3,2.01,27.2,12.11,22.02,6.05
25/11/2024,332.8999939,336.0499878,329.8500061,333.7000122,724569,178299.8,1.98,27.5,12.11,22.34,6.14
26/11/2024,331.1499939,336.2999878,328.3999939,332.4500122,322632,177631.9,1.99,27.4,12.11,22.25,6.11
27/11/2024,331,333.3999939,329.6499939,332.8500061,300479,177845.8,1.98,27.5,12.11,22.28,6.12
28/11/2024,333,334.3500061,328.5499878,328.8999939,226380,175735.1,2.01,27.2,12.11,22.01,6.05
29/11/2024,326.1000061,328.9500122,325.2000122,328.6499939,387391,175601.6,2.01,27.1,12.11,22,6.04